
Cadence Innovus(TM) Implementation System.
Copyright 2022 Cadence Design Systems, Inc. All rights reserved worldwide.

Version:	v22.17-s086_1, built Tue Sep 24 10:51:50 PDT 2024
Options:	-stylus 
Date:		Thu Jul  9 05:44:31 2026
Host:		kopo-seongnam (x86_64 w/Linux 3.10.0-1160.el7.x86_64) (20cores*80cpus*Intel(R) Xeon(R) Gold 5218R CPU @ 2.10GHz 28160KB)
OS:		CentOS Linux 7 (Core)

License:
		[05:44:31.158601] Configured Lic search path (22.01-s003): 5280@localhost

		invs	Innovus Implementation System	22.1	Denied
		invsb	Innovus Implementation System Basic	22.1	checkout succeeded
		4 CPU jobs allowed with the current license(s). Use set_multi_cpu_usage to set your required CPU count.


Create and set the environment variable TMPDIR to /home/hah010/Basic_SoC_implementation/5_APR/7_APR/2_TINY_PROJECT/1_Timer/innovus_temp_24680_083ca0d8-dca5-433b-8fee-f6ac1e370f43_kopo-seongnam_hah010_KMOgVb.

Change the soft stacksize limit to 0.2%RAM (770 mbytes). Set global soft_stack_size_limit to change the value.

**INFO:  MMMC transition support version v31-84 

@innovus 1> set_db init_power_nets VDD
@innovus 2> set_db init_ground_nets VSS
@innovus 3> #################################
read_mmmc timer.view
#################################
#@ Begin verbose source timer.view (pre)
@file 1:
@@file 2: create_library_set -name max_timing\
   -timing /home/hah010/Basic_SoC_implementation/3_SYN/1_LIB/slow_vdd1v0_basicCells.lib
@file 4:
@@file 5: create_library_set -name min_timing\
   -timing /home/hah010/Basic_SoC_implementation/3_SYN/1_LIB/fast_vdd1v0_basicCells.lib
@file 7:
@@file 8: create_timing_condition -name default_mapping_tc_2\
   -library_sets min_timing
@@file 10: create_timing_condition -name default_mapping_tc_1\
   -library_sets max_timing
@file 12:
@@file 13: create_rc_corner -name rccorners\
   -cap_table /home/hah010/Basic_SoC_implementation/5_APR/4_CAP_TABLE/cln28hpl_1p10m+alrdl_5x2yu2yz_typical.capTbl\
   -pre_route_res 1\
   -post_route_res 1\
   -pre_route_cap 1\
   -post_route_cap 1\
   -post_route_cross_cap 1\
   -pre_route_clock_res 0\
   -pre_route_clock_cap 0\
   -qrc_tech /home/hah010/Basic_SoC_implementation/5_APR/5_QRC_TECH/gpdk045.tch
@file 23:
@@file 24: create_delay_corner -name max_delay\
   -timing_condition {default_mapping_tc_1}\
   -rc_corner rccorners
@@file 27: create_delay_corner -name min_delay\
   -timing_condition {default_mapping_tc_2}\
   -rc_corner rccorners
@file 30:
@@file 31: create_constraint_mode -name sdc_cons\
   -sdc_files\
   /home/hah010/Basic_SoC_implementation/3_SYN/5_SYN/2_TINY_PROJECT/1_Timer/outputs/digtimer_final.sdc 
@file 34:
@@file 35: create_analysis_view -name wc -constraint_mode sdc_cons -delay_corner max_delay
@@file 36: create_analysis_view -name bc -constraint_mode sdc_cons -delay_corner min_delay
@file 37:
@@file 38: set_analysis_view -setup wc -hold bc
@file 39: setPlaceMode -place_global_ignore_scan false
**ERROR: (IMPSE-110):	File 'timer.view' line 39: invalid command name "setPlaceMode".
#@ End verbose source timer.view
invalid command name "setPlaceMode"
    invoked from within
"setPlaceMode -place_global_ignore_scan false"
    (file "timer.view" line 39)
    invoked from within
"::se_source_orig timer.view"
    ("uplevel" body line 1)
    invoked from within
"uplevel [concat ::se_source_orig $args]"
    invoked from within
"if { !$encrypted && !$no_encoding && $encodingName != ""  } {
                  set st [uplevel [concat ::se_source_orig " -encoding " $encodingName "..."
    invoked from within
"if {[::SE::source_verbose_file_state $file_name] == 1} {
              ::SE::source_verbose_start $file_name
              if { !$encrypted && !$no_en..."
    invoked from within
"if {$useTclVerbose} {
          # use tcl internal method
          set st ""
          if {[::SE::source_verbose_file_state $file_name] == 1} {
     ..."
    invoked from within
"if {$largeFile == 1} {
    if {$enableVerbose == 0 && [::SE::isEchoFile] == 1} {
      $putCmd "Sourcing $file_name"
    }
    set st [uplevel [concat..."
    (procedure "source" line 185)
    invoked from within
"source timer.view"
    ("uplevel" body line 1)
    invoked from within
"uplevel #0 {source timer.view}"
**ERROR: **ERROR: (IMPSYT-16031):	Failed to execute command 'read_mmmc timer.view'.For more details, refer to error message from console.

#################################
read_physical -lef {../../../3_LEF/gsclib045_tech.lef ../../../3_LEF/gsclib045_macro.lef}
#################################

Loading LEF file ../../../3_LEF/gsclib045_tech.lef ...
Set DBUPerIGU to M2 pitch 400.

Loading LEF file ../../../3_LEF/gsclib045_macro.lef ...
**WARN: (IMPLF-200):	Pin 'A' in macro 'ANTENNA' has no ANTENNAGATEAREA value defined. The library data is incomplete and some process antenna rules will not be checked correctly.
Type 'man IMPLF-200' for more detail.

##  Check design process and node:  
##  Both design process and tech node are not set.

#################################
read_netlist ../../../../3_SYN/5_SYN/2_TINY_PROJECT/1_Timer/outputs/digtimer_netlist.v
#################################
#% Begin Load netlist data ... (date=07/09 05:46:04, mem=1399.7M)
*** Begin netlist parsing (mem=1633.2M) ***
Created 0 new cells from 0 timing libraries.
Reading netlist ...
Backslashed names will retain backslash and a trailing blank character.
Reading verilog netlist '../../../../3_SYN/5_SYN/2_TINY_PROJECT/1_Timer/outputs/digtimer_netlist.v'

*** Memory Usage v#1 (Current mem = 1637.250M, initial mem = 654.375M) ***
*** End netlist parsing (cpu=0:00:00.0, real=0:00:00.0, mem=1637.2M) ***
#% End Load netlist data ... (date=07/09 05:46:04, total cpu=0:00:00.0, real=0:00:00.0, peak res=1403.8M, current mem=1403.8M)
Top level cell is digtimer.
Hooked 0 DB cells to tlib cells.
Starting recursive module instantiation check.
No recursion found.
Building hierarchical netlist for Cell digtimer ...
***** UseNewTieNetMode *****.
*** Netlist is unique.
** info: there are 586 modules.
** info: there are 347 stdCell insts.
** info: there are 347 stdCell insts with at least one signal pin.

*** Memory Usage v#1 (Current mem = 1688.676M, initial mem = 654.375M) ***
**WARN: (IMPFP-3961):	The techSite 'CornerSite' has no related standard cells in the LEF/OA library. The calculations for this site type cannot be made unless standard cell models of this type exist in the LEF/OA library. Ignore this warning if the SITE is not used by the library. Alternatively, remove the SITE definition for the LEF/OA library to avoid this message.
Type 'man IMPFP-3961' for more detail.
**WARN: (IMPFP-3961):	The techSite 'IOSite' has no related standard cells in the LEF/OA library. The calculations for this site type cannot be made unless standard cell models of this type exist in the LEF/OA library. Ignore this warning if the SITE is not used by the library. Alternatively, remove the SITE definition for the LEF/OA library to avoid this message.
Type 'man IMPFP-3961' for more detail.
Start create_tracks
Extraction setup Started 
Initializing multi-corner RC extraction with 1 active RC Corners ...
**WARN: (IMPEXT-6202):	In addition to the technology file, the capacitance table file is specified for all the RC corners. If the technology file  is already specified for all the RC corners, the capacitance table file is not required for pre_route and post_route extraction. In a new session, the capacitance table files can be removed from the create_rc_corner command to enable the technology file to be used for pre_route and post_route (effort level medium/high/signoff) extraction engines.
Type 'man IMPEXT-6202' for more detail.
Reading Capacitance Table File /home/hah010/Basic_SoC_implementation/5_APR/4_CAP_TABLE/cln28hpl_1p10m+alrdl_5x2yu2yz_typical.capTbl ...
Cap table was created using Encounter 10.10-b056_1.
Process name: cln28hpl_1p10m+alrdl_5x2yu2yz_typical.
Set Shrink Factor to 0.90000
Importing multi-corner RC tables ... 
Summary of Active RC-Corners : 
 
 Analysis View: wc
    RC-Corner Name        : rccorners
    RC-Corner Index       : 0
    RC-Corner Temperature : 25 Celsius
    RC-Corner Cap Table   : '/home/hah010/Basic_SoC_implementation/5_APR/4_CAP_TABLE/cln28hpl_1p10m+alrdl_5x2yu2yz_typical.capTbl'
    RC-Corner PreRoute Res Factor         : 1
    RC-Corner PreRoute Cap Factor         : 1
    RC-Corner PostRoute Res Factor        : 1 {1 1 1}
    RC-Corner PostRoute Cap Factor        : 1 {1 1 1}
    RC-Corner PostRoute XCap Factor       : 1 {1 1 1}
    RC-Corner PreRoute Clock Res Factor   : 1	[Derived from postRoute_res (effortLevel low)]
    RC-Corner PreRoute Clock Cap Factor   : 1	[Derived from postRoute_cap (effortLevel low)]
    RC-Corner PostRoute Clock Cap Factor  : 1 {1 1 1} 	[Derived from postRoute_cap (effortLevel low)]
    RC-Corner PostRoute Clock Res Factor  : 1 {1 1 1} 	[Derived from postRoute_res (effortLevel low)]
    RC-Corner PostRoute Clock coupling capacitance Factor : 1 {1 1 1} 
    RC-Corner Technology file: '/home/hah010/Basic_SoC_implementation/5_APR/5_QRC_TECH/gpdk045.tch'
 
 Analysis View: bc
    RC-Corner Name        : rccorners
    RC-Corner Index       : 0
    RC-Corner Temperature : 25 Celsius
    RC-Corner Cap Table   : '/home/hah010/Basic_SoC_implementation/5_APR/4_CAP_TABLE/cln28hpl_1p10m+alrdl_5x2yu2yz_typical.capTbl'
    RC-Corner PreRoute Res Factor         : 1
    RC-Corner PreRoute Cap Factor         : 1
    RC-Corner PostRoute Res Factor        : 1 {1 1 1}
    RC-Corner PostRoute Cap Factor        : 1 {1 1 1}
    RC-Corner PostRoute XCap Factor       : 1 {1 1 1}
    RC-Corner PreRoute Clock Res Factor   : 1	[Derived from postRoute_res (effortLevel low)]
    RC-Corner PreRoute Clock Cap Factor   : 1	[Derived from postRoute_cap (effortLevel low)]
    RC-Corner PostRoute Clock Cap Factor  : 1 {1 1 1} 	[Derived from postRoute_cap (effortLevel low)]
    RC-Corner PostRoute Clock Res Factor  : 1 {1 1 1} 	[Derived from postRoute_res (effortLevel low)]
    RC-Corner PostRoute Clock coupling capacitance Factor : 1 {1 1 1} 
    RC-Corner Technology file: '/home/hah010/Basic_SoC_implementation/5_APR/5_QRC_TECH/gpdk045.tch'
Updating RC Grid density data for preRoute extraction ...
Initializing multi-corner capacitance tables ... 
Initializing multi-corner resistance tables ...
Creating RPSQ from WeeR and WRes ...
*Info: initialize multi-corner CTS.
Reading max_timing timing library '/home/hah010/Basic_SoC_implementation/3_SYN/1_LIB/slow_vdd1v0_basicCells.lib' ...
**WARN: (TECHLIB-302):	No function defined for cell 'ANTENNA'. The cell will only be used for analysis. (File /home/hah010/Basic_SoC_implementation/3_SYN/1_LIB/slow_vdd1v0_basicCells.lib)
Read 480 cells in library 'slow_vdd1v0' 
Reading min_timing timing library '/home/hah010/Basic_SoC_implementation/3_SYN/1_LIB/fast_vdd1v0_basicCells.lib' ...
**WARN: (TECHLIB-302):	No function defined for cell 'ANTENNA'. The cell will only be used for analysis. (File /home/hah010/Basic_SoC_implementation/3_SYN/1_LIB/fast_vdd1v0_basicCells.lib)
Read 480 cells in library 'fast_vdd1v0' 
Reading timing constraints file '/home/hah010/Basic_SoC_implementation/3_SYN/5_SYN/2_TINY_PROJECT/1_Timer/outputs/digtimer_final.sdc' ...
Current (total cpu=0:00:45.7, real=0:01:35, peak res=1845.3M, current mem=1845.3M)
**WARN: (TCLCMD-1461):	Skipped unsupported command: set_units (File /home/hah010/Basic_SoC_implementation/3_SYN/5_SYN/2_TINY_PROJECT/1_Timer/outputs/digtimer_final.sdc, Line 9).

**WARN: (TCLCMD-1461):	Skipped unsupported command: set_units (File /home/hah010/Basic_SoC_implementation/3_SYN/5_SYN/2_TINY_PROJECT/1_Timer/outputs/digtimer_final.sdc, Line 10).

digtimer
INFO (CTE): Reading of timing constraints file /home/hah010/Basic_SoC_implementation/3_SYN/5_SYN/2_TINY_PROJECT/1_Timer/outputs/digtimer_final.sdc completed, with 2 WARNING
Ending "Constraint file reading stats" (total cpu=0:00:00.1, real=0:00:01.0, peak res=1859.3M, current mem=1859.3M)
Current (total cpu=0:00:45.8, real=0:01:36, peak res=1859.3M, current mem=1859.3M)
Total number of combinational cells: 318
Total number of sequential cells: 152
Total number of tristate cells: 10
Total number of level shifter cells: 0
Total number of power gating cells: 0
Total number of isolation cells: 0
Total number of power switch cells: 0
Total number of pulse generator cells: 0
Total number of always on buffers: 0
Total number of retention cells: 0
Total number of physical cells: 0
List of usable buffers: BUFX2 BUFX12 BUFX16 BUFX20 CLKBUFX2 BUFX3 BUFX4 BUFX6 BUFX8 CLKBUFX12 CLKBUFX16 CLKBUFX20 CLKBUFX3 CLKBUFX4 CLKBUFX6 CLKBUFX8
Total number of usable buffers: 16
List of unusable buffers:
Total number of unusable buffers: 0
List of usable inverters: CLKINVX1 CLKINVX2 CLKINVX12 CLKINVX16 CLKINVX20 CLKINVX4 CLKINVX3 CLKINVX6 CLKINVX8 INVX1 INVX2 INVX12 INVX16 INVX20 INVXL INVX3 INVX4 INVX6 INVX8
Total number of usable inverters: 19
List of unusable inverters:
Total number of unusable inverters: 0
List of identified usable delay cells: DLY1X1 DLY1X4 DLY2X1 DLY2X4 DLY3X1 DLY3X4 DLY4X1 DLY4X4
Total number of identified usable delay cells: 8
List of identified unusable delay cells:
Total number of identified unusable delay cells: 0
**DIAG[../../include/oiTmVNetlist.hpp:287:oiTmVInstTermCL]: Assert "timeLibContext_"
**DIAG[../../include/oiTmVNetlist.hpp:287:oiTmVInstTermCL]: Assert "timeLibContext_"
**DIAG[../../include/oiTmVNetlist.hpp:287:oiTmVInstTermCL]: Assert "timeLibContext_"
**DIAG[../../include/oiTmVNetlist.hpp:287:oiTmVInstTermCL]: Assert "timeLibContext_"
**DIAG[../../include/oiTmVNetlist.hpp:287:oiTmVInstTermCL]: Assert "timeLibContext_"
**DIAG[../../include/oiTmVNetlist.hpp:287:oiTmVInstTermCL]: Assert "timeLibContext_"
**DIAG[../../include/oiTmVNetlist.hpp:287:oiTmVInstTermCL]: Assert "timeLibContext_"
**DIAG[../../include/oiTmVNetlist.hpp:287:oiTmVInstTermCL]: Assert "timeLibContext_"
**DIAG[optinfra/oiUtil.cpp:2137:getRiseDelay]: Assert "(ta !=0) && (tlc_ !=0)"
**DIAG[optinfra/oiUtil.cpp:2148:getFallDelay]: Assert "(ta !=0) && (tlc_ !=0)"
**DIAG[optinfra/oiUtil.cpp:2137:getRiseDelay]: Assert "(ta !=0) && (tlc_ !=0)"
**DIAG[optinfra/oiUtil.cpp:2148:getFallDelay]: Assert "(ta !=0) && (tlc_ !=0)"
**DIAG[optinfra/oiUtil.cpp:2137:getRiseDelay]: Assert "(ta !=0) && (tlc_ !=0)"
**DIAG[optinfra/oiUtil.cpp:2148:getFallDelay]: Assert "(ta !=0) && (tlc_ !=0)"
**DIAG[../../include/oiTmVNetlist.hpp:287:oiTmVInstTermCL]: Assert "timeLibContext_"
**DIAG[../../include/oiTmVNetlist.hpp:287:oiTmVInstTermCL]: Assert "timeLibContext_"
**DIAG[../../include/oiTmVNetlist.hpp:287:oiTmVInstTermCL]: Assert "timeLibContext_"
**DIAG[../../include/oiTmVNetlist.hpp:287:oiTmVInstTermCL]: Assert "timeLibContext_"
**DIAG[../../include/oiTmVNetlist.hpp:287:oiTmVInstTermCL]: Assert "timeLibContext_"
**DIAG[../../include/oiTmVNetlist.hpp:287:oiTmVInstTermCL]: Assert "timeLibContext_"
**DIAG[../../include/oiTmVNetlist.hpp:287:oiTmVInstTermCL]: Assert "timeLibContext_"
**DIAG[../../include/oiTmVNetlist.hpp:287:oiTmVInstTermCL]: Assert "timeLibContext_"
**DIAG[optinfra/oiUtil.cpp:2137:getRiseDelay]: Assert "(ta !=0) && (tlc_ !=0)"
**DIAG[optinfra/oiUtil.cpp:2148:getFallDelay]: Assert "(ta !=0) && (tlc_ !=0)"
**DIAG[optinfra/oiUtil.cpp:2137:getRiseDelay]: Assert "(ta !=0) && (tlc_ !=0)"
**DIAG[optinfra/oiUtil.cpp:2148:getFallDelay]: Assert "(ta !=0) && (tlc_ !=0)"
**DIAG[optinfra/oiUtil.cpp:2137:getRiseDelay]: Assert "(ta !=0) && (tlc_ !=0)"
**DIAG[optinfra/oiUtil.cpp:2148:getFallDelay]: Assert "(ta !=0) && (tlc_ !=0)"
**DIAG[../../include/oiTmVNetlist.hpp:287:oiTmVInstTermCL]: Assert "timeLibContext_"
**DIAG[../../include/oiTmVNetlist.hpp:287:oiTmVInstTermCL]: Assert "timeLibContext_"
**DIAG[../../include/oiTmVNetlist.hpp:287:oiTmVInstTermCL]: Assert "timeLibContext_"
**DIAG[../../include/oiTmVNetlist.hpp:287:oiTmVInstTermCL]: Assert "timeLibContext_"
**DIAG[../../include/oiTmVNetlist.hpp:287:oiTmVInstTermCL]: Assert "timeLibContext_"
**DIAG[../../include/oiTmVNetlist.hpp:287:oiTmVInstTermCL]: Assert "timeLibContext_"
**DIAG[../../include/oiTmVNetlist.hpp:287:oiTmVInstTermCL]: Assert "timeLibContext_"
**DIAG[../../include/oiTmVNetlist.hpp:287:oiTmVInstTermCL]: Assert "timeLibContext_"
**DIAG[optinfra/oiUtil.cpp:2137:getRiseDelay]: Assert "(ta !=0) && (tlc_ !=0)"
**DIAG[optinfra/oiUtil.cpp:2148:getFallDelay]: Assert "(ta !=0) && (tlc_ !=0)"
**DIAG[optinfra/oiUtil.cpp:2137:getRiseDelay]: Assert "(ta !=0) && (tlc_ !=0)"
**DIAG[optinfra/oiUtil.cpp:2148:getFallDelay]: Assert "(ta !=0) && (tlc_ !=0)"
**DIAG[optinfra/oiUtil.cpp:2137:getRiseDelay]: Assert "(ta !=0) && (tlc_ !=0)"
**DIAG[optinfra/oiUtil.cpp:2148:getFallDelay]: Assert "(ta !=0) && (tlc_ !=0)"
**DIAG[../../include/oiTmVNetlist.hpp:287:oiTmVInstTermCL]: Assert "timeLibContext_"
**DIAG[../../include/oiTmVNetlist.hpp:287:oiTmVInstTermCL]: Assert "timeLibContext_"
**DIAG[../../include/oiTmVNetlist.hpp:287:oiTmVInstTermCL]: Assert "timeLibContext_"
**DIAG[../../include/oiTmVNetlist.hpp:287:oiTmVInstTermCL]: Assert "timeLibContext_"
**DIAG[../../include/oiTmVNetlist.hpp:287:oiTmVInstTermCL]: Assert "timeLibContext_"
**DIAG[../../include/oiTmVNetlist.hpp:287:oiTmVInstTermCL]: Assert "timeLibContext_"
**DIAG[../../include/oiTmVNetlist.hpp:287:oiTmVInstTermCL]: Assert "timeLibContext_"
**DIAG[../../include/oiTmVNetlist.hpp:287:oiTmVInstTermCL]: Assert "timeLibContext_"
**DIAG[optinfra/oiUtil.cpp:2137:getRiseDelay]: Assert "(ta !=0) && (tlc_ !=0)"
**DIAG[optinfra/oiUtil.cpp:2148:getFallDelay]: Assert "(ta !=0) && (tlc_ !=0)"
**DIAG[optinfra/oiUtil.cpp:2137:getRiseDelay]: Assert "(ta !=0) && (tlc_ !=0)"
**DIAG[optinfra/oiUtil.cpp:2148:getFallDelay]: Assert "(ta !=0) && (tlc_ !=0)"
**DIAG[optinfra/oiUtil.cpp:2137:getRiseDelay]: Assert "(ta !=0) && (tlc_ !=0)"
**DIAG[optinfra/oiUtil.cpp:2148:getFallDelay]: Assert "(ta !=0) && (tlc_ !=0)"
**DIAG[../../include/oiTmVNetlist.hpp:287:oiTmVInstTermCL]: Assert "timeLibContext_"
**DIAG[../../include/oiTmVNetlist.hpp:287:oiTmVInstTermCL]: Assert "timeLibContext_"
**DIAG[../../include/oiTmVNetlist.hpp:287:oiTmVInstTermCL]: Assert "timeLibContext_"
**DIAG[../../include/oiTmVNetlist.hpp:287:oiTmVInstTermCL]: Assert "timeLibContext_"
**DIAG[../../include/oiTmVNetlist.hpp:287:oiTmVInstTermCL]: Assert "timeLibContext_"
**DIAG[../../include/oiTmVNetlist.hpp:287:oiTmVInstTermCL]: Assert "timeLibContext_"
**DIAG[../../include/oiTmVNetlist.hpp:287:oiTmVInstTermCL]: Assert "timeLibContext_"
**DIAG[../../include/oiTmVNetlist.hpp:287:oiTmVInstTermCL]: Assert "timeLibContext_"
**DIAG[optinfra/oiUtil.cpp:2137:getRiseDelay]: Assert "(ta !=0) && (tlc_ !=0)"
**DIAG[optinfra/oiUtil.cpp:2148:getFallDelay]: Assert "(ta !=0) && (tlc_ !=0)"
**DIAG[optinfra/oiUtil.cpp:2137:getRiseDelay]: Assert "(ta !=0) && (tlc_ !=0)"
**DIAG[optinfra/oiUtil.cpp:2148:getFallDelay]: Assert "(ta !=0) && (tlc_ !=0)"
**DIAG[optinfra/oiUtil.cpp:2137:getRiseDelay]: Assert "(ta !=0) && (tlc_ !=0)"
**DIAG[optinfra/oiUtil.cpp:2148:getFallDelay]: Assert "(ta !=0) && (tlc_ !=0)"
**DIAG[../../include/oiTmVNetlist.hpp:287:oiTmVInstTermCL]: Assert "timeLibContext_"
**DIAG[../../include/oiTmVNetlist.hpp:287:oiTmVInstTermCL]: Assert "timeLibContext_"
**DIAG[../../include/oiTmVNetlist.hpp:287:oiTmVInstTermCL]: Assert "timeLibContext_"
**DIAG[../../include/oiTmVNetlist.hpp:287:oiTmVInstTermCL]: Assert "timeLibContext_"
**DIAG[../../include/oiTmVNetlist.hpp:287:oiTmVInstTermCL]: Assert "timeLibContext_"
**DIAG[../../include/oiTmVNetlist.hpp:287:oiTmVInstTermCL]: Assert "timeLibContext_"
**DIAG[../../include/oiTmVNetlist.hpp:287:oiTmVInstTermCL]: Assert "timeLibContext_"
**DIAG[../../include/oiTmVNetlist.hpp:287:oiTmVInstTermCL]: Assert "timeLibContext_"
**DIAG[optinfra/oiUtil.cpp:2137:getRiseDelay]: Assert "(ta !=0) && (tlc_ !=0)"
**DIAG[optinfra/oiUtil.cpp:2148:getFallDelay]: Assert "(ta !=0) && (tlc_ !=0)"
**DIAG[optinfra/oiUtil.cpp:2137:getRiseDelay]: Assert "(ta !=0) && (tlc_ !=0)"
**DIAG[optinfra/oiUtil.cpp:2148:getFallDelay]: Assert "(ta !=0) && (tlc_ !=0)"
**DIAG[optinfra/oiUtil.cpp:2137:getRiseDelay]: Assert "(ta !=0) && (tlc_ !=0)"
**DIAG[optinfra/oiUtil.cpp:2148:getFallDelay]: Assert "(ta !=0) && (tlc_ !=0)"
**DIAG[../../include/oiTmVNetlist.hpp:287:oiTmVInstTermCL]: Assert "timeLibContext_"
**DIAG[../../include/oiTmVNetlist.hpp:287:oiTmVInstTermCL]: Assert "timeLibContext_"
**DIAG[../../include/oiTmVNetlist.hpp:287:oiTmVInstTermCL]: Assert "timeLibContext_"
**DIAG[../../include/oiTmVNetlist.hpp:287:oiTmVInstTermCL]: Assert "timeLibContext_"
**DIAG[../../include/oiTmVNetlist.hpp:287:oiTmVInstTermCL]: Assert "timeLibContext_"
**DIAG[../../include/oiTmVNetlist.hpp:287:oiTmVInstTermCL]: Assert "timeLibContext_"
**DIAG[../../include/oiTmVNetlist.hpp:287:oiTmVInstTermCL]: Assert "timeLibContext_"
**DIAG[../../include/oiTmVNetlist.hpp:287:oiTmVInstTermCL]: Assert "timeLibContext_"
**DIAG[optinfra/oiUtil.cpp:2137:getRiseDelay]: Assert "(ta !=0) && (tlc_ !=0)"
**DIAG[optinfra/oiUtil.cpp:2148:getFallDelay]: Assert "(ta !=0) && (tlc_ !=0)"
**DIAG[optinfra/oiUtil.cpp:2137:getRiseDelay]: Assert "(ta !=0) && (tlc_ !=0)"
**DIAG[optinfra/oiUtil.cpp:2148:getFallDelay]: Assert "(ta !=0) && (tlc_ !=0)"
**DIAG[optinfra/oiUtil.cpp:2137:getRiseDelay]: Assert "(ta !=0) && (tlc_ !=0)"
**DIAG[optinfra/oiUtil.cpp:2148:getFallDelay]: Assert "(ta !=0) && (tlc_ !=0)"
**DIAG[../../include/oiTmVNetlist.hpp:287:oiTmVInstTermCL]: Assert "timeLibContext_"
**DIAG[../../include/oiTmVNetlist.hpp:287:oiTmVInstTermCL]: Assert "timeLibContext_"
**DIAG[../../include/oiTmVNetlist.hpp:287:oiTmVInstTermCL]: Assert "timeLibContext_"
**DIAG[../../include/oiTmVNetlist.hpp:287:oiTmVInstTermCL]: Assert "timeLibContext_"
**DIAG[../../include/oiTmVNetlist.hpp:287:oiTmVInstTermCL]: Assert "timeLibContext_"
**DIAG[../../include/oiTmVNetlist.hpp:287:oiTmVInstTermCL]: Assert "timeLibContext_"
**DIAG[../../include/oiTmVNetlist.hpp:287:oiTmVInstTermCL]: Assert "timeLibContext_"
**DIAG[../../include/oiTmVNetlist.hpp:287:oiTmVInstTermCL]: Assert "timeLibContext_"
**DIAG[optinfra/oiUtil.cpp:2137:getRiseDelay]: Assert "(ta !=0) && (tlc_ !=0)"
**DIAG[optinfra/oiUtil.cpp:2148:getFallDelay]: Assert "(ta !=0) && (tlc_ !=0)"
**DIAG[optinfra/oiUtil.cpp:2137:getRiseDelay]: Assert "(ta !=0) && (tlc_ !=0)"
**DIAG[optinfra/oiUtil.cpp:2148:getFallDelay]: Assert "(ta !=0) && (tlc_ !=0)"
**DIAG[optinfra/oiUtil.cpp:2137:getRiseDelay]: Assert "(ta !=0) && (tlc_ !=0)"
**DIAG[optinfra/oiUtil.cpp:2148:getFallDelay]: Assert "(ta !=0) && (tlc_ !=0)"
**DIAG[../../include/oiTmVNetlist.hpp:287:oiTmVInstTermCL]: Assert "timeLibContext_"
**DIAG[../../include/oiTmVNetlist.hpp:287:oiTmVInstTermCL]: Assert "timeLibContext_"
**DIAG[../../include/oiTmVNetlist.hpp:287:oiTmVInstTermCL]: Assert "timeLibContext_"
**DIAG[../../include/oiTmVNetlist.hpp:287:oiTmVInstTermCL]: Assert "timeLibContext_"
**DIAG[../../include/oiTmVNetlist.hpp:287:oiTmVInstTermCL]: Assert "timeLibContext_"
**DIAG[../../include/oiTmVNetlist.hpp:287:oiTmVInstTermCL]: Assert "timeLibContext_"
**DIAG[../../include/oiTmVNetlist.hpp:287:oiTmVInstTermCL]: Assert "timeLibContext_"
**DIAG[../../include/oiTmVNetlist.hpp:287:oiTmVInstTermCL]: Assert "timeLibContext_"
**DIAG[optinfra/oiUtil.cpp:2137:getRiseDelay]: Assert "(ta !=0) && (tlc_ !=0)"
**DIAG[optinfra/oiUtil.cpp:2148:getFallDelay]: Assert "(ta !=0) && (tlc_ !=0)"
**DIAG[optinfra/oiUtil.cpp:2137:getRiseDelay]: Assert "(ta !=0) && (tlc_ !=0)"
**DIAG[optinfra/oiUtil.cpp:2148:getFallDelay]: Assert "(ta !=0) && (tlc_ !=0)"
**DIAG[optinfra/oiUtil.cpp:2137:getRiseDelay]: Assert "(ta !=0) && (tlc_ !=0)"
**DIAG[optinfra/oiUtil.cpp:2148:getFallDelay]: Assert "(ta !=0) && (tlc_ !=0)"
**DIAG[../../include/oiTmVNetlist.hpp:287:oiTmVInstTermCL]: Assert "timeLibContext_"
**DIAG[../../include/oiTmVNetlist.hpp:287:oiTmVInstTermCL]: Assert "timeLibContext_"
**DIAG[../../include/oiTmVNetlist.hpp:287:oiTmVInstTermCL]: Assert "timeLibContext_"
**DIAG[../../include/oiTmVNetlist.hpp:287:oiTmVInstTermCL]: Assert "timeLibContext_"
**DIAG[../../include/oiTmVNetlist.hpp:287:oiTmVInstTermCL]: Assert "timeLibContext_"
**DIAG[../../include/oiTmVNetlist.hpp:287:oiTmVInstTermCL]: Assert "timeLibContext_"
**DIAG[../../include/oiTmVNetlist.hpp:287:oiTmVInstTermCL]: Assert "timeLibContext_"
**DIAG[../../include/oiTmVNetlist.hpp:287:oiTmVInstTermCL]: Assert "timeLibContext_"
**DIAG[optinfra/oiUtil.cpp:2137:getRiseDelay]: Assert "(ta !=0) && (tlc_ !=0)"
**DIAG[optinfra/oiUtil.cpp:2148:getFallDelay]: Assert "(ta !=0) && (tlc_ !=0)"
**DIAG[optinfra/oiUtil.cpp:2137:getRiseDelay]: Assert "(ta !=0) && (tlc_ !=0)"
**DIAG[optinfra/oiUtil.cpp:2148:getFallDelay]: Assert "(ta !=0) && (tlc_ !=0)"
**DIAG[optinfra/oiUtil.cpp:2137:getRiseDelay]: Assert "(ta !=0) && (tlc_ !=0)"
**DIAG[optinfra/oiUtil.cpp:2148:getFallDelay]: Assert "(ta !=0) && (tlc_ !=0)"
**DIAG[../../include/oiTmVNetlist.hpp:287:oiTmVInstTermCL]: Assert "timeLibContext_"
**DIAG[../../include/oiTmVNetlist.hpp:287:oiTmVInstTermCL]: Assert "timeLibContext_"
**DIAG[../../include/oiTmVNetlist.hpp:287:oiTmVInstTermCL]: Assert "timeLibContext_"
**DIAG[../../include/oiTmVNetlist.hpp:287:oiTmVInstTermCL]: Assert "timeLibContext_"
**DIAG[../../include/oiTmVNetlist.hpp:287:oiTmVInstTermCL]: Assert "timeLibContext_"
**DIAG[../../include/oiTmVNetlist.hpp:287:oiTmVInstTermCL]: Assert "timeLibContext_"
**DIAG[../../include/oiTmVNetlist.hpp:287:oiTmVInstTermCL]: Assert "timeLibContext_"
**DIAG[../../include/oiTmVNetlist.hpp:287:oiTmVInstTermCL]: Assert "timeLibContext_"
**DIAG[optinfra/oiUtil.cpp:2137:getRiseDelay]: Assert "(ta !=0) && (tlc_ !=0)"
**DIAG[optinfra/oiUtil.cpp:2148:getFallDelay]: Assert "(ta !=0) && (tlc_ !=0)"
**DIAG[optinfra/oiUtil.cpp:2137:getRiseDelay]: Assert "(ta !=0) && (tlc_ !=0)"
**DIAG[optinfra/oiUtil.cpp:2148:getFallDelay]: Assert "(ta !=0) && (tlc_ !=0)"
**DIAG[optinfra/oiUtil.cpp:2137:getRiseDelay]: Assert "(ta !=0) && (tlc_ !=0)"
**DIAG[optinfra/oiUtil.cpp:2148:getFallDelay]: Assert "(ta !=0) && (tlc_ !=0)"
**DIAG[../../include/oiTmVNetlist.hpp:287:oiTmVInstTermCL]: Assert "timeLibContext_"
**DIAG[../../include/oiTmVNetlist.hpp:287:oiTmVInstTermCL]: Assert "timeLibContext_"
**DIAG[../../include/oiTmVNetlist.hpp:287:oiTmVInstTermCL]: Assert "timeLibContext_"
**DIAG[../../include/oiTmVNetlist.hpp:287:oiTmVInstTermCL]: Assert "timeLibContext_"
**DIAG[../../include/oiTmVNetlist.hpp:287:oiTmVInstTermCL]: Assert "timeLibContext_"
**DIAG[../../include/oiTmVNetlist.hpp:287:oiTmVInstTermCL]: Assert "timeLibContext_"
**DIAG[../../include/oiTmVNetlist.hpp:287:oiTmVInstTermCL]: Assert "timeLibContext_"
**DIAG[../../include/oiTmVNetlist.hpp:287:oiTmVInstTermCL]: Assert "timeLibContext_"
**DIAG[optinfra/oiUtil.cpp:2137:getRiseDelay]: Assert "(ta !=0) && (tlc_ !=0)"
**DIAG[optinfra/oiUtil.cpp:2148:getFallDelay]: Assert "(ta !=0) && (tlc_ !=0)"
**DIAG[optinfra/oiUtil.cpp:2137:getRiseDelay]: Assert "(ta !=0) && (tlc_ !=0)"
**DIAG[optinfra/oiUtil.cpp:2148:getFallDelay]: Assert "(ta !=0) && (tlc_ !=0)"
**DIAG[optinfra/oiUtil.cpp:2137:getRiseDelay]: Assert "(ta !=0) && (tlc_ !=0)"
**DIAG[optinfra/oiUtil.cpp:2148:getFallDelay]: Assert "(ta !=0) && (tlc_ !=0)"
**DIAG[../../include/oiTmVNetlist.hpp:287:oiTmVInstTermCL]: Assert "timeLibContext_"
**DIAG[../../include/oiTmVNetlist.hpp:287:oiTmVInstTermCL]: Assert "timeLibContext_"
**DIAG[../../include/oiTmVNetlist.hpp:287:oiTmVInstTermCL]: Assert "timeLibContext_"
**DIAG[../../include/oiTmVNetlist.hpp:287:oiTmVInstTermCL]: Assert "timeLibContext_"
**DIAG[../../include/oiTmVNetlist.hpp:287:oiTmVInstTermCL]: Assert "timeLibContext_"
**DIAG[../../include/oiTmVNetlist.hpp:287:oiTmVInstTermCL]: Assert "timeLibContext_"
**DIAG[../../include/oiTmVNetlist.hpp:287:oiTmVInstTermCL]: Assert "timeLibContext_"
**DIAG[../../include/oiTmVNetlist.hpp:287:oiTmVInstTermCL]: Assert "timeLibContext_"
**DIAG[optinfra/oiUtil.cpp:2137:getRiseDelay]: Assert "(ta !=0) && (tlc_ !=0)"
**DIAG[optinfra/oiUtil.cpp:2148:getFallDelay]: Assert "(ta !=0) && (tlc_ !=0)"
**DIAG[optinfra/oiUtil.cpp:2137:getRiseDelay]: Assert "(ta !=0) && (tlc_ !=0)"
**DIAG[optinfra/oiUtil.cpp:2148:getFallDelay]: Assert "(ta !=0) && (tlc_ !=0)"
**DIAG[optinfra/oiUtil.cpp:2137:getRiseDelay]: Assert "(ta !=0) && (tlc_ !=0)"
**DIAG[optinfra/oiUtil.cpp:2148:getFallDelay]: Assert "(ta !=0) && (tlc_ !=0)"
**DIAG[../../include/oiTmVNetlist.hpp:287:oiTmVInstTermCL]: Assert "timeLibContext_"
**DIAG[../../include/oiTmVNetlist.hpp:287:oiTmVInstTermCL]: Assert "timeLibContext_"
**DIAG[../../include/oiTmVNetlist.hpp:287:oiTmVInstTermCL]: Assert "timeLibContext_"
**DIAG[../../include/oiTmVNetlist.hpp:287:oiTmVInstTermCL]: Assert "timeLibContext_"
**DIAG[../../include/oiTmVNetlist.hpp:287:oiTmVInstTermCL]: Assert "timeLibContext_"
**DIAG[../../include/oiTmVNetlist.hpp:287:oiTmVInstTermCL]: Assert "timeLibContext_"
**DIAG[../../include/oiTmVNetlist.hpp:287:oiTmVInstTermCL]: Assert "timeLibContext_"
**DIAG[../../include/oiTmVNetlist.hpp:287:oiTmVInstTermCL]: Assert "timeLibContext_"
**DIAG[optinfra/oiUtil.cpp:2137:getRiseDelay]: Assert "(ta !=0) && (tlc_ !=0)"
**DIAG[optinfra/oiUtil.cpp:2148:getFallDelay]: Assert "(ta !=0) && (tlc_ !=0)"
**DIAG[optinfra/oiUtil.cpp:2137:getRiseDelay]: Assert "(ta !=0) && (tlc_ !=0)"
**DIAG[optinfra/oiUtil.cpp:2148:getFallDelay]: Assert "(ta !=0) && (tlc_ !=0)"
**DIAG[optinfra/oiUtil.cpp:2137:getRiseDelay]: Assert "(ta !=0) && (tlc_ !=0)"
**DIAG[optinfra/oiUtil.cpp:2148:getFallDelay]: Assert "(ta !=0) && (tlc_ !=0)"
**DIAG[../../include/oiTmVNetlist.hpp:287:oiTmVInstTermCL]: Assert "timeLibContext_"
**DIAG[../../include/oiTmVNetlist.hpp:287:oiTmVInstTermCL]: Assert "timeLibContext_"
**DIAG[../../include/oiTmVNetlist.hpp:287:oiTmVInstTermCL]: Assert "timeLibContext_"
**DIAG[../../include/oiTmVNetlist.hpp:287:oiTmVInstTermCL]: Assert "timeLibContext_"
**DIAG[../../include/oiTmVNetlist.hpp:287:oiTmVInstTermCL]: Assert "timeLibContext_"
**DIAG[../../include/oiTmVNetlist.hpp:287:oiTmVInstTermCL]: Assert "timeLibContext_"
**DIAG[../../include/oiTmVNetlist.hpp:287:oiTmVInstTermCL]: Assert "timeLibContext_"
**DIAG[../../include/oiTmVNetlist.hpp:287:oiTmVInstTermCL]: Assert "timeLibContext_"
**DIAG[optinfra/oiUtil.cpp:2137:getRiseDelay]: Assert "(ta !=0) && (tlc_ !=0)"
**DIAG[optinfra/oiUtil.cpp:2148:getFallDelay]: Assert "(ta !=0) && (tlc_ !=0)"
**DIAG[optinfra/oiUtil.cpp:2137:getRiseDelay]: Assert "(ta !=0) && (tlc_ !=0)"
**DIAG[optinfra/oiUtil.cpp:2148:getFallDelay]: Assert "(ta !=0) && (tlc_ !=0)"
**DIAG[optinfra/oiUtil.cpp:2137:getRiseDelay]: Assert "(ta !=0) && (tlc_ !=0)"
**DIAG[optinfra/oiUtil.cpp:2148:getFallDelay]: Assert "(ta !=0) && (tlc_ !=0)"
**DIAG[../../include/oiTmVNetlist.hpp:287:oiTmVInstTermCL]: Assert "timeLibContext_"
**DIAG[../../include/oiTmVNetlist.hpp:287:oiTmVInstTermCL]: Assert "timeLibContext_"
**DIAG[../../include/oiTmVNetlist.hpp:287:oiTmVInstTermCL]: Assert "timeLibContext_"
**DIAG[../../include/oiTmVNetlist.hpp:287:oiTmVInstTermCL]: Assert "timeLibContext_"
**DIAG[../../include/oiTmVNetlist.hpp:287:oiTmVInstTermCL]: Assert "timeLibContext_"
**DIAG[../../include/oiTmVNetlist.hpp:287:oiTmVInstTermCL]: Assert "timeLibContext_"
**DIAG[../../include/oiTmVNetlist.hpp:287:oiTmVInstTermCL]: Assert "timeLibContext_"
**DIAG[../../include/oiTmVNetlist.hpp:287:oiTmVInstTermCL]: Assert "timeLibContext_"
**DIAG[optinfra/oiUtil.cpp:2137:getRiseDelay]: Assert "(ta !=0) && (tlc_ !=0)"
**DIAG[optinfra/oiUtil.cpp:2148:getFallDelay]: Assert "(ta !=0) && (tlc_ !=0)"
**DIAG[optinfra/oiUtil.cpp:2137:getRiseDelay]: Assert "(ta !=0) && (tlc_ !=0)"
**DIAG[optinfra/oiUtil.cpp:2148:getFallDelay]: Assert "(ta !=0) && (tlc_ !=0)"
**DIAG[optinfra/oiUtil.cpp:2137:getRiseDelay]: Assert "(ta !=0) && (tlc_ !=0)"
**DIAG[optinfra/oiUtil.cpp:2148:getFallDelay]: Assert "(ta !=0) && (tlc_ !=0)"
**DIAG[../../include/oiTmVNetlist.hpp:287:oiTmVInstTermCL]: Assert "timeLibContext_"
**DIAG[../../include/oiTmVNetlist.hpp:287:oiTmVInstTermCL]: Assert "timeLibContext_"
**DIAG[../../include/oiTmVNetlist.hpp:287:oiTmVInstTermCL]: Assert "timeLibContext_"
**DIAG[../../include/oiTmVNetlist.hpp:287:oiTmVInstTermCL]: Assert "timeLibContext_"
**DIAG[../../include/oiTmVNetlist.hpp:287:oiTmVInstTermCL]: Assert "timeLibContext_"
**DIAG[../../include/oiTmVNetlist.hpp:287:oiTmVInstTermCL]: Assert "timeLibContext_"
**DIAG[../../include/oiTmVNetlist.hpp:287:oiTmVInstTermCL]: Assert "timeLibContext_"
**DIAG[../../include/oiTmVNetlist.hpp:287:oiTmVInstTermCL]: Assert "timeLibContext_"
**DIAG[optinfra/oiUtil.cpp:2137:getRiseDelay]: Assert "(ta !=0) && (tlc_ !=0)"
**DIAG[optinfra/oiUtil.cpp:2148:getFallDelay]: Assert "(ta !=0) && (tlc_ !=0)"
**DIAG[optinfra/oiUtil.cpp:2137:getRiseDelay]: Assert "(ta !=0) && (tlc_ !=0)"
**DIAG[optinfra/oiUtil.cpp:2148:getFallDelay]: Assert "(ta !=0) && (tlc_ !=0)"
**DIAG[optinfra/oiUtil.cpp:2137:getRiseDelay]: Assert "(ta !=0) && (tlc_ !=0)"
**DIAG[optinfra/oiUtil.cpp:2148:getFallDelay]: Assert "(ta !=0) && (tlc_ !=0)"
**DIAG[../../include/oiTmVNetlist.hpp:287:oiTmVInstTermCL]: Assert "timeLibContext_"
**DIAG[../../include/oiTmVNetlist.hpp:287:oiTmVInstTermCL]: Assert "timeLibContext_"
**DIAG[../../include/oiTmVNetlist.hpp:287:oiTmVInstTermCL]: Assert "timeLibContext_"
**DIAG[../../include/oiTmVNetlist.hpp:287:oiTmVInstTermCL]: Assert "timeLibContext_"
**DIAG[../../include/oiTmVNetlist.hpp:287:oiTmVInstTermCL]: Assert "timeLibContext_"
**DIAG[../../include/oiTmVNetlist.hpp:287:oiTmVInstTermCL]: Assert "timeLibContext_"
**DIAG[../../include/oiTmVNetlist.hpp:287:oiTmVInstTermCL]: Assert "timeLibContext_"
**DIAG[../../include/oiTmVNetlist.hpp:287:oiTmVInstTermCL]: Assert "timeLibContext_"
**DIAG[optinfra/oiUtil.cpp:2137:getRiseDelay]: Assert "(ta !=0) && (tlc_ !=0)"
**DIAG[optinfra/oiUtil.cpp:2148:getFallDelay]: Assert "(ta !=0) && (tlc_ !=0)"
**DIAG[optinfra/oiUtil.cpp:2137:getRiseDelay]: Assert "(ta !=0) && (tlc_ !=0)"
**DIAG[optinfra/oiUtil.cpp:2148:getFallDelay]: Assert "(ta !=0) && (tlc_ !=0)"
**DIAG[optinfra/oiUtil.cpp:2137:getRiseDelay]: Assert "(ta !=0) && (tlc_ !=0)"
**DIAG[optinfra/oiUtil.cpp:2148:getFallDelay]: Assert "(ta !=0) && (tlc_ !=0)"
**DIAG[../../include/oiTmVNetlist.hpp:287:oiTmVInstTermCL]: Assert "timeLibContext_"
**DIAG[../../include/oiTmVNetlist.hpp:287:oiTmVInstTermCL]: Assert "timeLibContext_"
**DIAG[../../include/oiTmVNetlist.hpp:287:oiTmVInstTermCL]: Assert "timeLibContext_"
**DIAG[../../include/oiTmVNetlist.hpp:287:oiTmVInstTermCL]: Assert "timeLibContext_"
**DIAG[../../include/oiTmVNetlist.hpp:287:oiTmVInstTermCL]: Assert "timeLibContext_"
**DIAG[../../include/oiTmVNetlist.hpp:287:oiTmVInstTermCL]: Assert "timeLibContext_"
**DIAG[../../include/oiTmVNetlist.hpp:287:oiTmVInstTermCL]: Assert "timeLibContext_"
**DIAG[../../include/oiTmVNetlist.hpp:287:oiTmVInstTermCL]: Assert "timeLibContext_"
**DIAG[optinfra/oiUtil.cpp:2137:getRiseDelay]: Assert "(ta !=0) && (tlc_ !=0)"
**DIAG[optinfra/oiUtil.cpp:2148:getFallDelay]: Assert "(ta !=0) && (tlc_ !=0)"
**DIAG[optinfra/oiUtil.cpp:2137:getRiseDelay]: Assert "(ta !=0) && (tlc_ !=0)"
**DIAG[optinfra/oiUtil.cpp:2148:getFallDelay]: Assert "(ta !=0) && (tlc_ !=0)"
**DIAG[optinfra/oiUtil.cpp:2137:getRiseDelay]: Assert "(ta !=0) && (tlc_ !=0)"
**DIAG[optinfra/oiUtil.cpp:2148:getFallDelay]: Assert "(ta !=0) && (tlc_ !=0)"
**DIAG[../../include/oiTmVNetlist.hpp:287:oiTmVInstTermCL]: Assert "timeLibContext_"
**DIAG[../../include/oiTmVNetlist.hpp:287:oiTmVInstTermCL]: Assert "timeLibContext_"
**DIAG[../../include/oiTmVNetlist.hpp:287:oiTmVInstTermCL]: Assert "timeLibContext_"
**DIAG[../../include/oiTmVNetlist.hpp:287:oiTmVInstTermCL]: Assert "timeLibContext_"
**DIAG[../../include/oiTmVNetlist.hpp:287:oiTmVInstTermCL]: Assert "timeLibContext_"
**DIAG[../../include/oiTmVNetlist.hpp:287:oiTmVInstTermCL]: Assert "timeLibContext_"
**DIAG[../../include/oiTmVNetlist.hpp:287:oiTmVInstTermCL]: Assert "timeLibContext_"
**DIAG[../../include/oiTmVNetlist.hpp:287:oiTmVInstTermCL]: Assert "timeLibContext_"
**DIAG[optinfra/oiUtil.cpp:2137:getRiseDelay]: Assert "(ta !=0) && (tlc_ !=0)"
**DIAG[optinfra/oiUtil.cpp:2148:getFallDelay]: Assert "(ta !=0) && (tlc_ !=0)"
**DIAG[optinfra/oiUtil.cpp:2137:getRiseDelay]: Assert "(ta !=0) && (tlc_ !=0)"
**DIAG[optinfra/oiUtil.cpp:2148:getFallDelay]: Assert "(ta !=0) && (tlc_ !=0)"
**DIAG[optinfra/oiUtil.cpp:2137:getRiseDelay]: Assert "(ta !=0) && (tlc_ !=0)"
**DIAG[optinfra/oiUtil.cpp:2148:getFallDelay]: Assert "(ta !=0) && (tlc_ !=0)"
**DIAG[../../include/oiTmVNetlist.hpp:287:oiTmVInstTermCL]: Assert "timeLibContext_"
**DIAG[../../include/oiTmVNetlist.hpp:287:oiTmVInstTermCL]: Assert "timeLibContext_"
**DIAG[../../include/oiTmVNetlist.hpp:287:oiTmVInstTermCL]: Assert "timeLibContext_"
**DIAG[../../include/oiTmVNetlist.hpp:287:oiTmVInstTermCL]: Assert "timeLibContext_"
**DIAG[../../include/oiTmVNetlist.hpp:287:oiTmVInstTermCL]: Assert "timeLibContext_"
**DIAG[../../include/oiTmVNetlist.hpp:287:oiTmVInstTermCL]: Assert "timeLibContext_"
**DIAG[../../include/oiTmVNetlist.hpp:287:oiTmVInstTermCL]: Assert "timeLibContext_"
**DIAG[../../include/oiTmVNetlist.hpp:287:oiTmVInstTermCL]: Assert "timeLibContext_"
**DIAG[optinfra/oiUtil.cpp:2137:getRiseDelay]: Assert "(ta !=0) && (tlc_ !=0)"
**DIAG[optinfra/oiUtil.cpp:2148:getFallDelay]: Assert "(ta !=0) && (tlc_ !=0)"
**DIAG[optinfra/oiUtil.cpp:2137:getRiseDelay]: Assert "(ta !=0) && (tlc_ !=0)"
**DIAG[optinfra/oiUtil.cpp:2148:getFallDelay]: Assert "(ta !=0) && (tlc_ !=0)"
**DIAG[optinfra/oiUtil.cpp:2137:getRiseDelay]: Assert "(ta !=0) && (tlc_ !=0)"
**DIAG[optinfra/oiUtil.cpp:2148:getFallDelay]: Assert "(ta !=0) && (tlc_ !=0)"
**DIAG[../../include/oiTmVNetlist.hpp:287:oiTmVInstTermCL]: Assert "timeLibContext_"
**DIAG[../../include/oiTmVNetlist.hpp:287:oiTmVInstTermCL]: Assert "timeLibContext_"
**DIAG[../../include/oiTmVNetlist.hpp:287:oiTmVInstTermCL]: Assert "timeLibContext_"
**DIAG[../../include/oiTmVNetlist.hpp:287:oiTmVInstTermCL]: Assert "timeLibContext_"
**DIAG[../../include/oiTmVNetlist.hpp:287:oiTmVInstTermCL]: Assert "timeLibContext_"
**DIAG[../../include/oiTmVNetlist.hpp:287:oiTmVInstTermCL]: Assert "timeLibContext_"
**DIAG[../../include/oiTmVNetlist.hpp:287:oiTmVInstTermCL]: Assert "timeLibContext_"
**DIAG[../../include/oiTmVNetlist.hpp:287:oiTmVInstTermCL]: Assert "timeLibContext_"
**DIAG[optinfra/oiUtil.cpp:2137:getRiseDelay]: Assert "(ta !=0) && (tlc_ !=0)"
**DIAG[optinfra/oiUtil.cpp:2148:getFallDelay]: Assert "(ta !=0) && (tlc_ !=0)"
**DIAG[optinfra/oiUtil.cpp:2137:getRiseDelay]: Assert "(ta !=0) && (tlc_ !=0)"
**DIAG[optinfra/oiUtil.cpp:2148:getFallDelay]: Assert "(ta !=0) && (tlc_ !=0)"
**DIAG[optinfra/oiUtil.cpp:2137:getRiseDelay]: Assert "(ta !=0) && (tlc_ !=0)"
**DIAG[optinfra/oiUtil.cpp:2148:getFallDelay]: Assert "(ta !=0) && (tlc_ !=0)"
**DIAG[../../include/oiTmVNetlist.hpp:287:oiTmVInstTermCL]: Assert "timeLibContext_"
**DIAG[../../include/oiTmVNetlist.hpp:287:oiTmVInstTermCL]: Assert "timeLibContext_"
**DIAG[../../include/oiTmVNetlist.hpp:287:oiTmVInstTermCL]: Assert "timeLibContext_"
**DIAG[../../include/oiTmVNetlist.hpp:287:oiTmVInstTermCL]: Assert "timeLibContext_"
**DIAG[../../include/oiTmVNetlist.hpp:287:oiTmVInstTermCL]: Assert "timeLibContext_"
**DIAG[../../include/oiTmVNetlist.hpp:287:oiTmVInstTermCL]: Assert "timeLibContext_"
**DIAG[../../include/oiTmVNetlist.hpp:287:oiTmVInstTermCL]: Assert "timeLibContext_"
**DIAG[../../include/oiTmVNetlist.hpp:287:oiTmVInstTermCL]: Assert "timeLibContext_"
**DIAG[optinfra/oiUtil.cpp:2137:getRiseDelay]: Assert "(ta !=0) && (tlc_ !=0)"
**DIAG[optinfra/oiUtil.cpp:2148:getFallDelay]: Assert "(ta !=0) && (tlc_ !=0)"
**DIAG[optinfra/oiUtil.cpp:2137:getRiseDelay]: Assert "(ta !=0) && (tlc_ !=0)"
**DIAG[optinfra/oiUtil.cpp:2148:getFallDelay]: Assert "(ta !=0) && (tlc_ !=0)"
**DIAG[optinfra/oiUtil.cpp:2137:getRiseDelay]: Assert "(ta !=0) && (tlc_ !=0)"
**DIAG[optinfra/oiUtil.cpp:2148:getFallDelay]: Assert "(ta !=0) && (tlc_ !=0)"
**DIAG[../../include/oiTmVNetlist.hpp:287:oiTmVInstTermCL]: Assert "timeLibContext_"
**DIAG[../../include/oiTmVNetlist.hpp:287:oiTmVInstTermCL]: Assert "timeLibContext_"
**DIAG[../../include/oiTmVNetlist.hpp:287:oiTmVInstTermCL]: Assert "timeLibContext_"
**DIAG[../../include/oiTmVNetlist.hpp:287:oiTmVInstTermCL]: Assert "timeLibContext_"
**DIAG[../../include/oiTmVNetlist.hpp:287:oiTmVInstTermCL]: Assert "timeLibContext_"
**DIAG[../../include/oiTmVNetlist.hpp:287:oiTmVInstTermCL]: Assert "timeLibContext_"
**DIAG[../../include/oiTmVNetlist.hpp:287:oiTmVInstTermCL]: Assert "timeLibContext_"
**DIAG[../../include/oiTmVNetlist.hpp:287:oiTmVInstTermCL]: Assert "timeLibContext_"
**DIAG[optinfra/oiUtil.cpp:2137:getRiseDelay]: Assert "(ta !=0) && (tlc_ !=0)"
**DIAG[optinfra/oiUtil.cpp:2148:getFallDelay]: Assert "(ta !=0) && (tlc_ !=0)"
**DIAG[optinfra/oiUtil.cpp:2137:getRiseDelay]: Assert "(ta !=0) && (tlc_ !=0)"
**DIAG[optinfra/oiUtil.cpp:2148:getFallDelay]: Assert "(ta !=0) && (tlc_ !=0)"
**DIAG[optinfra/oiUtil.cpp:2137:getRiseDelay]: Assert "(ta !=0) && (tlc_ !=0)"
**DIAG[optinfra/oiUtil.cpp:2148:getFallDelay]: Assert "(ta !=0) && (tlc_ !=0)"
**DIAG[../../include/oiTmVNetlist.hpp:287:oiTmVInstTermCL]: Assert "timeLibContext_"
**DIAG[../../include/oiTmVNetlist.hpp:287:oiTmVInstTermCL]: Assert "timeLibContext_"
**DIAG[../../include/oiTmVNetlist.hpp:287:oiTmVInstTermCL]: Assert "timeLibContext_"
**DIAG[../../include/oiTmVNetlist.hpp:287:oiTmVInstTermCL]: Assert "timeLibContext_"
**DIAG[../../include/oiTmVNetlist.hpp:287:oiTmVInstTermCL]: Assert "timeLibContext_"
**DIAG[../../include/oiTmVNetlist.hpp:287:oiTmVInstTermCL]: Assert "timeLibContext_"
**DIAG[../../include/oiTmVNetlist.hpp:287:oiTmVInstTermCL]: Assert "timeLibContext_"
**DIAG[../../include/oiTmVNetlist.hpp:287:oiTmVInstTermCL]: Assert "timeLibContext_"
**DIAG[optinfra/oiUtil.cpp:2137:getRiseDelay]: Assert "(ta !=0) && (tlc_ !=0)"
**DIAG[optinfra/oiUtil.cpp:2148:getFallDelay]: Assert "(ta !=0) && (tlc_ !=0)"
**DIAG[optinfra/oiUtil.cpp:2137:getRiseDelay]: Assert "(ta !=0) && (tlc_ !=0)"
**DIAG[optinfra/oiUtil.cpp:2148:getFallDelay]: Assert "(ta !=0) && (tlc_ !=0)"
**DIAG[optinfra/oiUtil.cpp:2137:getRiseDelay]: Assert "(ta !=0) && (tlc_ !=0)"
**DIAG[optinfra/oiUtil.cpp:2148:getFallDelay]: Assert "(ta !=0) && (tlc_ !=0)"
**DIAG[../../include/oiTmVNetlist.hpp:287:oiTmVInstTermCL]: Assert "timeLibContext_"
**DIAG[../../include/oiTmVNetlist.hpp:287:oiTmVInstTermCL]: Assert "timeLibContext_"
**DIAG[../../include/oiTmVNetlist.hpp:287:oiTmVInstTermCL]: Assert "timeLibContext_"
**DIAG[../../include/oiTmVNetlist.hpp:287:oiTmVInstTermCL]: Assert "timeLibContext_"
**DIAG[../../include/oiTmVNetlist.hpp:287:oiTmVInstTermCL]: Assert "timeLibContext_"
**DIAG[../../include/oiTmVNetlist.hpp:287:oiTmVInstTermCL]: Assert "timeLibContext_"
**DIAG[../../include/oiTmVNetlist.hpp:287:oiTmVInstTermCL]: Assert "timeLibContext_"
**DIAG[../../include/oiTmVNetlist.hpp:287:oiTmVInstTermCL]: Assert "timeLibContext_"
**DIAG[optinfra/oiUtil.cpp:2137:getRiseDelay]: Assert "(ta !=0) && (tlc_ !=0)"
**DIAG[optinfra/oiUtil.cpp:2148:getFallDelay]: Assert "(ta !=0) && (tlc_ !=0)"
**DIAG[optinfra/oiUtil.cpp:2137:getRiseDelay]: Assert "(ta !=0) && (tlc_ !=0)"
**DIAG[optinfra/oiUtil.cpp:2148:getFallDelay]: Assert "(ta !=0) && (tlc_ !=0)"
**DIAG[optinfra/oiUtil.cpp:2137:getRiseDelay]: Assert "(ta !=0) && (tlc_ !=0)"
**DIAG[optinfra/oiUtil.cpp:2148:getFallDelay]: Assert "(ta !=0) && (tlc_ !=0)"
**DIAG[../../include/oiTmVNetlist.hpp:287:oiTmVInstTermCL]: Assert "timeLibContext_"
**DIAG[../../include/oiTmVNetlist.hpp:287:oiTmVInstTermCL]: Assert "timeLibContext_"
**DIAG[../../include/oiTmVNetlist.hpp:287:oiTmVInstTermCL]: Assert "timeLibContext_"
**DIAG[../../include/oiTmVNetlist.hpp:287:oiTmVInstTermCL]: Assert "timeLibContext_"
**DIAG[../../include/oiTmVNetlist.hpp:287:oiTmVInstTermCL]: Assert "timeLibContext_"
**DIAG[../../include/oiTmVNetlist.hpp:287:oiTmVInstTermCL]: Assert "timeLibContext_"
**DIAG[../../include/oiTmVNetlist.hpp:287:oiTmVInstTermCL]: Assert "timeLibContext_"
**DIAG[../../include/oiTmVNetlist.hpp:287:oiTmVInstTermCL]: Assert "timeLibContext_"
**DIAG[optinfra/oiUtil.cpp:2137:getRiseDelay]: Assert "(ta !=0) && (tlc_ !=0)"
**DIAG[optinfra/oiUtil.cpp:2148:getFallDelay]: Assert "(ta !=0) && (tlc_ !=0)"
**DIAG[optinfra/oiUtil.cpp:2137:getRiseDelay]: Assert "(ta !=0) && (tlc_ !=0)"
**DIAG[optinfra/oiUtil.cpp:2148:getFallDelay]: Assert "(ta !=0) && (tlc_ !=0)"
**DIAG[optinfra/oiUtil.cpp:2137:getRiseDelay]: Assert "(ta !=0) && (tlc_ !=0)"
**DIAG[optinfra/oiUtil.cpp:2148:getFallDelay]: Assert "(ta !=0) && (tlc_ !=0)"
**DIAG[../../include/oiTmVNetlist.hpp:287:oiTmVInstTermCL]: Assert "timeLibContext_"
**DIAG[../../include/oiTmVNetlist.hpp:287:oiTmVInstTermCL]: Assert "timeLibContext_"
**DIAG[../../include/oiTmVNetlist.hpp:287:oiTmVInstTermCL]: Assert "timeLibContext_"
**DIAG[../../include/oiTmVNetlist.hpp:287:oiTmVInstTermCL]: Assert "timeLibContext_"
**DIAG[../../include/oiTmVNetlist.hpp:287:oiTmVInstTermCL]: Assert "timeLibContext_"
**DIAG[../../include/oiTmVNetlist.hpp:287:oiTmVInstTermCL]: Assert "timeLibContext_"
**DIAG[../../include/oiTmVNetlist.hpp:287:oiTmVInstTermCL]: Assert "timeLibContext_"
**DIAG[../../include/oiTmVNetlist.hpp:287:oiTmVInstTermCL]: Assert "timeLibContext_"
**DIAG[optinfra/oiUtil.cpp:2137:getRiseDelay]: Assert "(ta !=0) && (tlc_ !=0)"
**DIAG[optinfra/oiUtil.cpp:2148:getFallDelay]: Assert "(ta !=0) && (tlc_ !=0)"
**DIAG[optinfra/oiUtil.cpp:2137:getRiseDelay]: Assert "(ta !=0) && (tlc_ !=0)"
**DIAG[optinfra/oiUtil.cpp:2148:getFallDelay]: Assert "(ta !=0) && (tlc_ !=0)"
**DIAG[optinfra/oiUtil.cpp:2137:getRiseDelay]: Assert "(ta !=0) && (tlc_ !=0)"
**DIAG[optinfra/oiUtil.cpp:2148:getFallDelay]: Assert "(ta !=0) && (tlc_ !=0)"
**DIAG[../../include/oiTmVNetlist.hpp:287:oiTmVInstTermCL]: Assert "timeLibContext_"
**DIAG[../../include/oiTmVNetlist.hpp:287:oiTmVInstTermCL]: Assert "timeLibContext_"
**DIAG[../../include/oiTmVNetlist.hpp:287:oiTmVInstTermCL]: Assert "timeLibContext_"
**DIAG[../../include/oiTmVNetlist.hpp:287:oiTmVInstTermCL]: Assert "timeLibContext_"
**DIAG[../../include/oiTmVNetlist.hpp:287:oiTmVInstTermCL]: Assert "timeLibContext_"
**DIAG[../../include/oiTmVNetlist.hpp:287:oiTmVInstTermCL]: Assert "timeLibContext_"
**DIAG[../../include/oiTmVNetlist.hpp:287:oiTmVInstTermCL]: Assert "timeLibContext_"
**DIAG[../../include/oiTmVNetlist.hpp:287:oiTmVInstTermCL]: Assert "timeLibContext_"
**DIAG[optinfra/oiUtil.cpp:2137:getRiseDelay]: Assert "(ta !=0) && (tlc_ !=0)"
**DIAG[optinfra/oiUtil.cpp:2148:getFallDelay]: Assert "(ta !=0) && (tlc_ !=0)"
**DIAG[optinfra/oiUtil.cpp:2137:getRiseDelay]: Assert "(ta !=0) && (tlc_ !=0)"
**DIAG[optinfra/oiUtil.cpp:2148:getFallDelay]: Assert "(ta !=0) && (tlc_ !=0)"
**DIAG[optinfra/oiUtil.cpp:2137:getRiseDelay]: Assert "(ta !=0) && (tlc_ !=0)"
**DIAG[optinfra/oiUtil.cpp:2148:getFallDelay]: Assert "(ta !=0) && (tlc_ !=0)"
**DIAG[../../include/oiTmVNetlist.hpp:287:oiTmVInstTermCL]: Assert "timeLibContext_"
**DIAG[../../include/oiTmVNetlist.hpp:287:oiTmVInstTermCL]: Assert "timeLibContext_"
**DIAG[../../include/oiTmVNetlist.hpp:287:oiTmVInstTermCL]: Assert "timeLibContext_"
**DIAG[../../include/oiTmVNetlist.hpp:287:oiTmVInstTermCL]: Assert "timeLibContext_"
**DIAG[../../include/oiTmVNetlist.hpp:287:oiTmVInstTermCL]: Assert "timeLibContext_"
**DIAG[../../include/oiTmVNetlist.hpp:287:oiTmVInstTermCL]: Assert "timeLibContext_"
**DIAG[../../include/oiTmVNetlist.hpp:287:oiTmVInstTermCL]: Assert "timeLibContext_"
**DIAG[../../include/oiTmVNetlist.hpp:287:oiTmVInstTermCL]: Assert "timeLibContext_"
**DIAG[optinfra/oiUtil.cpp:2137:getRiseDelay]: Assert "(ta !=0) && (tlc_ !=0)"
**DIAG[optinfra/oiUtil.cpp:2148:getFallDelay]: Assert "(ta !=0) && (tlc_ !=0)"
**DIAG[optinfra/oiUtil.cpp:2137:getRiseDelay]: Assert "(ta !=0) && (tlc_ !=0)"
**DIAG[optinfra/oiUtil.cpp:2148:getFallDelay]: Assert "(ta !=0) && (tlc_ !=0)"
**DIAG[optinfra/oiUtil.cpp:2137:getRiseDelay]: Assert "(ta !=0) && (tlc_ !=0)"
**DIAG[optinfra/oiUtil.cpp:2148:getFallDelay]: Assert "(ta !=0) && (tlc_ !=0)"
**DIAG[../../include/oiTmVNetlist.hpp:287:oiTmVInstTermCL]: Assert "timeLibContext_"
**DIAG[../../include/oiTmVNetlist.hpp:287:oiTmVInstTermCL]: Assert "timeLibContext_"
**DIAG[../../include/oiTmVNetlist.hpp:287:oiTmVInstTermCL]: Assert "timeLibContext_"
**DIAG[../../include/oiTmVNetlist.hpp:287:oiTmVInstTermCL]: Assert "timeLibContext_"
**DIAG[../../include/oiTmVNetlist.hpp:287:oiTmVInstTermCL]: Assert "timeLibContext_"
**DIAG[../../include/oiTmVNetlist.hpp:287:oiTmVInstTermCL]: Assert "timeLibContext_"
**DIAG[../../include/oiTmVNetlist.hpp:287:oiTmVInstTermCL]: Assert "timeLibContext_"
**DIAG[../../include/oiTmVNetlist.hpp:287:oiTmVInstTermCL]: Assert "timeLibContext_"
**DIAG[optinfra/oiUtil.cpp:2137:getRiseDelay]: Assert "(ta !=0) && (tlc_ !=0)"
**DIAG[optinfra/oiUtil.cpp:2148:getFallDelay]: Assert "(ta !=0) && (tlc_ !=0)"
**DIAG[optinfra/oiUtil.cpp:2137:getRiseDelay]: Assert "(ta !=0) && (tlc_ !=0)"
**DIAG[optinfra/oiUtil.cpp:2148:getFallDelay]: Assert "(ta !=0) && (tlc_ !=0)"
**DIAG[optinfra/oiUtil.cpp:2137:getRiseDelay]: Assert "(ta !=0) && (tlc_ !=0)"
**DIAG[optinfra/oiUtil.cpp:2148:getFallDelay]: Assert "(ta !=0) && (tlc_ !=0)"
**DIAG[../../include/oiTmVNetlist.hpp:287:oiTmVInstTermCL]: Assert "timeLibContext_"
**DIAG[../../include/oiTmVNetlist.hpp:287:oiTmVInstTermCL]: Assert "timeLibContext_"
**DIAG[../../include/oiTmVNetlist.hpp:287:oiTmVInstTermCL]: Assert "timeLibContext_"
**DIAG[../../include/oiTmVNetlist.hpp:287:oiTmVInstTermCL]: Assert "timeLibContext_"
**DIAG[../../include/oiTmVNetlist.hpp:287:oiTmVInstTermCL]: Assert "timeLibContext_"
**DIAG[../../include/oiTmVNetlist.hpp:287:oiTmVInstTermCL]: Assert "timeLibContext_"
**DIAG[../../include/oiTmVNetlist.hpp:287:oiTmVInstTermCL]: Assert "timeLibContext_"
**DIAG[../../include/oiTmVNetlist.hpp:287:oiTmVInstTermCL]: Assert "timeLibContext_"
**DIAG[optinfra/oiUtil.cpp:2137:getRiseDelay]: Assert "(ta !=0) && (tlc_ !=0)"
**DIAG[optinfra/oiUtil.cpp:2148:getFallDelay]: Assert "(ta !=0) && (tlc_ !=0)"
**DIAG[optinfra/oiUtil.cpp:2137:getRiseDelay]: Assert "(ta !=0) && (tlc_ !=0)"
**DIAG[optinfra/oiUtil.cpp:2148:getFallDelay]: Assert "(ta !=0) && (tlc_ !=0)"
**DIAG[optinfra/oiUtil.cpp:2137:getRiseDelay]: Assert "(ta !=0) && (tlc_ !=0)"
**DIAG[optinfra/oiUtil.cpp:2148:getFallDelay]: Assert "(ta !=0) && (tlc_ !=0)"
**DIAG[../../include/oiTmVNetlist.hpp:287:oiTmVInstTermCL]: Assert "timeLibContext_"
**DIAG[../../include/oiTmVNetlist.hpp:287:oiTmVInstTermCL]: Assert "timeLibContext_"
**DIAG[../../include/oiTmVNetlist.hpp:287:oiTmVInstTermCL]: Assert "timeLibContext_"
**DIAG[../../include/oiTmVNetlist.hpp:287:oiTmVInstTermCL]: Assert "timeLibContext_"
**DIAG[../../include/oiTmVNetlist.hpp:287:oiTmVInstTermCL]: Assert "timeLibContext_"
**DIAG[../../include/oiTmVNetlist.hpp:287:oiTmVInstTermCL]: Assert "timeLibContext_"
**DIAG[../../include/oiTmVNetlist.hpp:287:oiTmVInstTermCL]: Assert "timeLibContext_"
**DIAG[../../include/oiTmVNetlist.hpp:287:oiTmVInstTermCL]: Assert "timeLibContext_"
**DIAG[optinfra/oiUtil.cpp:2137:getRiseDelay]: Assert "(ta !=0) && (tlc_ !=0)"
**DIAG[optinfra/oiUtil.cpp:2148:getFallDelay]: Assert "(ta !=0) && (tlc_ !=0)"
**DIAG[optinfra/oiUtil.cpp:2137:getRiseDelay]: Assert "(ta !=0) && (tlc_ !=0)"
**DIAG[optinfra/oiUtil.cpp:2148:getFallDelay]: Assert "(ta !=0) && (tlc_ !=0)"
**DIAG[optinfra/oiUtil.cpp:2137:getRiseDelay]: Assert "(ta !=0) && (tlc_ !=0)"
**DIAG[optinfra/oiUtil.cpp:2148:getFallDelay]: Assert "(ta !=0) && (tlc_ !=0)"
**DIAG[../../include/oiTmVNetlist.hpp:287:oiTmVInstTermCL]: Assert "timeLibContext_"
**DIAG[../../include/oiTmVNetlist.hpp:287:oiTmVInstTermCL]: Assert "timeLibContext_"
**DIAG[../../include/oiTmVNetlist.hpp:287:oiTmVInstTermCL]: Assert "timeLibContext_"
**DIAG[../../include/oiTmVNetlist.hpp:287:oiTmVInstTermCL]: Assert "timeLibContext_"
**DIAG[../../include/oiTmVNetlist.hpp:287:oiTmVInstTermCL]: Assert "timeLibContext_"
**DIAG[../../include/oiTmVNetlist.hpp:287:oiTmVInstTermCL]: Assert "timeLibContext_"
**DIAG[../../include/oiTmVNetlist.hpp:287:oiTmVInstTermCL]: Assert "timeLibContext_"
**DIAG[../../include/oiTmVNetlist.hpp:287:oiTmVInstTermCL]: Assert "timeLibContext_"
**DIAG[optinfra/oiUtil.cpp:2137:getRiseDelay]: Assert "(ta !=0) && (tlc_ !=0)"
**DIAG[optinfra/oiUtil.cpp:2148:getFallDelay]: Assert "(ta !=0) && (tlc_ !=0)"
**DIAG[optinfra/oiUtil.cpp:2137:getRiseDelay]: Assert "(ta !=0) && (tlc_ !=0)"
**DIAG[optinfra/oiUtil.cpp:2148:getFallDelay]: Assert "(ta !=0) && (tlc_ !=0)"
**DIAG[optinfra/oiUtil.cpp:2137:getRiseDelay]: Assert "(ta !=0) && (tlc_ !=0)"
**DIAG[optinfra/oiUtil.cpp:2148:getFallDelay]: Assert "(ta !=0) && (tlc_ !=0)"
**DIAG[../../include/oiTmVNetlist.hpp:287:oiTmVInstTermCL]: Assert "timeLibContext_"
**DIAG[../../include/oiTmVNetlist.hpp:287:oiTmVInstTermCL]: Assert "timeLibContext_"
**DIAG[../../include/oiTmVNetlist.hpp:287:oiTmVInstTermCL]: Assert "timeLibContext_"
**DIAG[../../include/oiTmVNetlist.hpp:287:oiTmVInstTermCL]: Assert "timeLibContext_"
**DIAG[../../include/oiTmVNetlist.hpp:287:oiTmVInstTermCL]: Assert "timeLibContext_"
**DIAG[../../include/oiTmVNetlist.hpp:287:oiTmVInstTermCL]: Assert "timeLibContext_"
**DIAG[../../include/oiTmVNetlist.hpp:287:oiTmVInstTermCL]: Assert "timeLibContext_"
**DIAG[../../include/oiTmVNetlist.hpp:287:oiTmVInstTermCL]: Assert "timeLibContext_"
**DIAG[optinfra/oiUtil.cpp:2137:getRiseDelay]: Assert "(ta !=0) && (tlc_ !=0)"
**DIAG[optinfra/oiUtil.cpp:2148:getFallDelay]: Assert "(ta !=0) && (tlc_ !=0)"
**DIAG[optinfra/oiUtil.cpp:2137:getRiseDelay]: Assert "(ta !=0) && (tlc_ !=0)"
**DIAG[optinfra/oiUtil.cpp:2148:getFallDelay]: Assert "(ta !=0) && (tlc_ !=0)"
**DIAG[optinfra/oiUtil.cpp:2137:getRiseDelay]: Assert "(ta !=0) && (tlc_ !=0)"
**DIAG[optinfra/oiUtil.cpp:2148:getFallDelay]: Assert "(ta !=0) && (tlc_ !=0)"
**DIAG[../../include/oiTmVNetlist.hpp:287:oiTmVInstTermCL]: Assert "timeLibContext_"
**DIAG[../../include/oiTmVNetlist.hpp:287:oiTmVInstTermCL]: Assert "timeLibContext_"
**DIAG[../../include/oiTmVNetlist.hpp:287:oiTmVInstTermCL]: Assert "timeLibContext_"
**DIAG[../../include/oiTmVNetlist.hpp:287:oiTmVInstTermCL]: Assert "timeLibContext_"
**DIAG[../../include/oiTmVNetlist.hpp:287:oiTmVInstTermCL]: Assert "timeLibContext_"
**DIAG[../../include/oiTmVNetlist.hpp:287:oiTmVInstTermCL]: Assert "timeLibContext_"
**DIAG[../../include/oiTmVNetlist.hpp:287:oiTmVInstTermCL]: Assert "timeLibContext_"
**DIAG[../../include/oiTmVNetlist.hpp:287:oiTmVInstTermCL]: Assert "timeLibContext_"
**DIAG[optinfra/oiUtil.cpp:2137:getRiseDelay]: Assert "(ta !=0) && (tlc_ !=0)"
**DIAG[optinfra/oiUtil.cpp:2148:getFallDelay]: Assert "(ta !=0) && (tlc_ !=0)"
**DIAG[optinfra/oiUtil.cpp:2137:getRiseDelay]: Assert "(ta !=0) && (tlc_ !=0)"
**DIAG[optinfra/oiUtil.cpp:2148:getFallDelay]: Assert "(ta !=0) && (tlc_ !=0)"
**DIAG[optinfra/oiUtil.cpp:2137:getRiseDelay]: Assert "(ta !=0) && (tlc_ !=0)"
**DIAG[optinfra/oiUtil.cpp:2148:getFallDelay]: Assert "(ta !=0) && (tlc_ !=0)"
**DIAG[../../include/oiTmVNetlist.hpp:287:oiTmVInstTermCL]: Assert "timeLibContext_"
**DIAG[../../include/oiTmVNetlist.hpp:287:oiTmVInstTermCL]: Assert "timeLibContext_"
**DIAG[../../include/oiTmVNetlist.hpp:287:oiTmVInstTermCL]: Assert "timeLibContext_"
**DIAG[../../include/oiTmVNetlist.hpp:287:oiTmVInstTermCL]: Assert "timeLibContext_"
**DIAG[../../include/oiTmVNetlist.hpp:287:oiTmVInstTermCL]: Assert "timeLibContext_"
**DIAG[../../include/oiTmVNetlist.hpp:287:oiTmVInstTermCL]: Assert "timeLibContext_"
**DIAG[../../include/oiTmVNetlist.hpp:287:oiTmVInstTermCL]: Assert "timeLibContext_"
**DIAG[../../include/oiTmVNetlist.hpp:287:oiTmVInstTermCL]: Assert "timeLibContext_"
**DIAG[optinfra/oiUtil.cpp:2137:getRiseDelay]: Assert "(ta !=0) && (tlc_ !=0)"
**DIAG[optinfra/oiUtil.cpp:2148:getFallDelay]: Assert "(ta !=0) && (tlc_ !=0)"
**DIAG[optinfra/oiUtil.cpp:2137:getRiseDelay]: Assert "(ta !=0) && (tlc_ !=0)"
**DIAG[optinfra/oiUtil.cpp:2148:getFallDelay]: Assert "(ta !=0) && (tlc_ !=0)"
**DIAG[optinfra/oiUtil.cpp:2137:getRiseDelay]: Assert "(ta !=0) && (tlc_ !=0)"
**DIAG[optinfra/oiUtil.cpp:2148:getFallDelay]: Assert "(ta !=0) && (tlc_ !=0)"
**DIAG[../../include/oiTmVNetlist.hpp:287:oiTmVInstTermCL]: Assert "timeLibContext_"
**DIAG[../../include/oiTmVNetlist.hpp:287:oiTmVInstTermCL]: Assert "timeLibContext_"
**DIAG[../../include/oiTmVNetlist.hpp:287:oiTmVInstTermCL]: Assert "timeLibContext_"
**DIAG[../../include/oiTmVNetlist.hpp:287:oiTmVInstTermCL]: Assert "timeLibContext_"
**DIAG[../../include/oiTmVNetlist.hpp:287:oiTmVInstTermCL]: Assert "timeLibContext_"
**DIAG[../../include/oiTmVNetlist.hpp:287:oiTmVInstTermCL]: Assert "timeLibContext_"
**DIAG[../../include/oiTmVNetlist.hpp:287:oiTmVInstTermCL]: Assert "timeLibContext_"
**DIAG[../../include/oiTmVNetlist.hpp:287:oiTmVInstTermCL]: Assert "timeLibContext_"
**DIAG[optinfra/oiUtil.cpp:2137:getRiseDelay]: Assert "(ta !=0) && (tlc_ !=0)"
**DIAG[optinfra/oiUtil.cpp:2148:getFallDelay]: Assert "(ta !=0) && (tlc_ !=0)"
**DIAG[optinfra/oiUtil.cpp:2137:getRiseDelay]: Assert "(ta !=0) && (tlc_ !=0)"
**DIAG[optinfra/oiUtil.cpp:2148:getFallDelay]: Assert "(ta !=0) && (tlc_ !=0)"
**DIAG[optinfra/oiUtil.cpp:2137:getRiseDelay]: Assert "(ta !=0) && (tlc_ !=0)"
**DIAG[optinfra/oiUtil.cpp:2148:getFallDelay]: Assert "(ta !=0) && (tlc_ !=0)"
**DIAG[../../include/oiTmVNetlist.hpp:287:oiTmVInstTermCL]: Assert "timeLibContext_"
**DIAG[../../include/oiTmVNetlist.hpp:287:oiTmVInstTermCL]: Assert "timeLibContext_"
**DIAG[../../include/oiTmVNetlist.hpp:287:oiTmVInstTermCL]: Assert "timeLibContext_"
**DIAG[../../include/oiTmVNetlist.hpp:287:oiTmVInstTermCL]: Assert "timeLibContext_"
**DIAG[../../include/oiTmVNetlist.hpp:287:oiTmVInstTermCL]: Assert "timeLibContext_"
**DIAG[../../include/oiTmVNetlist.hpp:287:oiTmVInstTermCL]: Assert "timeLibContext_"
**DIAG[../../include/oiTmVNetlist.hpp:287:oiTmVInstTermCL]: Assert "timeLibContext_"
**DIAG[../../include/oiTmVNetlist.hpp:287:oiTmVInstTermCL]: Assert "timeLibContext_"
**DIAG[optinfra/oiUtil.cpp:2137:getRiseDelay]: Assert "(ta !=0) && (tlc_ !=0)"
**DIAG[optinfra/oiUtil.cpp:2148:getFallDelay]: Assert "(ta !=0) && (tlc_ !=0)"
**DIAG[optinfra/oiUtil.cpp:2137:getRiseDelay]: Assert "(ta !=0) && (tlc_ !=0)"
**DIAG[optinfra/oiUtil.cpp:2148:getFallDelay]: Assert "(ta !=0) && (tlc_ !=0)"
**DIAG[optinfra/oiUtil.cpp:2137:getRiseDelay]: Assert "(ta !=0) && (tlc_ !=0)"
**DIAG[optinfra/oiUtil.cpp:2148:getFallDelay]: Assert "(ta !=0) && (tlc_ !=0)"
**DIAG[../../include/oiTmVNetlist.hpp:287:oiTmVInstTermCL]: Assert "timeLibContext_"
**DIAG[../../include/oiTmVNetlist.hpp:287:oiTmVInstTermCL]: Assert "timeLibContext_"
**DIAG[../../include/oiTmVNetlist.hpp:287:oiTmVInstTermCL]: Assert "timeLibContext_"
**DIAG[../../include/oiTmVNetlist.hpp:287:oiTmVInstTermCL]: Assert "timeLibContext_"
**DIAG[../../include/oiTmVNetlist.hpp:287:oiTmVInstTermCL]: Assert "timeLibContext_"
**DIAG[../../include/oiTmVNetlist.hpp:287:oiTmVInstTermCL]: Assert "timeLibContext_"
**DIAG[../../include/oiTmVNetlist.hpp:287:oiTmVInstTermCL]: Assert "timeLibContext_"
**DIAG[../../include/oiTmVNetlist.hpp:287:oiTmVInstTermCL]: Assert "timeLibContext_"
**DIAG[optinfra/oiUtil.cpp:2137:getRiseDelay]: Assert "(ta !=0) && (tlc_ !=0)"
**DIAG[optinfra/oiUtil.cpp:2148:getFallDelay]: Assert "(ta !=0) && (tlc_ !=0)"
**DIAG[optinfra/oiUtil.cpp:2137:getRiseDelay]: Assert "(ta !=0) && (tlc_ !=0)"
**DIAG[optinfra/oiUtil.cpp:2148:getFallDelay]: Assert "(ta !=0) && (tlc_ !=0)"
**DIAG[optinfra/oiUtil.cpp:2137:getRiseDelay]: Assert "(ta !=0) && (tlc_ !=0)"
**DIAG[optinfra/oiUtil.cpp:2148:getFallDelay]: Assert "(ta !=0) && (tlc_ !=0)"
**DIAG[../../include/oiTmVNetlist.hpp:287:oiTmVInstTermCL]: Assert "timeLibContext_"
**DIAG[../../include/oiTmVNetlist.hpp:287:oiTmVInstTermCL]: Assert "timeLibContext_"
**DIAG[../../include/oiTmVNetlist.hpp:287:oiTmVInstTermCL]: Assert "timeLibContext_"
**DIAG[../../include/oiTmVNetlist.hpp:287:oiTmVInstTermCL]: Assert "timeLibContext_"
**DIAG[../../include/oiTmVNetlist.hpp:287:oiTmVInstTermCL]: Assert "timeLibContext_"
**DIAG[../../include/oiTmVNetlist.hpp:287:oiTmVInstTermCL]: Assert "timeLibContext_"
**DIAG[../../include/oiTmVNetlist.hpp:287:oiTmVInstTermCL]: Assert "timeLibContext_"
**DIAG[../../include/oiTmVNetlist.hpp:287:oiTmVInstTermCL]: Assert "timeLibContext_"
**DIAG[optinfra/oiUtil.cpp:2137:getRiseDelay]: Assert "(ta !=0) && (tlc_ !=0)"
**DIAG[optinfra/oiUtil.cpp:2148:getFallDelay]: Assert "(ta !=0) && (tlc_ !=0)"
**DIAG[optinfra/oiUtil.cpp:2137:getRiseDelay]: Assert "(ta !=0) && (tlc_ !=0)"
**DIAG[optinfra/oiUtil.cpp:2148:getFallDelay]: Assert "(ta !=0) && (tlc_ !=0)"
**DIAG[optinfra/oiUtil.cpp:2137:getRiseDelay]: Assert "(ta !=0) && (tlc_ !=0)"
**DIAG[optinfra/oiUtil.cpp:2148:getFallDelay]: Assert "(ta !=0) && (tlc_ !=0)"
**DIAG[../../include/oiTmVNetlist.hpp:287:oiTmVInstTermCL]: Assert "timeLibContext_"
**DIAG[../../include/oiTmVNetlist.hpp:287:oiTmVInstTermCL]: Assert "timeLibContext_"
**DIAG[../../include/oiTmVNetlist.hpp:287:oiTmVInstTermCL]: Assert "timeLibContext_"
**DIAG[../../include/oiTmVNetlist.hpp:287:oiTmVInstTermCL]: Assert "timeLibContext_"
**DIAG[../../include/oiTmVNetlist.hpp:287:oiTmVInstTermCL]: Assert "timeLibContext_"
**DIAG[../../include/oiTmVNetlist.hpp:287:oiTmVInstTermCL]: Assert "timeLibContext_"
**DIAG[../../include/oiTmVNetlist.hpp:287:oiTmVInstTermCL]: Assert "timeLibContext_"
**DIAG[../../include/oiTmVNetlist.hpp:287:oiTmVInstTermCL]: Assert "timeLibContext_"
**DIAG[optinfra/oiUtil.cpp:2137:getRiseDelay]: Assert "(ta !=0) && (tlc_ !=0)"
**DIAG[optinfra/oiUtil.cpp:2148:getFallDelay]: Assert "(ta !=0) && (tlc_ !=0)"
**DIAG[optinfra/oiUtil.cpp:2137:getRiseDelay]: Assert "(ta !=0) && (tlc_ !=0)"
**DIAG[optinfra/oiUtil.cpp:2148:getFallDelay]: Assert "(ta !=0) && (tlc_ !=0)"
**DIAG[optinfra/oiUtil.cpp:2137:getRiseDelay]: Assert "(ta !=0) && (tlc_ !=0)"
**DIAG[optinfra/oiUtil.cpp:2148:getFallDelay]: Assert "(ta !=0) && (tlc_ !=0)"
**DIAG[../../include/oiTmVNetlist.hpp:287:oiTmVInstTermCL]: Assert "timeLibContext_"
**DIAG[../../include/oiTmVNetlist.hpp:287:oiTmVInstTermCL]: Assert "timeLibContext_"
**DIAG[../../include/oiTmVNetlist.hpp:287:oiTmVInstTermCL]: Assert "timeLibContext_"
**DIAG[../../include/oiTmVNetlist.hpp:287:oiTmVInstTermCL]: Assert "timeLibContext_"
**DIAG[../../include/oiTmVNetlist.hpp:287:oiTmVInstTermCL]: Assert "timeLibContext_"
**DIAG[../../include/oiTmVNetlist.hpp:287:oiTmVInstTermCL]: Assert "timeLibContext_"
**DIAG[../../include/oiTmVNetlist.hpp:287:oiTmVInstTermCL]: Assert "timeLibContext_"
**DIAG[../../include/oiTmVNetlist.hpp:287:oiTmVInstTermCL]: Assert "timeLibContext_"
**DIAG[optinfra/oiUtil.cpp:2137:getRiseDelay]: Assert "(ta !=0) && (tlc_ !=0)"
**DIAG[optinfra/oiUtil.cpp:2148:getFallDelay]: Assert "(ta !=0) && (tlc_ !=0)"
**DIAG[optinfra/oiUtil.cpp:2137:getRiseDelay]: Assert "(ta !=0) && (tlc_ !=0)"
**DIAG[optinfra/oiUtil.cpp:2148:getFallDelay]: Assert "(ta !=0) && (tlc_ !=0)"
**DIAG[optinfra/oiUtil.cpp:2137:getRiseDelay]: Assert "(ta !=0) && (tlc_ !=0)"
**DIAG[optinfra/oiUtil.cpp:2148:getFallDelay]: Assert "(ta !=0) && (tlc_ !=0)"
**DIAG[../../include/oiTmVNetlist.hpp:287:oiTmVInstTermCL]: Assert "timeLibContext_"
**DIAG[../../include/oiTmVNetlist.hpp:287:oiTmVInstTermCL]: Assert "timeLibContext_"
**DIAG[../../include/oiTmVNetlist.hpp:287:oiTmVInstTermCL]: Assert "timeLibContext_"
**DIAG[../../include/oiTmVNetlist.hpp:287:oiTmVInstTermCL]: Assert "timeLibContext_"
**DIAG[../../include/oiTmVNetlist.hpp:287:oiTmVInstTermCL]: Assert "timeLibContext_"
**DIAG[../../include/oiTmVNetlist.hpp:287:oiTmVInstTermCL]: Assert "timeLibContext_"
**DIAG[../../include/oiTmVNetlist.hpp:287:oiTmVInstTermCL]: Assert "timeLibContext_"
**DIAG[../../include/oiTmVNetlist.hpp:287:oiTmVInstTermCL]: Assert "timeLibContext_"
**DIAG[optinfra/oiUtil.cpp:2137:getRiseDelay]: Assert "(ta !=0) && (tlc_ !=0)"
**DIAG[optinfra/oiUtil.cpp:2148:getFallDelay]: Assert "(ta !=0) && (tlc_ !=0)"
**DIAG[optinfra/oiUtil.cpp:2137:getRiseDelay]: Assert "(ta !=0) && (tlc_ !=0)"
**DIAG[optinfra/oiUtil.cpp:2148:getFallDelay]: Assert "(ta !=0) && (tlc_ !=0)"
**DIAG[optinfra/oiUtil.cpp:2137:getRiseDelay]: Assert "(ta !=0) && (tlc_ !=0)"
**DIAG[optinfra/oiUtil.cpp:2148:getFallDelay]: Assert "(ta !=0) && (tlc_ !=0)"
**DIAG[../../include/oiTmVNetlist.hpp:287:oiTmVInstTermCL]: Assert "timeLibContext_"
**DIAG[../../include/oiTmVNetlist.hpp:287:oiTmVInstTermCL]: Assert "timeLibContext_"
**DIAG[../../include/oiTmVNetlist.hpp:287:oiTmVInstTermCL]: Assert "timeLibContext_"
**DIAG[optinfra/oiUtil.cpp:2137:getRiseDelay]: Assert "(ta !=0) && (tlc_ !=0)"
**DIAG[optinfra/oiUtil.cpp:2148:getFallDelay]: Assert "(ta !=0) && (tlc_ !=0)"
**DIAG[optinfra/oiUtil.cpp:2137:getRiseDelay]: Assert "(ta !=0) && (tlc_ !=0)"
**DIAG[optinfra/oiUtil.cpp:2148:getFallDelay]: Assert "(ta !=0) && (tlc_ !=0)"
**DIAG[../../include/oiTmVNetlist.hpp:287:oiTmVInstTermCL]: Assert "timeLibContext_"
**DIAG[../../include/oiTmVNetlist.hpp:287:oiTmVInstTermCL]: Assert "timeLibContext_"
**DIAG[../../include/oiTmVNetlist.hpp:287:oiTmVInstTermCL]: Assert "timeLibContext_"
**DIAG[optinfra/oiUtil.cpp:2137:getRiseDelay]: Assert "(ta !=0) && (tlc_ !=0)"
**DIAG[optinfra/oiUtil.cpp:2148:getFallDelay]: Assert "(ta !=0) && (tlc_ !=0)"
**DIAG[optinfra/oiUtil.cpp:2137:getRiseDelay]: Assert "(ta !=0) && (tlc_ !=0)"
**DIAG[optinfra/oiUtil.cpp:2148:getFallDelay]: Assert "(ta !=0) && (tlc_ !=0)"
**DIAG[../../include/oiTmVNetlist.hpp:287:oiTmVInstTermCL]: Assert "timeLibContext_"
**DIAG[../../include/oiTmVNetlist.hpp:287:oiTmVInstTermCL]: Assert "timeLibContext_"
**DIAG[../../include/oiTmVNetlist.hpp:287:oiTmVInstTermCL]: Assert "timeLibContext_"
**DIAG[optinfra/oiUtil.cpp:2137:getRiseDelay]: Assert "(ta !=0) && (tlc_ !=0)"
**DIAG[optinfra/oiUtil.cpp:2148:getFallDelay]: Assert "(ta !=0) && (tlc_ !=0)"
**DIAG[optinfra/oiUtil.cpp:2137:getRiseDelay]: Assert "(ta !=0) && (tlc_ !=0)"
**DIAG[optinfra/oiUtil.cpp:2148:getFallDelay]: Assert "(ta !=0) && (tlc_ !=0)"
**DIAG[../../include/oiTmVNetlist.hpp:287:oiTmVInstTermCL]: Assert "timeLibContext_"
**DIAG[../../include/oiTmVNetlist.hpp:287:oiTmVInstTermCL]: Assert "timeLibContext_"
**DIAG[../../include/oiTmVNetlist.hpp:287:oiTmVInstTermCL]: Assert "timeLibContext_"
**DIAG[optinfra/oiUtil.cpp:2137:getRiseDelay]: Assert "(ta !=0) && (tlc_ !=0)"
**DIAG[optinfra/oiUtil.cpp:2148:getFallDelay]: Assert "(ta !=0) && (tlc_ !=0)"
**DIAG[optinfra/oiUtil.cpp:2137:getRiseDelay]: Assert "(ta !=0) && (tlc_ !=0)"
**DIAG[optinfra/oiUtil.cpp:2148:getFallDelay]: Assert "(ta !=0) && (tlc_ !=0)"
**DIAG[../../include/oiTmVNetlist.hpp:287:oiTmVInstTermCL]: Assert "timeLibContext_"
**DIAG[../../include/oiTmVNetlist.hpp:287:oiTmVInstTermCL]: Assert "timeLibContext_"
**DIAG[../../include/oiTmVNetlist.hpp:287:oiTmVInstTermCL]: Assert "timeLibContext_"
**DIAG[optinfra/oiUtil.cpp:2137:getRiseDelay]: Assert "(ta !=0) && (tlc_ !=0)"
**DIAG[optinfra/oiUtil.cpp:2148:getFallDelay]: Assert "(ta !=0) && (tlc_ !=0)"
**DIAG[optinfra/oiUtil.cpp:2137:getRiseDelay]: Assert "(ta !=0) && (tlc_ !=0)"
**DIAG[optinfra/oiUtil.cpp:2148:getFallDelay]: Assert "(ta !=0) && (tlc_ !=0)"
**DIAG[../../include/oiTmVNetlist.hpp:287:oiTmVInstTermCL]: Assert "timeLibContext_"
**DIAG[../../include/oiTmVNetlist.hpp:287:oiTmVInstTermCL]: Assert "timeLibContext_"
**DIAG[../../include/oiTmVNetlist.hpp:287:oiTmVInstTermCL]: Assert "timeLibContext_"
**DIAG[optinfra/oiUtil.cpp:2137:getRiseDelay]: Assert "(ta !=0) && (tlc_ !=0)"
**DIAG[optinfra/oiUtil.cpp:2148:getFallDelay]: Assert "(ta !=0) && (tlc_ !=0)"
**DIAG[optinfra/oiUtil.cpp:2137:getRiseDelay]: Assert "(ta !=0) && (tlc_ !=0)"
**DIAG[optinfra/oiUtil.cpp:2148:getFallDelay]: Assert "(ta !=0) && (tlc_ !=0)"
**DIAG[../../include/oiTmVNetlist.hpp:287:oiTmVInstTermCL]: Assert "timeLibContext_"
**DIAG[../../include/oiTmVNetlist.hpp:287:oiTmVInstTermCL]: Assert "timeLibContext_"
**DIAG[../../include/oiTmVNetlist.hpp:287:oiTmVInstTermCL]: Assert "timeLibContext_"
**DIAG[optinfra/oiUtil.cpp:2137:getRiseDelay]: Assert "(ta !=0) && (tlc_ !=0)"
**DIAG[optinfra/oiUtil.cpp:2148:getFallDelay]: Assert "(ta !=0) && (tlc_ !=0)"
**DIAG[optinfra/oiUtil.cpp:2137:getRiseDelay]: Assert "(ta !=0) && (tlc_ !=0)"
**DIAG[optinfra/oiUtil.cpp:2148:getFallDelay]: Assert "(ta !=0) && (tlc_ !=0)"
**DIAG[../../include/oiTmVNetlist.hpp:287:oiTmVInstTermCL]: Assert "timeLibContext_"
**DIAG[../../include/oiTmVNetlist.hpp:287:oiTmVInstTermCL]: Assert "timeLibContext_"
**DIAG[../../include/oiTmVNetlist.hpp:287:oiTmVInstTermCL]: Assert "timeLibContext_"
**DIAG[optinfra/oiUtil.cpp:2137:getRiseDelay]: Assert "(ta !=0) && (tlc_ !=0)"
**DIAG[optinfra/oiUtil.cpp:2148:getFallDelay]: Assert "(ta !=0) && (tlc_ !=0)"
**DIAG[optinfra/oiUtil.cpp:2137:getRiseDelay]: Assert "(ta !=0) && (tlc_ !=0)"
**DIAG[optinfra/oiUtil.cpp:2148:getFallDelay]: Assert "(ta !=0) && (tlc_ !=0)"
**DIAG[../../include/oiTmVNetlist.hpp:287:oiTmVInstTermCL]: Assert "timeLibContext_"
**DIAG[../../include/oiTmVNetlist.hpp:287:oiTmVInstTermCL]: Assert "timeLibContext_"
**DIAG[../../include/oiTmVNetlist.hpp:287:oiTmVInstTermCL]: Assert "timeLibContext_"
**DIAG[optinfra/oiUtil.cpp:2137:getRiseDelay]: Assert "(ta !=0) && (tlc_ !=0)"
**DIAG[optinfra/oiUtil.cpp:2148:getFallDelay]: Assert "(ta !=0) && (tlc_ !=0)"
**DIAG[optinfra/oiUtil.cpp:2137:getRiseDelay]: Assert "(ta !=0) && (tlc_ !=0)"
**DIAG[optinfra/oiUtil.cpp:2148:getFallDelay]: Assert "(ta !=0) && (tlc_ !=0)"
**DIAG[../../include/oiTmVNetlist.hpp:287:oiTmVInstTermCL]: Assert "timeLibContext_"
**DIAG[../../include/oiTmVNetlist.hpp:287:oiTmVInstTermCL]: Assert "timeLibContext_"
**DIAG[../../include/oiTmVNetlist.hpp:287:oiTmVInstTermCL]: Assert "timeLibContext_"
**DIAG[optinfra/oiUtil.cpp:2137:getRiseDelay]: Assert "(ta !=0) && (tlc_ !=0)"
**DIAG[optinfra/oiUtil.cpp:2148:getFallDelay]: Assert "(ta !=0) && (tlc_ !=0)"
**DIAG[optinfra/oiUtil.cpp:2137:getRiseDelay]: Assert "(ta !=0) && (tlc_ !=0)"
**DIAG[optinfra/oiUtil.cpp:2148:getFallDelay]: Assert "(ta !=0) && (tlc_ !=0)"
**DIAG[../../include/oiTmVNetlist.hpp:287:oiTmVInstTermCL]: Assert "timeLibContext_"
**DIAG[../../include/oiTmVNetlist.hpp:287:oiTmVInstTermCL]: Assert "timeLibContext_"
**DIAG[../../include/oiTmVNetlist.hpp:287:oiTmVInstTermCL]: Assert "timeLibContext_"
**DIAG[optinfra/oiUtil.cpp:2137:getRiseDelay]: Assert "(ta !=0) && (tlc_ !=0)"
**DIAG[optinfra/oiUtil.cpp:2148:getFallDelay]: Assert "(ta !=0) && (tlc_ !=0)"
**DIAG[optinfra/oiUtil.cpp:2137:getRiseDelay]: Assert "(ta !=0) && (tlc_ !=0)"
**DIAG[optinfra/oiUtil.cpp:2148:getFallDelay]: Assert "(ta !=0) && (tlc_ !=0)"
**DIAG[../../include/oiTmVNetlist.hpp:287:oiTmVInstTermCL]: Assert "timeLibContext_"
**DIAG[../../include/oiTmVNetlist.hpp:287:oiTmVInstTermCL]: Assert "timeLibContext_"
**DIAG[../../include/oiTmVNetlist.hpp:287:oiTmVInstTermCL]: Assert "timeLibContext_"
**DIAG[optinfra/oiUtil.cpp:2137:getRiseDelay]: Assert "(ta !=0) && (tlc_ !=0)"
**DIAG[optinfra/oiUtil.cpp:2148:getFallDelay]: Assert "(ta !=0) && (tlc_ !=0)"
**DIAG[optinfra/oiUtil.cpp:2137:getRiseDelay]: Assert "(ta !=0) && (tlc_ !=0)"
**DIAG[optinfra/oiUtil.cpp:2148:getFallDelay]: Assert "(ta !=0) && (tlc_ !=0)"
**DIAG[../../include/oiTmVNetlist.hpp:287:oiTmVInstTermCL]: Assert "timeLibContext_"
**DIAG[../../include/oiTmVNetlist.hpp:287:oiTmVInstTermCL]: Assert "timeLibContext_"
**DIAG[../../include/oiTmVNetlist.hpp:287:oiTmVInstTermCL]: Assert "timeLibContext_"
**DIAG[optinfra/oiUtil.cpp:2137:getRiseDelay]: Assert "(ta !=0) && (tlc_ !=0)"
**DIAG[optinfra/oiUtil.cpp:2148:getFallDelay]: Assert "(ta !=0) && (tlc_ !=0)"
**DIAG[optinfra/oiUtil.cpp:2137:getRiseDelay]: Assert "(ta !=0) && (tlc_ !=0)"
**DIAG[optinfra/oiUtil.cpp:2148:getFallDelay]: Assert "(ta !=0) && (tlc_ !=0)"
**DIAG[../../include/oiTmVNetlist.hpp:287:oiTmVInstTermCL]: Assert "timeLibContext_"
**DIAG[../../include/oiTmVNetlist.hpp:287:oiTmVInstTermCL]: Assert "timeLibContext_"
**DIAG[../../include/oiTmVNetlist.hpp:287:oiTmVInstTermCL]: Assert "timeLibContext_"
**DIAG[optinfra/oiUtil.cpp:2137:getRiseDelay]: Assert "(ta !=0) && (tlc_ !=0)"
**DIAG[optinfra/oiUtil.cpp:2148:getFallDelay]: Assert "(ta !=0) && (tlc_ !=0)"
**DIAG[optinfra/oiUtil.cpp:2137:getRiseDelay]: Assert "(ta !=0) && (tlc_ !=0)"
**DIAG[optinfra/oiUtil.cpp:2148:getFallDelay]: Assert "(ta !=0) && (tlc_ !=0)"
**DIAG[../../include/oiTmVNetlist.hpp:287:oiTmVInstTermCL]: Assert "timeLibContext_"
**DIAG[../../include/oiTmVNetlist.hpp:287:oiTmVInstTermCL]: Assert "timeLibContext_"
**DIAG[../../include/oiTmVNetlist.hpp:287:oiTmVInstTermCL]: Assert "timeLibContext_"
**DIAG[optinfra/oiUtil.cpp:2137:getRiseDelay]: Assert "(ta !=0) && (tlc_ !=0)"
**DIAG[optinfra/oiUtil.cpp:2148:getFallDelay]: Assert "(ta !=0) && (tlc_ !=0)"
**DIAG[optinfra/oiUtil.cpp:2137:getRiseDelay]: Assert "(ta !=0) && (tlc_ !=0)"
**DIAG[optinfra/oiUtil.cpp:2148:getFallDelay]: Assert "(ta !=0) && (tlc_ !=0)"
**DIAG[../../include/oiTmVNetlist.hpp:287:oiTmVInstTermCL]: Assert "timeLibContext_"
**DIAG[../../include/oiTmVNetlist.hpp:287:oiTmVInstTermCL]: Assert "timeLibContext_"
**DIAG[../../include/oiTmVNetlist.hpp:287:oiTmVInstTermCL]: Assert "timeLibContext_"
**DIAG[optinfra/oiUtil.cpp:2137:getRiseDelay]: Assert "(ta !=0) && (tlc_ !=0)"
**DIAG[optinfra/oiUtil.cpp:2148:getFallDelay]: Assert "(ta !=0) && (tlc_ !=0)"
**DIAG[optinfra/oiUtil.cpp:2137:getRiseDelay]: Assert "(ta !=0) && (tlc_ !=0)"
**DIAG[optinfra/oiUtil.cpp:2148:getFallDelay]: Assert "(ta !=0) && (tlc_ !=0)"
**DIAG[../../include/oiTmVNetlist.hpp:287:oiTmVInstTermCL]: Assert "timeLibContext_"
**DIAG[../../include/oiTmVNetlist.hpp:287:oiTmVInstTermCL]: Assert "timeLibContext_"
**DIAG[../../include/oiTmVNetlist.hpp:287:oiTmVInstTermCL]: Assert "timeLibContext_"
**DIAG[optinfra/oiUtil.cpp:2137:getRiseDelay]: Assert "(ta !=0) && (tlc_ !=0)"
**DIAG[optinfra/oiUtil.cpp:2148:getFallDelay]: Assert "(ta !=0) && (tlc_ !=0)"
**DIAG[optinfra/oiUtil.cpp:2137:getRiseDelay]: Assert "(ta !=0) && (tlc_ !=0)"
**DIAG[optinfra/oiUtil.cpp:2148:getFallDelay]: Assert "(ta !=0) && (tlc_ !=0)"
**DIAG[../../include/oiTmVNetlist.hpp:287:oiTmVInstTermCL]: Assert "timeLibContext_"
**DIAG[../../include/oiTmVNetlist.hpp:287:oiTmVInstTermCL]: Assert "timeLibContext_"
**DIAG[../../include/oiTmVNetlist.hpp:287:oiTmVInstTermCL]: Assert "timeLibContext_"
**DIAG[optinfra/oiUtil.cpp:2137:getRiseDelay]: Assert "(ta !=0) && (tlc_ !=0)"
**DIAG[optinfra/oiUtil.cpp:2148:getFallDelay]: Assert "(ta !=0) && (tlc_ !=0)"
**DIAG[optinfra/oiUtil.cpp:2137:getRiseDelay]: Assert "(ta !=0) && (tlc_ !=0)"
**DIAG[optinfra/oiUtil.cpp:2148:getFallDelay]: Assert "(ta !=0) && (tlc_ !=0)"
**DIAG[../../include/oiTmVNetlist.hpp:287:oiTmVInstTermCL]: Assert "timeLibContext_"
**DIAG[../../include/oiTmVNetlist.hpp:287:oiTmVInstTermCL]: Assert "timeLibContext_"
**DIAG[../../include/oiTmVNetlist.hpp:287:oiTmVInstTermCL]: Assert "timeLibContext_"
**DIAG[optinfra/oiUtil.cpp:2137:getRiseDelay]: Assert "(ta !=0) && (tlc_ !=0)"
**DIAG[optinfra/oiUtil.cpp:2148:getFallDelay]: Assert "(ta !=0) && (tlc_ !=0)"
**DIAG[optinfra/oiUtil.cpp:2137:getRiseDelay]: Assert "(ta !=0) && (tlc_ !=0)"
**DIAG[optinfra/oiUtil.cpp:2148:getFallDelay]: Assert "(ta !=0) && (tlc_ !=0)"
**DIAG[../../include/oiTmVNetlist.hpp:287:oiTmVInstTermCL]: Assert "timeLibContext_"
**DIAG[../../include/oiTmVNetlist.hpp:287:oiTmVInstTermCL]: Assert "timeLibContext_"
**DIAG[../../include/oiTmVNetlist.hpp:287:oiTmVInstTermCL]: Assert "timeLibContext_"
**DIAG[optinfra/oiUtil.cpp:2137:getRiseDelay]: Assert "(ta !=0) && (tlc_ !=0)"
**DIAG[optinfra/oiUtil.cpp:2148:getFallDelay]: Assert "(ta !=0) && (tlc_ !=0)"
**DIAG[optinfra/oiUtil.cpp:2137:getRiseDelay]: Assert "(ta !=0) && (tlc_ !=0)"
**DIAG[optinfra/oiUtil.cpp:2148:getFallDelay]: Assert "(ta !=0) && (tlc_ !=0)"
**DIAG[../../include/oiTmVNetlist.hpp:287:oiTmVInstTermCL]: Assert "timeLibContext_"
**DIAG[../../include/oiTmVNetlist.hpp:287:oiTmVInstTermCL]: Assert "timeLibContext_"
**DIAG[../../include/oiTmVNetlist.hpp:287:oiTmVInstTermCL]: Assert "timeLibContext_"
**DIAG[optinfra/oiUtil.cpp:2137:getRiseDelay]: Assert "(ta !=0) && (tlc_ !=0)"
**DIAG[optinfra/oiUtil.cpp:2148:getFallDelay]: Assert "(ta !=0) && (tlc_ !=0)"
**DIAG[optinfra/oiUtil.cpp:2137:getRiseDelay]: Assert "(ta !=0) && (tlc_ !=0)"
**DIAG[optinfra/oiUtil.cpp:2148:getFallDelay]: Assert "(ta !=0) && (tlc_ !=0)"
**DIAG[../../include/oiTmVNetlist.hpp:287:oiTmVInstTermCL]: Assert "timeLibContext_"
**DIAG[../../include/oiTmVNetlist.hpp:287:oiTmVInstTermCL]: Assert "timeLibContext_"
**DIAG[../../include/oiTmVNetlist.hpp:287:oiTmVInstTermCL]: Assert "timeLibContext_"
**DIAG[optinfra/oiUtil.cpp:2137:getRiseDelay]: Assert "(ta !=0) && (tlc_ !=0)"
**DIAG[optinfra/oiUtil.cpp:2148:getFallDelay]: Assert "(ta !=0) && (tlc_ !=0)"
**DIAG[optinfra/oiUtil.cpp:2137:getRiseDelay]: Assert "(ta !=0) && (tlc_ !=0)"
**DIAG[optinfra/oiUtil.cpp:2148:getFallDelay]: Assert "(ta !=0) && (tlc_ !=0)"
**DIAG[../../include/oiTmVNetlist.hpp:287:oiTmVInstTermCL]: Assert "timeLibContext_"
**DIAG[../../include/oiTmVNetlist.hpp:287:oiTmVInstTermCL]: Assert "timeLibContext_"
**DIAG[../../include/oiTmVNetlist.hpp:287:oiTmVInstTermCL]: Assert "timeLibContext_"
**DIAG[optinfra/oiUtil.cpp:2137:getRiseDelay]: Assert "(ta !=0) && (tlc_ !=0)"
**DIAG[optinfra/oiUtil.cpp:2148:getFallDelay]: Assert "(ta !=0) && (tlc_ !=0)"
**DIAG[optinfra/oiUtil.cpp:2137:getRiseDelay]: Assert "(ta !=0) && (tlc_ !=0)"
**DIAG[optinfra/oiUtil.cpp:2148:getFallDelay]: Assert "(ta !=0) && (tlc_ !=0)"
**DIAG[../../include/oiTmVNetlist.hpp:287:oiTmVInstTermCL]: Assert "timeLibContext_"
**DIAG[../../include/oiTmVNetlist.hpp:287:oiTmVInstTermCL]: Assert "timeLibContext_"
**DIAG[../../include/oiTmVNetlist.hpp:287:oiTmVInstTermCL]: Assert "timeLibContext_"
**DIAG[optinfra/oiUtil.cpp:2137:getRiseDelay]: Assert "(ta !=0) && (tlc_ !=0)"
**DIAG[optinfra/oiUtil.cpp:2148:getFallDelay]: Assert "(ta !=0) && (tlc_ !=0)"
**DIAG[optinfra/oiUtil.cpp:2137:getRiseDelay]: Assert "(ta !=0) && (tlc_ !=0)"
**DIAG[optinfra/oiUtil.cpp:2148:getFallDelay]: Assert "(ta !=0) && (tlc_ !=0)"
**DIAG[../../include/oiTmVNetlist.hpp:287:oiTmVInstTermCL]: Assert "timeLibContext_"
**DIAG[../../include/oiTmVNetlist.hpp:287:oiTmVInstTermCL]: Assert "timeLibContext_"
**DIAG[../../include/oiTmVNetlist.hpp:287:oiTmVInstTermCL]: Assert "timeLibContext_"
**DIAG[optinfra/oiUtil.cpp:2137:getRiseDelay]: Assert "(ta !=0) && (tlc_ !=0)"
**DIAG[optinfra/oiUtil.cpp:2148:getFallDelay]: Assert "(ta !=0) && (tlc_ !=0)"
**DIAG[optinfra/oiUtil.cpp:2137:getRiseDelay]: Assert "(ta !=0) && (tlc_ !=0)"
**DIAG[optinfra/oiUtil.cpp:2148:getFallDelay]: Assert "(ta !=0) && (tlc_ !=0)"
**DIAG[../../include/oiTmVNetlist.hpp:287:oiTmVInstTermCL]: Assert "timeLibContext_"
**DIAG[../../include/oiTmVNetlist.hpp:287:oiTmVInstTermCL]: Assert "timeLibContext_"
**DIAG[../../include/oiTmVNetlist.hpp:287:oiTmVInstTermCL]: Assert "timeLibContext_"
**DIAG[optinfra/oiUtil.cpp:2137:getRiseDelay]: Assert "(ta !=0) && (tlc_ !=0)"
**DIAG[optinfra/oiUtil.cpp:2148:getFallDelay]: Assert "(ta !=0) && (tlc_ !=0)"
**DIAG[optinfra/oiUtil.cpp:2137:getRiseDelay]: Assert "(ta !=0) && (tlc_ !=0)"
**DIAG[optinfra/oiUtil.cpp:2148:getFallDelay]: Assert "(ta !=0) && (tlc_ !=0)"
**DIAG[../../include/oiTmVNetlist.hpp:287:oiTmVInstTermCL]: Assert "timeLibContext_"
**DIAG[../../include/oiTmVNetlist.hpp:287:oiTmVInstTermCL]: Assert "timeLibContext_"
**DIAG[../../include/oiTmVNetlist.hpp:287:oiTmVInstTermCL]: Assert "timeLibContext_"
**DIAG[optinfra/oiUtil.cpp:2137:getRiseDelay]: Assert "(ta !=0) && (tlc_ !=0)"
**DIAG[optinfra/oiUtil.cpp:2148:getFallDelay]: Assert "(ta !=0) && (tlc_ !=0)"
**DIAG[optinfra/oiUtil.cpp:2137:getRiseDelay]: Assert "(ta !=0) && (tlc_ !=0)"
**DIAG[optinfra/oiUtil.cpp:2148:getFallDelay]: Assert "(ta !=0) && (tlc_ !=0)"
**DIAG[../../include/oiTmVNetlist.hpp:287:oiTmVInstTermCL]: Assert "timeLibContext_"
**DIAG[../../include/oiTmVNetlist.hpp:287:oiTmVInstTermCL]: Assert "timeLibContext_"
**DIAG[../../include/oiTmVNetlist.hpp:287:oiTmVInstTermCL]: Assert "timeLibContext_"
**DIAG[optinfra/oiUtil.cpp:2137:getRiseDelay]: Assert "(ta !=0) && (tlc_ !=0)"
**DIAG[optinfra/oiUtil.cpp:2148:getFallDelay]: Assert "(ta !=0) && (tlc_ !=0)"
**DIAG[optinfra/oiUtil.cpp:2137:getRiseDelay]: Assert "(ta !=0) && (tlc_ !=0)"
**DIAG[optinfra/oiUtil.cpp:2148:getFallDelay]: Assert "(ta !=0) && (tlc_ !=0)"
**DIAG[../../include/oiTmVNetlist.hpp:287:oiTmVInstTermCL]: Assert "timeLibContext_"
**DIAG[../../include/oiTmVNetlist.hpp:287:oiTmVInstTermCL]: Assert "timeLibContext_"
**DIAG[../../include/oiTmVNetlist.hpp:287:oiTmVInstTermCL]: Assert "timeLibContext_"
**DIAG[optinfra/oiUtil.cpp:2137:getRiseDelay]: Assert "(ta !=0) && (tlc_ !=0)"
**DIAG[optinfra/oiUtil.cpp:2148:getFallDelay]: Assert "(ta !=0) && (tlc_ !=0)"
**DIAG[optinfra/oiUtil.cpp:2137:getRiseDelay]: Assert "(ta !=0) && (tlc_ !=0)"
**DIAG[optinfra/oiUtil.cpp:2148:getFallDelay]: Assert "(ta !=0) && (tlc_ !=0)"
**DIAG[../../include/oiTmVNetlist.hpp:287:oiTmVInstTermCL]: Assert "timeLibContext_"
**DIAG[../../include/oiTmVNetlist.hpp:287:oiTmVInstTermCL]: Assert "timeLibContext_"
**DIAG[../../include/oiTmVNetlist.hpp:287:oiTmVInstTermCL]: Assert "timeLibContext_"
**DIAG[optinfra/oiUtil.cpp:2137:getRiseDelay]: Assert "(ta !=0) && (tlc_ !=0)"
**DIAG[optinfra/oiUtil.cpp:2148:getFallDelay]: Assert "(ta !=0) && (tlc_ !=0)"
**DIAG[optinfra/oiUtil.cpp:2137:getRiseDelay]: Assert "(ta !=0) && (tlc_ !=0)"
**DIAG[optinfra/oiUtil.cpp:2148:getFallDelay]: Assert "(ta !=0) && (tlc_ !=0)"
**DIAG[../../include/oiTmVNetlist.hpp:287:oiTmVInstTermCL]: Assert "timeLibContext_"
**DIAG[../../include/oiTmVNetlist.hpp:287:oiTmVInstTermCL]: Assert "timeLibContext_"
**DIAG[../../include/oiTmVNetlist.hpp:287:oiTmVInstTermCL]: Assert "timeLibContext_"
**DIAG[optinfra/oiUtil.cpp:2137:getRiseDelay]: Assert "(ta !=0) && (tlc_ !=0)"
**DIAG[optinfra/oiUtil.cpp:2148:getFallDelay]: Assert "(ta !=0) && (tlc_ !=0)"
**DIAG[optinfra/oiUtil.cpp:2137:getRiseDelay]: Assert "(ta !=0) && (tlc_ !=0)"
**DIAG[optinfra/oiUtil.cpp:2148:getFallDelay]: Assert "(ta !=0) && (tlc_ !=0)"
**DIAG[../../include/oiTmVNetlist.hpp:287:oiTmVInstTermCL]: Assert "timeLibContext_"
**DIAG[../../include/oiTmVNetlist.hpp:287:oiTmVInstTermCL]: Assert "timeLibContext_"
**DIAG[../../include/oiTmVNetlist.hpp:287:oiTmVInstTermCL]: Assert "timeLibContext_"
**DIAG[optinfra/oiUtil.cpp:2137:getRiseDelay]: Assert "(ta !=0) && (tlc_ !=0)"
**DIAG[optinfra/oiUtil.cpp:2148:getFallDelay]: Assert "(ta !=0) && (tlc_ !=0)"
**DIAG[optinfra/oiUtil.cpp:2137:getRiseDelay]: Assert "(ta !=0) && (tlc_ !=0)"
**DIAG[optinfra/oiUtil.cpp:2148:getFallDelay]: Assert "(ta !=0) && (tlc_ !=0)"
**DIAG[../../include/oiTmVNetlist.hpp:287:oiTmVInstTermCL]: Assert "timeLibContext_"
**DIAG[../../include/oiTmVNetlist.hpp:287:oiTmVInstTermCL]: Assert "timeLibContext_"
**DIAG[../../include/oiTmVNetlist.hpp:287:oiTmVInstTermCL]: Assert "timeLibContext_"
**DIAG[optinfra/oiUtil.cpp:2137:getRiseDelay]: Assert "(ta !=0) && (tlc_ !=0)"
**DIAG[optinfra/oiUtil.cpp:2148:getFallDelay]: Assert "(ta !=0) && (tlc_ !=0)"
**DIAG[optinfra/oiUtil.cpp:2137:getRiseDelay]: Assert "(ta !=0) && (tlc_ !=0)"
**DIAG[optinfra/oiUtil.cpp:2148:getFallDelay]: Assert "(ta !=0) && (tlc_ !=0)"
**DIAG[../../include/oiTmVNetlist.hpp:287:oiTmVInstTermCL]: Assert "timeLibContext_"
**DIAG[../../include/oiTmVNetlist.hpp:287:oiTmVInstTermCL]: Assert "timeLibContext_"
**DIAG[../../include/oiTmVNetlist.hpp:287:oiTmVInstTermCL]: Assert "timeLibContext_"
**DIAG[optinfra/oiUtil.cpp:2137:getRiseDelay]: Assert "(ta !=0) && (tlc_ !=0)"
**DIAG[optinfra/oiUtil.cpp:2148:getFallDelay]: Assert "(ta !=0) && (tlc_ !=0)"
**DIAG[optinfra/oiUtil.cpp:2137:getRiseDelay]: Assert "(ta !=0) && (tlc_ !=0)"
**DIAG[optinfra/oiUtil.cpp:2148:getFallDelay]: Assert "(ta !=0) && (tlc_ !=0)"
**DIAG[../../include/oiTmVNetlist.hpp:287:oiTmVInstTermCL]: Assert "timeLibContext_"
**DIAG[../../include/oiTmVNetlist.hpp:287:oiTmVInstTermCL]: Assert "timeLibContext_"
**DIAG[../../include/oiTmVNetlist.hpp:287:oiTmVInstTermCL]: Assert "timeLibContext_"
**DIAG[optinfra/oiUtil.cpp:2137:getRiseDelay]: Assert "(ta !=0) && (tlc_ !=0)"
**DIAG[optinfra/oiUtil.cpp:2148:getFallDelay]: Assert "(ta !=0) && (tlc_ !=0)"
**DIAG[optinfra/oiUtil.cpp:2137:getRiseDelay]: Assert "(ta !=0) && (tlc_ !=0)"
**DIAG[optinfra/oiUtil.cpp:2148:getFallDelay]: Assert "(ta !=0) && (tlc_ !=0)"
**DIAG[../../include/oiTmVNetlist.hpp:287:oiTmVInstTermCL]: Assert "timeLibContext_"
**DIAG[../../include/oiTmVNetlist.hpp:287:oiTmVInstTermCL]: Assert "timeLibContext_"
**DIAG[../../include/oiTmVNetlist.hpp:287:oiTmVInstTermCL]: Assert "timeLibContext_"
**DIAG[optinfra/oiUtil.cpp:2137:getRiseDelay]: Assert "(ta !=0) && (tlc_ !=0)"
**DIAG[optinfra/oiUtil.cpp:2148:getFallDelay]: Assert "(ta !=0) && (tlc_ !=0)"
**DIAG[optinfra/oiUtil.cpp:2137:getRiseDelay]: Assert "(ta !=0) && (tlc_ !=0)"
**DIAG[optinfra/oiUtil.cpp:2148:getFallDelay]: Assert "(ta !=0) && (tlc_ !=0)"
**DIAG[../../include/oiTmVNetlist.hpp:287:oiTmVInstTermCL]: Assert "timeLibContext_"
**DIAG[../../include/oiTmVNetlist.hpp:287:oiTmVInstTermCL]: Assert "timeLibContext_"
**DIAG[../../include/oiTmVNetlist.hpp:287:oiTmVInstTermCL]: Assert "timeLibContext_"
**DIAG[optinfra/oiUtil.cpp:2137:getRiseDelay]: Assert "(ta !=0) && (tlc_ !=0)"
**DIAG[optinfra/oiUtil.cpp:2148:getFallDelay]: Assert "(ta !=0) && (tlc_ !=0)"
**DIAG[optinfra/oiUtil.cpp:2137:getRiseDelay]: Assert "(ta !=0) && (tlc_ !=0)"
**DIAG[optinfra/oiUtil.cpp:2148:getFallDelay]: Assert "(ta !=0) && (tlc_ !=0)"
**DIAG[../../include/oiTmVNetlist.hpp:287:oiTmVInstTermCL]: Assert "timeLibContext_"
**DIAG[../../include/oiTmVNetlist.hpp:287:oiTmVInstTermCL]: Assert "timeLibContext_"
**DIAG[../../include/oiTmVNetlist.hpp:287:oiTmVInstTermCL]: Assert "timeLibContext_"
**DIAG[optinfra/oiUtil.cpp:2137:getRiseDelay]: Assert "(ta !=0) && (tlc_ !=0)"
**DIAG[optinfra/oiUtil.cpp:2148:getFallDelay]: Assert "(ta !=0) && (tlc_ !=0)"
**DIAG[optinfra/oiUtil.cpp:2137:getRiseDelay]: Assert "(ta !=0) && (tlc_ !=0)"
**DIAG[optinfra/oiUtil.cpp:2148:getFallDelay]: Assert "(ta !=0) && (tlc_ !=0)"
**DIAG[../../include/oiTmVNetlist.hpp:287:oiTmVInstTermCL]: Assert "timeLibContext_"
**DIAG[../../include/oiTmVNetlist.hpp:287:oiTmVInstTermCL]: Assert "timeLibContext_"
**DIAG[../../include/oiTmVNetlist.hpp:287:oiTmVInstTermCL]: Assert "timeLibContext_"
**DIAG[optinfra/oiUtil.cpp:2137:getRiseDelay]: Assert "(ta !=0) && (tlc_ !=0)"
**DIAG[optinfra/oiUtil.cpp:2148:getFallDelay]: Assert "(ta !=0) && (tlc_ !=0)"
**DIAG[optinfra/oiUtil.cpp:2137:getRiseDelay]: Assert "(ta !=0) && (tlc_ !=0)"
**DIAG[optinfra/oiUtil.cpp:2148:getFallDelay]: Assert "(ta !=0) && (tlc_ !=0)"
**DIAG[../../include/oiTmVNetlist.hpp:287:oiTmVInstTermCL]: Assert "timeLibContext_"
**DIAG[../../include/oiTmVNetlist.hpp:287:oiTmVInstTermCL]: Assert "timeLibContext_"
**DIAG[../../include/oiTmVNetlist.hpp:287:oiTmVInstTermCL]: Assert "timeLibContext_"
**DIAG[optinfra/oiUtil.cpp:2137:getRiseDelay]: Assert "(ta !=0) && (tlc_ !=0)"
**DIAG[optinfra/oiUtil.cpp:2148:getFallDelay]: Assert "(ta !=0) && (tlc_ !=0)"
**DIAG[optinfra/oiUtil.cpp:2137:getRiseDelay]: Assert "(ta !=0) && (tlc_ !=0)"
**DIAG[optinfra/oiUtil.cpp:2148:getFallDelay]: Assert "(ta !=0) && (tlc_ !=0)"
**DIAG[../../include/oiTmVNetlist.hpp:287:oiTmVInstTermCL]: Assert "timeLibContext_"
**DIAG[../../include/oiTmVNetlist.hpp:287:oiTmVInstTermCL]: Assert "timeLibContext_"
**DIAG[../../include/oiTmVNetlist.hpp:287:oiTmVInstTermCL]: Assert "timeLibContext_"
**DIAG[optinfra/oiUtil.cpp:2137:getRiseDelay]: Assert "(ta !=0) && (tlc_ !=0)"
**DIAG[optinfra/oiUtil.cpp:2148:getFallDelay]: Assert "(ta !=0) && (tlc_ !=0)"
**DIAG[optinfra/oiUtil.cpp:2137:getRiseDelay]: Assert "(ta !=0) && (tlc_ !=0)"
**DIAG[optinfra/oiUtil.cpp:2148:getFallDelay]: Assert "(ta !=0) && (tlc_ !=0)"
**DIAG[../../include/oiTmVNetlist.hpp:287:oiTmVInstTermCL]: Assert "timeLibContext_"
**DIAG[../../include/oiTmVNetlist.hpp:287:oiTmVInstTermCL]: Assert "timeLibContext_"
**DIAG[../../include/oiTmVNetlist.hpp:287:oiTmVInstTermCL]: Assert "timeLibContext_"
**DIAG[optinfra/oiUtil.cpp:2137:getRiseDelay]: Assert "(ta !=0) && (tlc_ !=0)"
**DIAG[optinfra/oiUtil.cpp:2148:getFallDelay]: Assert "(ta !=0) && (tlc_ !=0)"
**DIAG[optinfra/oiUtil.cpp:2137:getRiseDelay]: Assert "(ta !=0) && (tlc_ !=0)"
**DIAG[optinfra/oiUtil.cpp:2148:getFallDelay]: Assert "(ta !=0) && (tlc_ !=0)"
**DIAG[../../include/oiTmVNetlist.hpp:287:oiTmVInstTermCL]: Assert "timeLibContext_"
**DIAG[../../include/oiTmVNetlist.hpp:287:oiTmVInstTermCL]: Assert "timeLibContext_"
**DIAG[../../include/oiTmVNetlist.hpp:287:oiTmVInstTermCL]: Assert "timeLibContext_"
**DIAG[optinfra/oiUtil.cpp:2137:getRiseDelay]: Assert "(ta !=0) && (tlc_ !=0)"
**DIAG[optinfra/oiUtil.cpp:2148:getFallDelay]: Assert "(ta !=0) && (tlc_ !=0)"
**DIAG[optinfra/oiUtil.cpp:2137:getRiseDelay]: Assert "(ta !=0) && (tlc_ !=0)"
**DIAG[optinfra/oiUtil.cpp:2148:getFallDelay]: Assert "(ta !=0) && (tlc_ !=0)"
**DIAG[../../include/oiTmVNetlist.hpp:287:oiTmVInstTermCL]: Assert "timeLibContext_"
**DIAG[../../include/oiTmVNetlist.hpp:287:oiTmVInstTermCL]: Assert "timeLibContext_"
**DIAG[../../include/oiTmVNetlist.hpp:287:oiTmVInstTermCL]: Assert "timeLibContext_"
**DIAG[../../include/oiTmVNetlist.hpp:287:oiTmVInstTermCL]: Assert "timeLibContext_"
**DIAG[../../include/oiTmVNetlist.hpp:287:oiTmVInstTermCL]: Assert "timeLibContext_"
**DIAG[optinfra/oiUtil.cpp:2137:getRiseDelay]: Assert "(ta !=0) && (tlc_ !=0)"
**DIAG[optinfra/oiUtil.cpp:2148:getFallDelay]: Assert "(ta !=0) && (tlc_ !=0)"
**DIAG[optinfra/oiUtil.cpp:2137:getRiseDelay]: Assert "(ta !=0) && (tlc_ !=0)"
**DIAG[optinfra/oiUtil.cpp:2148:getFallDelay]: Assert "(ta !=0) && (tlc_ !=0)"
**DIAG[optinfra/oiUtil.cpp:2137:getRiseDelay]: Assert "(ta !=0) && (tlc_ !=0)"
**DIAG[optinfra/oiUtil.cpp:2148:getFallDelay]: Assert "(ta !=0) && (tlc_ !=0)"
**DIAG[optinfra/oiUtil.cpp:2137:getRiseDelay]: Assert "(ta !=0) && (tlc_ !=0)"
**DIAG[optinfra/oiUtil.cpp:2148:getFallDelay]: Assert "(ta !=0) && (tlc_ !=0)"
**DIAG[../../include/oiTmVNetlist.hpp:287:oiTmVInstTermCL]: Assert "timeLibContext_"
**DIAG[../../include/oiTmVNetlist.hpp:287:oiTmVInstTermCL]: Assert "timeLibContext_"
**DIAG[../../include/oiTmVNetlist.hpp:287:oiTmVInstTermCL]: Assert "timeLibContext_"
**DIAG[../../include/oiTmVNetlist.hpp:287:oiTmVInstTermCL]: Assert "timeLibContext_"
**DIAG[../../include/oiTmVNetlist.hpp:287:oiTmVInstTermCL]: Assert "timeLibContext_"
**DIAG[optinfra/oiUtil.cpp:2137:getRiseDelay]: Assert "(ta !=0) && (tlc_ !=0)"
**DIAG[optinfra/oiUtil.cpp:2148:getFallDelay]: Assert "(ta !=0) && (tlc_ !=0)"
**DIAG[optinfra/oiUtil.cpp:2137:getRiseDelay]: Assert "(ta !=0) && (tlc_ !=0)"
**DIAG[optinfra/oiUtil.cpp:2148:getFallDelay]: Assert "(ta !=0) && (tlc_ !=0)"
**DIAG[optinfra/oiUtil.cpp:2137:getRiseDelay]: Assert "(ta !=0) && (tlc_ !=0)"
**DIAG[optinfra/oiUtil.cpp:2148:getFallDelay]: Assert "(ta !=0) && (tlc_ !=0)"
**DIAG[optinfra/oiUtil.cpp:2137:getRiseDelay]: Assert "(ta !=0) && (tlc_ !=0)"
**DIAG[optinfra/oiUtil.cpp:2148:getFallDelay]: Assert "(ta !=0) && (tlc_ !=0)"
**DIAG[../../include/oiTmVNetlist.hpp:287:oiTmVInstTermCL]: Assert "timeLibContext_"
**DIAG[../../include/oiTmVNetlist.hpp:287:oiTmVInstTermCL]: Assert "timeLibContext_"
**DIAG[../../include/oiTmVNetlist.hpp:287:oiTmVInstTermCL]: Assert "timeLibContext_"
**DIAG[../../include/oiTmVNetlist.hpp:287:oiTmVInstTermCL]: Assert "timeLibContext_"
**DIAG[../../include/oiTmVNetlist.hpp:287:oiTmVInstTermCL]: Assert "timeLibContext_"
**DIAG[optinfra/oiUtil.cpp:2137:getRiseDelay]: Assert "(ta !=0) && (tlc_ !=0)"
**DIAG[optinfra/oiUtil.cpp:2148:getFallDelay]: Assert "(ta !=0) && (tlc_ !=0)"
**DIAG[optinfra/oiUtil.cpp:2137:getRiseDelay]: Assert "(ta !=0) && (tlc_ !=0)"
**DIAG[optinfra/oiUtil.cpp:2148:getFallDelay]: Assert "(ta !=0) && (tlc_ !=0)"
**DIAG[optinfra/oiUtil.cpp:2137:getRiseDelay]: Assert "(ta !=0) && (tlc_ !=0)"
**DIAG[optinfra/oiUtil.cpp:2148:getFallDelay]: Assert "(ta !=0) && (tlc_ !=0)"
**DIAG[optinfra/oiUtil.cpp:2137:getRiseDelay]: Assert "(ta !=0) && (tlc_ !=0)"
**DIAG[optinfra/oiUtil.cpp:2148:getFallDelay]: Assert "(ta !=0) && (tlc_ !=0)"
**DIAG[../../include/oiTmVNetlist.hpp:287:oiTmVInstTermCL]: Assert "timeLibContext_"
**DIAG[../../include/oiTmVNetlist.hpp:287:oiTmVInstTermCL]: Assert "timeLibContext_"
**DIAG[../../include/oiTmVNetlist.hpp:287:oiTmVInstTermCL]: Assert "timeLibContext_"
**DIAG[../../include/oiTmVNetlist.hpp:287:oiTmVInstTermCL]: Assert "timeLibContext_"
**DIAG[../../include/oiTmVNetlist.hpp:287:oiTmVInstTermCL]: Assert "timeLibContext_"
**DIAG[optinfra/oiUtil.cpp:2137:getRiseDelay]: Assert "(ta !=0) && (tlc_ !=0)"
**DIAG[optinfra/oiUtil.cpp:2148:getFallDelay]: Assert "(ta !=0) && (tlc_ !=0)"
**DIAG[optinfra/oiUtil.cpp:2137:getRiseDelay]: Assert "(ta !=0) && (tlc_ !=0)"
**DIAG[optinfra/oiUtil.cpp:2148:getFallDelay]: Assert "(ta !=0) && (tlc_ !=0)"
**DIAG[optinfra/oiUtil.cpp:2137:getRiseDelay]: Assert "(ta !=0) && (tlc_ !=0)"
**DIAG[optinfra/oiUtil.cpp:2148:getFallDelay]: Assert "(ta !=0) && (tlc_ !=0)"
**DIAG[optinfra/oiUtil.cpp:2137:getRiseDelay]: Assert "(ta !=0) && (tlc_ !=0)"
**DIAG[optinfra/oiUtil.cpp:2148:getFallDelay]: Assert "(ta !=0) && (tlc_ !=0)"
**DIAG[../../include/oiTmVNetlist.hpp:287:oiTmVInstTermCL]: Assert "timeLibContext_"
**DIAG[../../include/oiTmVNetlist.hpp:287:oiTmVInstTermCL]: Assert "timeLibContext_"
**DIAG[../../include/oiTmVNetlist.hpp:287:oiTmVInstTermCL]: Assert "timeLibContext_"
**DIAG[../../include/oiTmVNetlist.hpp:287:oiTmVInstTermCL]: Assert "timeLibContext_"
**DIAG[../../include/oiTmVNetlist.hpp:287:oiTmVInstTermCL]: Assert "timeLibContext_"
**DIAG[optinfra/oiUtil.cpp:2137:getRiseDelay]: Assert "(ta !=0) && (tlc_ !=0)"
**DIAG[optinfra/oiUtil.cpp:2148:getFallDelay]: Assert "(ta !=0) && (tlc_ !=0)"
**DIAG[optinfra/oiUtil.cpp:2137:getRiseDelay]: Assert "(ta !=0) && (tlc_ !=0)"
**DIAG[optinfra/oiUtil.cpp:2148:getFallDelay]: Assert "(ta !=0) && (tlc_ !=0)"
**DIAG[optinfra/oiUtil.cpp:2137:getRiseDelay]: Assert "(ta !=0) && (tlc_ !=0)"
**DIAG[optinfra/oiUtil.cpp:2148:getFallDelay]: Assert "(ta !=0) && (tlc_ !=0)"
**DIAG[optinfra/oiUtil.cpp:2137:getRiseDelay]: Assert "(ta !=0) && (tlc_ !=0)"
**DIAG[optinfra/oiUtil.cpp:2148:getFallDelay]: Assert "(ta !=0) && (tlc_ !=0)"
**DIAG[../../include/oiTmVNetlist.hpp:287:oiTmVInstTermCL]: Assert "timeLibContext_"
**DIAG[../../include/oiTmVNetlist.hpp:287:oiTmVInstTermCL]: Assert "timeLibContext_"
**DIAG[../../include/oiTmVNetlist.hpp:287:oiTmVInstTermCL]: Assert "timeLibContext_"
**DIAG[../../include/oiTmVNetlist.hpp:287:oiTmVInstTermCL]: Assert "timeLibContext_"
**DIAG[../../include/oiTmVNetlist.hpp:287:oiTmVInstTermCL]: Assert "timeLibContext_"
**DIAG[optinfra/oiUtil.cpp:2137:getRiseDelay]: Assert "(ta !=0) && (tlc_ !=0)"
**DIAG[optinfra/oiUtil.cpp:2148:getFallDelay]: Assert "(ta !=0) && (tlc_ !=0)"
**DIAG[optinfra/oiUtil.cpp:2137:getRiseDelay]: Assert "(ta !=0) && (tlc_ !=0)"
**DIAG[optinfra/oiUtil.cpp:2148:getFallDelay]: Assert "(ta !=0) && (tlc_ !=0)"
**DIAG[optinfra/oiUtil.cpp:2137:getRiseDelay]: Assert "(ta !=0) && (tlc_ !=0)"
**DIAG[optinfra/oiUtil.cpp:2148:getFallDelay]: Assert "(ta !=0) && (tlc_ !=0)"
**DIAG[optinfra/oiUtil.cpp:2137:getRiseDelay]: Assert "(ta !=0) && (tlc_ !=0)"
**DIAG[optinfra/oiUtil.cpp:2148:getFallDelay]: Assert "(ta !=0) && (tlc_ !=0)"
**DIAG[../../include/oiTmVNetlist.hpp:287:oiTmVInstTermCL]: Assert "timeLibContext_"
**DIAG[../../include/oiTmVNetlist.hpp:287:oiTmVInstTermCL]: Assert "timeLibContext_"
**DIAG[../../include/oiTmVNetlist.hpp:287:oiTmVInstTermCL]: Assert "timeLibContext_"
**DIAG[../../include/oiTmVNetlist.hpp:287:oiTmVInstTermCL]: Assert "timeLibContext_"
**DIAG[../../include/oiTmVNetlist.hpp:287:oiTmVInstTermCL]: Assert "timeLibContext_"
**DIAG[optinfra/oiUtil.cpp:2137:getRiseDelay]: Assert "(ta !=0) && (tlc_ !=0)"
**DIAG[optinfra/oiUtil.cpp:2148:getFallDelay]: Assert "(ta !=0) && (tlc_ !=0)"
**DIAG[optinfra/oiUtil.cpp:2137:getRiseDelay]: Assert "(ta !=0) && (tlc_ !=0)"
**DIAG[optinfra/oiUtil.cpp:2148:getFallDelay]: Assert "(ta !=0) && (tlc_ !=0)"
**DIAG[optinfra/oiUtil.cpp:2137:getRiseDelay]: Assert "(ta !=0) && (tlc_ !=0)"
**DIAG[optinfra/oiUtil.cpp:2148:getFallDelay]: Assert "(ta !=0) && (tlc_ !=0)"
**DIAG[optinfra/oiUtil.cpp:2137:getRiseDelay]: Assert "(ta !=0) && (tlc_ !=0)"
**DIAG[optinfra/oiUtil.cpp:2148:getFallDelay]: Assert "(ta !=0) && (tlc_ !=0)"
**DIAG[../../include/oiTmVNetlist.hpp:287:oiTmVInstTermCL]: Assert "timeLibContext_"
**DIAG[../../include/oiTmVNetlist.hpp:287:oiTmVInstTermCL]: Assert "timeLibContext_"
**DIAG[../../include/oiTmVNetlist.hpp:287:oiTmVInstTermCL]: Assert "timeLibContext_"
**DIAG[../../include/oiTmVNetlist.hpp:287:oiTmVInstTermCL]: Assert "timeLibContext_"
**DIAG[../../include/oiTmVNetlist.hpp:287:oiTmVInstTermCL]: Assert "timeLibContext_"
**DIAG[optinfra/oiUtil.cpp:2137:getRiseDelay]: Assert "(ta !=0) && (tlc_ !=0)"
**DIAG[optinfra/oiUtil.cpp:2148:getFallDelay]: Assert "(ta !=0) && (tlc_ !=0)"
**DIAG[optinfra/oiUtil.cpp:2137:getRiseDelay]: Assert "(ta !=0) && (tlc_ !=0)"
**DIAG[optinfra/oiUtil.cpp:2148:getFallDelay]: Assert "(ta !=0) && (tlc_ !=0)"
**DIAG[optinfra/oiUtil.cpp:2137:getRiseDelay]: Assert "(ta !=0) && (tlc_ !=0)"
**DIAG[optinfra/oiUtil.cpp:2148:getFallDelay]: Assert "(ta !=0) && (tlc_ !=0)"
**DIAG[optinfra/oiUtil.cpp:2137:getRiseDelay]: Assert "(ta !=0) && (tlc_ !=0)"
**DIAG[optinfra/oiUtil.cpp:2148:getFallDelay]: Assert "(ta !=0) && (tlc_ !=0)"
**DIAG[../../include/oiTmVNetlist.hpp:287:oiTmVInstTermCL]: Assert "timeLibContext_"
**DIAG[../../include/oiTmVNetlist.hpp:287:oiTmVInstTermCL]: Assert "timeLibContext_"
**DIAG[../../include/oiTmVNetlist.hpp:287:oiTmVInstTermCL]: Assert "timeLibContext_"
**DIAG[../../include/oiTmVNetlist.hpp:287:oiTmVInstTermCL]: Assert "timeLibContext_"
**DIAG[../../include/oiTmVNetlist.hpp:287:oiTmVInstTermCL]: Assert "timeLibContext_"
**DIAG[optinfra/oiUtil.cpp:2137:getRiseDelay]: Assert "(ta !=0) && (tlc_ !=0)"
**DIAG[optinfra/oiUtil.cpp:2148:getFallDelay]: Assert "(ta !=0) && (tlc_ !=0)"
**DIAG[optinfra/oiUtil.cpp:2137:getRiseDelay]: Assert "(ta !=0) && (tlc_ !=0)"
**DIAG[optinfra/oiUtil.cpp:2148:getFallDelay]: Assert "(ta !=0) && (tlc_ !=0)"
**DIAG[optinfra/oiUtil.cpp:2137:getRiseDelay]: Assert "(ta !=0) && (tlc_ !=0)"
**DIAG[optinfra/oiUtil.cpp:2148:getFallDelay]: Assert "(ta !=0) && (tlc_ !=0)"
**DIAG[optinfra/oiUtil.cpp:2137:getRiseDelay]: Assert "(ta !=0) && (tlc_ !=0)"
**DIAG[optinfra/oiUtil.cpp:2148:getFallDelay]: Assert "(ta !=0) && (tlc_ !=0)"
**DIAG[../../include/oiTmVNetlist.hpp:287:oiTmVInstTermCL]: Assert "timeLibContext_"
**DIAG[../../include/oiTmVNetlist.hpp:287:oiTmVInstTermCL]: Assert "timeLibContext_"
**DIAG[../../include/oiTmVNetlist.hpp:287:oiTmVInstTermCL]: Assert "timeLibContext_"
**DIAG[../../include/oiTmVNetlist.hpp:287:oiTmVInstTermCL]: Assert "timeLibContext_"
**DIAG[../../include/oiTmVNetlist.hpp:287:oiTmVInstTermCL]: Assert "timeLibContext_"
**DIAG[optinfra/oiUtil.cpp:2137:getRiseDelay]: Assert "(ta !=0) && (tlc_ !=0)"
**DIAG[optinfra/oiUtil.cpp:2148:getFallDelay]: Assert "(ta !=0) && (tlc_ !=0)"
**DIAG[optinfra/oiUtil.cpp:2137:getRiseDelay]: Assert "(ta !=0) && (tlc_ !=0)"
**DIAG[optinfra/oiUtil.cpp:2148:getFallDelay]: Assert "(ta !=0) && (tlc_ !=0)"
**DIAG[optinfra/oiUtil.cpp:2137:getRiseDelay]: Assert "(ta !=0) && (tlc_ !=0)"
**DIAG[optinfra/oiUtil.cpp:2148:getFallDelay]: Assert "(ta !=0) && (tlc_ !=0)"
**DIAG[optinfra/oiUtil.cpp:2137:getRiseDelay]: Assert "(ta !=0) && (tlc_ !=0)"
**DIAG[optinfra/oiUtil.cpp:2148:getFallDelay]: Assert "(ta !=0) && (tlc_ !=0)"
**DIAG[../../include/oiTmVNetlist.hpp:287:oiTmVInstTermCL]: Assert "timeLibContext_"
**DIAG[../../include/oiTmVNetlist.hpp:287:oiTmVInstTermCL]: Assert "timeLibContext_"
**DIAG[../../include/oiTmVNetlist.hpp:287:oiTmVInstTermCL]: Assert "timeLibContext_"
**DIAG[../../include/oiTmVNetlist.hpp:287:oiTmVInstTermCL]: Assert "timeLibContext_"
**DIAG[../../include/oiTmVNetlist.hpp:287:oiTmVInstTermCL]: Assert "timeLibContext_"
**DIAG[optinfra/oiUtil.cpp:2137:getRiseDelay]: Assert "(ta !=0) && (tlc_ !=0)"
**DIAG[optinfra/oiUtil.cpp:2148:getFallDelay]: Assert "(ta !=0) && (tlc_ !=0)"
**DIAG[optinfra/oiUtil.cpp:2137:getRiseDelay]: Assert "(ta !=0) && (tlc_ !=0)"
**DIAG[optinfra/oiUtil.cpp:2148:getFallDelay]: Assert "(ta !=0) && (tlc_ !=0)"
**DIAG[optinfra/oiUtil.cpp:2137:getRiseDelay]: Assert "(ta !=0) && (tlc_ !=0)"
**DIAG[optinfra/oiUtil.cpp:2148:getFallDelay]: Assert "(ta !=0) && (tlc_ !=0)"
**DIAG[optinfra/oiUtil.cpp:2137:getRiseDelay]: Assert "(ta !=0) && (tlc_ !=0)"
**DIAG[optinfra/oiUtil.cpp:2148:getFallDelay]: Assert "(ta !=0) && (tlc_ !=0)"
**DIAG[../../include/oiTmVNetlist.hpp:287:oiTmVInstTermCL]: Assert "timeLibContext_"
**DIAG[../../include/oiTmVNetlist.hpp:287:oiTmVInstTermCL]: Assert "timeLibContext_"
**DIAG[../../include/oiTmVNetlist.hpp:287:oiTmVInstTermCL]: Assert "timeLibContext_"
**DIAG[../../include/oiTmVNetlist.hpp:287:oiTmVInstTermCL]: Assert "timeLibContext_"
**DIAG[../../include/oiTmVNetlist.hpp:287:oiTmVInstTermCL]: Assert "timeLibContext_"
**DIAG[optinfra/oiUtil.cpp:2137:getRiseDelay]: Assert "(ta !=0) && (tlc_ !=0)"
**DIAG[optinfra/oiUtil.cpp:2148:getFallDelay]: Assert "(ta !=0) && (tlc_ !=0)"
**DIAG[optinfra/oiUtil.cpp:2137:getRiseDelay]: Assert "(ta !=0) && (tlc_ !=0)"
**DIAG[optinfra/oiUtil.cpp:2148:getFallDelay]: Assert "(ta !=0) && (tlc_ !=0)"
**DIAG[optinfra/oiUtil.cpp:2137:getRiseDelay]: Assert "(ta !=0) && (tlc_ !=0)"
**DIAG[optinfra/oiUtil.cpp:2148:getFallDelay]: Assert "(ta !=0) && (tlc_ !=0)"
**DIAG[optinfra/oiUtil.cpp:2137:getRiseDelay]: Assert "(ta !=0) && (tlc_ !=0)"
**DIAG[optinfra/oiUtil.cpp:2148:getFallDelay]: Assert "(ta !=0) && (tlc_ !=0)"
**DIAG[../../include/oiTmVNetlist.hpp:287:oiTmVInstTermCL]: Assert "timeLibContext_"
**DIAG[../../include/oiTmVNetlist.hpp:287:oiTmVInstTermCL]: Assert "timeLibContext_"
**DIAG[../../include/oiTmVNetlist.hpp:287:oiTmVInstTermCL]: Assert "timeLibContext_"
**DIAG[../../include/oiTmVNetlist.hpp:287:oiTmVInstTermCL]: Assert "timeLibContext_"
**DIAG[../../include/oiTmVNetlist.hpp:287:oiTmVInstTermCL]: Assert "timeLibContext_"
**DIAG[../../include/oiTmVNetlist.hpp:287:oiTmVInstTermCL]: Assert "timeLibContext_"
**DIAG[../../include/oiTmVNetlist.hpp:287:oiTmVInstTermCL]: Assert "timeLibContext_"
**DIAG[optinfra/oiUtil.cpp:2137:getRiseDelay]: Assert "(ta !=0) && (tlc_ !=0)"
**DIAG[optinfra/oiUtil.cpp:2148:getFallDelay]: Assert "(ta !=0) && (tlc_ !=0)"
**DIAG[optinfra/oiUtil.cpp:2137:getRiseDelay]: Assert "(ta !=0) && (tlc_ !=0)"
**DIAG[optinfra/oiUtil.cpp:2148:getFallDelay]: Assert "(ta !=0) && (tlc_ !=0)"
**DIAG[optinfra/oiUtil.cpp:2137:getRiseDelay]: Assert "(ta !=0) && (tlc_ !=0)"
**DIAG[optinfra/oiUtil.cpp:2148:getFallDelay]: Assert "(ta !=0) && (tlc_ !=0)"
**DIAG[optinfra/oiUtil.cpp:2137:getRiseDelay]: Assert "(ta !=0) && (tlc_ !=0)"
**DIAG[optinfra/oiUtil.cpp:2148:getFallDelay]: Assert "(ta !=0) && (tlc_ !=0)"
**DIAG[optinfra/oiUtil.cpp:2137:getRiseDelay]: Assert "(ta !=0) && (tlc_ !=0)"
**DIAG[optinfra/oiUtil.cpp:2148:getFallDelay]: Assert "(ta !=0) && (tlc_ !=0)"
**DIAG[optinfra/oiUtil.cpp:2137:getRiseDelay]: Assert "(ta !=0) && (tlc_ !=0)"
**DIAG[optinfra/oiUtil.cpp:2148:getFallDelay]: Assert "(ta !=0) && (tlc_ !=0)"
**DIAG[../../include/oiTmVNetlist.hpp:287:oiTmVInstTermCL]: Assert "timeLibContext_"
**DIAG[../../include/oiTmVNetlist.hpp:287:oiTmVInstTermCL]: Assert "timeLibContext_"
**DIAG[../../include/oiTmVNetlist.hpp:287:oiTmVInstTermCL]: Assert "timeLibContext_"
**DIAG[../../include/oiTmVNetlist.hpp:287:oiTmVInstTermCL]: Assert "timeLibContext_"
**DIAG[../../include/oiTmVNetlist.hpp:287:oiTmVInstTermCL]: Assert "timeLibContext_"
**DIAG[../../include/oiTmVNetlist.hpp:287:oiTmVInstTermCL]: Assert "timeLibContext_"
**DIAG[../../include/oiTmVNetlist.hpp:287:oiTmVInstTermCL]: Assert "timeLibContext_"
**DIAG[optinfra/oiUtil.cpp:2137:getRiseDelay]: Assert "(ta !=0) && (tlc_ !=0)"
**DIAG[optinfra/oiUtil.cpp:2148:getFallDelay]: Assert "(ta !=0) && (tlc_ !=0)"
**DIAG[optinfra/oiUtil.cpp:2137:getRiseDelay]: Assert "(ta !=0) && (tlc_ !=0)"
**DIAG[optinfra/oiUtil.cpp:2148:getFallDelay]: Assert "(ta !=0) && (tlc_ !=0)"
**DIAG[optinfra/oiUtil.cpp:2137:getRiseDelay]: Assert "(ta !=0) && (tlc_ !=0)"
**DIAG[optinfra/oiUtil.cpp:2148:getFallDelay]: Assert "(ta !=0) && (tlc_ !=0)"
**DIAG[optinfra/oiUtil.cpp:2137:getRiseDelay]: Assert "(ta !=0) && (tlc_ !=0)"
**DIAG[optinfra/oiUtil.cpp:2148:getFallDelay]: Assert "(ta !=0) && (tlc_ !=0)"
**DIAG[optinfra/oiUtil.cpp:2137:getRiseDelay]: Assert "(ta !=0) && (tlc_ !=0)"
**DIAG[optinfra/oiUtil.cpp:2148:getFallDelay]: Assert "(ta !=0) && (tlc_ !=0)"
**DIAG[optinfra/oiUtil.cpp:2137:getRiseDelay]: Assert "(ta !=0) && (tlc_ !=0)"
**DIAG[optinfra/oiUtil.cpp:2148:getFallDelay]: Assert "(ta !=0) && (tlc_ !=0)"
**DIAG[../../include/oiTmVNetlist.hpp:287:oiTmVInstTermCL]: Assert "timeLibContext_"
**DIAG[../../include/oiTmVNetlist.hpp:287:oiTmVInstTermCL]: Assert "timeLibContext_"
**DIAG[../../include/oiTmVNetlist.hpp:287:oiTmVInstTermCL]: Assert "timeLibContext_"
**DIAG[../../include/oiTmVNetlist.hpp:287:oiTmVInstTermCL]: Assert "timeLibContext_"
**DIAG[../../include/oiTmVNetlist.hpp:287:oiTmVInstTermCL]: Assert "timeLibContext_"
**DIAG[../../include/oiTmVNetlist.hpp:287:oiTmVInstTermCL]: Assert "timeLibContext_"
**DIAG[../../include/oiTmVNetlist.hpp:287:oiTmVInstTermCL]: Assert "timeLibContext_"
**DIAG[optinfra/oiUtil.cpp:2137:getRiseDelay]: Assert "(ta !=0) && (tlc_ !=0)"
**DIAG[optinfra/oiUtil.cpp:2148:getFallDelay]: Assert "(ta !=0) && (tlc_ !=0)"
**DIAG[optinfra/oiUtil.cpp:2137:getRiseDelay]: Assert "(ta !=0) && (tlc_ !=0)"
**DIAG[optinfra/oiUtil.cpp:2148:getFallDelay]: Assert "(ta !=0) && (tlc_ !=0)"
**DIAG[optinfra/oiUtil.cpp:2137:getRiseDelay]: Assert "(ta !=0) && (tlc_ !=0)"
**DIAG[optinfra/oiUtil.cpp:2148:getFallDelay]: Assert "(ta !=0) && (tlc_ !=0)"
**DIAG[optinfra/oiUtil.cpp:2137:getRiseDelay]: Assert "(ta !=0) && (tlc_ !=0)"
**DIAG[optinfra/oiUtil.cpp:2148:getFallDelay]: Assert "(ta !=0) && (tlc_ !=0)"
**DIAG[optinfra/oiUtil.cpp:2137:getRiseDelay]: Assert "(ta !=0) && (tlc_ !=0)"
**DIAG[optinfra/oiUtil.cpp:2148:getFallDelay]: Assert "(ta !=0) && (tlc_ !=0)"
**DIAG[optinfra/oiUtil.cpp:2137:getRiseDelay]: Assert "(ta !=0) && (tlc_ !=0)"
**DIAG[optinfra/oiUtil.cpp:2148:getFallDelay]: Assert "(ta !=0) && (tlc_ !=0)"
**DIAG[../../include/oiTmVNetlist.hpp:287:oiTmVInstTermCL]: Assert "timeLibContext_"
**DIAG[../../include/oiTmVNetlist.hpp:287:oiTmVInstTermCL]: Assert "timeLibContext_"
**DIAG[../../include/oiTmVNetlist.hpp:287:oiTmVInstTermCL]: Assert "timeLibContext_"
**DIAG[../../include/oiTmVNetlist.hpp:287:oiTmVInstTermCL]: Assert "timeLibContext_"
**DIAG[../../include/oiTmVNetlist.hpp:287:oiTmVInstTermCL]: Assert "timeLibContext_"
**DIAG[../../include/oiTmVNetlist.hpp:287:oiTmVInstTermCL]: Assert "timeLibContext_"
**DIAG[../../include/oiTmVNetlist.hpp:287:oiTmVInstTermCL]: Assert "timeLibContext_"
**DIAG[optinfra/oiUtil.cpp:2137:getRiseDelay]: Assert "(ta !=0) && (tlc_ !=0)"
**DIAG[optinfra/oiUtil.cpp:2148:getFallDelay]: Assert "(ta !=0) && (tlc_ !=0)"
**DIAG[optinfra/oiUtil.cpp:2137:getRiseDelay]: Assert "(ta !=0) && (tlc_ !=0)"
**DIAG[optinfra/oiUtil.cpp:2148:getFallDelay]: Assert "(ta !=0) && (tlc_ !=0)"
**DIAG[optinfra/oiUtil.cpp:2137:getRiseDelay]: Assert "(ta !=0) && (tlc_ !=0)"
**DIAG[optinfra/oiUtil.cpp:2148:getFallDelay]: Assert "(ta !=0) && (tlc_ !=0)"
**DIAG[optinfra/oiUtil.cpp:2137:getRiseDelay]: Assert "(ta !=0) && (tlc_ !=0)"
**DIAG[optinfra/oiUtil.cpp:2148:getFallDelay]: Assert "(ta !=0) && (tlc_ !=0)"
**DIAG[optinfra/oiUtil.cpp:2137:getRiseDelay]: Assert "(ta !=0) && (tlc_ !=0)"
**DIAG[optinfra/oiUtil.cpp:2148:getFallDelay]: Assert "(ta !=0) && (tlc_ !=0)"
**DIAG[optinfra/oiUtil.cpp:2137:getRiseDelay]: Assert "(ta !=0) && (tlc_ !=0)"
**DIAG[optinfra/oiUtil.cpp:2148:getFallDelay]: Assert "(ta !=0) && (tlc_ !=0)"
**DIAG[../../include/oiTmVNetlist.hpp:287:oiTmVInstTermCL]: Assert "timeLibContext_"
**DIAG[../../include/oiTmVNetlist.hpp:287:oiTmVInstTermCL]: Assert "timeLibContext_"
**DIAG[../../include/oiTmVNetlist.hpp:287:oiTmVInstTermCL]: Assert "timeLibContext_"
**DIAG[../../include/oiTmVNetlist.hpp:287:oiTmVInstTermCL]: Assert "timeLibContext_"
**DIAG[../../include/oiTmVNetlist.hpp:287:oiTmVInstTermCL]: Assert "timeLibContext_"
**DIAG[../../include/oiTmVNetlist.hpp:287:oiTmVInstTermCL]: Assert "timeLibContext_"
**DIAG[../../include/oiTmVNetlist.hpp:287:oiTmVInstTermCL]: Assert "timeLibContext_"
**DIAG[optinfra/oiUtil.cpp:2137:getRiseDelay]: Assert "(ta !=0) && (tlc_ !=0)"
**DIAG[optinfra/oiUtil.cpp:2148:getFallDelay]: Assert "(ta !=0) && (tlc_ !=0)"
**DIAG[optinfra/oiUtil.cpp:2137:getRiseDelay]: Assert "(ta !=0) && (tlc_ !=0)"
**DIAG[optinfra/oiUtil.cpp:2148:getFallDelay]: Assert "(ta !=0) && (tlc_ !=0)"
**DIAG[optinfra/oiUtil.cpp:2137:getRiseDelay]: Assert "(ta !=0) && (tlc_ !=0)"
**DIAG[optinfra/oiUtil.cpp:2148:getFallDelay]: Assert "(ta !=0) && (tlc_ !=0)"
**DIAG[optinfra/oiUtil.cpp:2137:getRiseDelay]: Assert "(ta !=0) && (tlc_ !=0)"
**DIAG[optinfra/oiUtil.cpp:2148:getFallDelay]: Assert "(ta !=0) && (tlc_ !=0)"
**DIAG[optinfra/oiUtil.cpp:2137:getRiseDelay]: Assert "(ta !=0) && (tlc_ !=0)"
**DIAG[optinfra/oiUtil.cpp:2148:getFallDelay]: Assert "(ta !=0) && (tlc_ !=0)"
**DIAG[optinfra/oiUtil.cpp:2137:getRiseDelay]: Assert "(ta !=0) && (tlc_ !=0)"
**DIAG[optinfra/oiUtil.cpp:2148:getFallDelay]: Assert "(ta !=0) && (tlc_ !=0)"
**DIAG[../../include/oiTmVNetlist.hpp:287:oiTmVInstTermCL]: Assert "timeLibContext_"
**DIAG[../../include/oiTmVNetlist.hpp:287:oiTmVInstTermCL]: Assert "timeLibContext_"
**DIAG[../../include/oiTmVNetlist.hpp:287:oiTmVInstTermCL]: Assert "timeLibContext_"
**DIAG[../../include/oiTmVNetlist.hpp:287:oiTmVInstTermCL]: Assert "timeLibContext_"
**DIAG[../../include/oiTmVNetlist.hpp:287:oiTmVInstTermCL]: Assert "timeLibContext_"
**DIAG[../../include/oiTmVNetlist.hpp:287:oiTmVInstTermCL]: Assert "timeLibContext_"
**DIAG[../../include/oiTmVNetlist.hpp:287:oiTmVInstTermCL]: Assert "timeLibContext_"
**DIAG[optinfra/oiUtil.cpp:2137:getRiseDelay]: Assert "(ta !=0) && (tlc_ !=0)"
**DIAG[optinfra/oiUtil.cpp:2148:getFallDelay]: Assert "(ta !=0) && (tlc_ !=0)"
**DIAG[optinfra/oiUtil.cpp:2137:getRiseDelay]: Assert "(ta !=0) && (tlc_ !=0)"
**DIAG[optinfra/oiUtil.cpp:2148:getFallDelay]: Assert "(ta !=0) && (tlc_ !=0)"
**DIAG[optinfra/oiUtil.cpp:2137:getRiseDelay]: Assert "(ta !=0) && (tlc_ !=0)"
**DIAG[optinfra/oiUtil.cpp:2148:getFallDelay]: Assert "(ta !=0) && (tlc_ !=0)"
**DIAG[optinfra/oiUtil.cpp:2137:getRiseDelay]: Assert "(ta !=0) && (tlc_ !=0)"
**DIAG[optinfra/oiUtil.cpp:2148:getFallDelay]: Assert "(ta !=0) && (tlc_ !=0)"
**DIAG[optinfra/oiUtil.cpp:2137:getRiseDelay]: Assert "(ta !=0) && (tlc_ !=0)"
**DIAG[optinfra/oiUtil.cpp:2148:getFallDelay]: Assert "(ta !=0) && (tlc_ !=0)"
**DIAG[optinfra/oiUtil.cpp:2137:getRiseDelay]: Assert "(ta !=0) && (tlc_ !=0)"
**DIAG[optinfra/oiUtil.cpp:2148:getFallDelay]: Assert "(ta !=0) && (tlc_ !=0)"
**DIAG[../../include/oiTmVNetlist.hpp:287:oiTmVInstTermCL]: Assert "timeLibContext_"
**DIAG[../../include/oiTmVNetlist.hpp:287:oiTmVInstTermCL]: Assert "timeLibContext_"
**DIAG[../../include/oiTmVNetlist.hpp:287:oiTmVInstTermCL]: Assert "timeLibContext_"
**DIAG[../../include/oiTmVNetlist.hpp:287:oiTmVInstTermCL]: Assert "timeLibContext_"
**DIAG[../../include/oiTmVNetlist.hpp:287:oiTmVInstTermCL]: Assert "timeLibContext_"
**DIAG[../../include/oiTmVNetlist.hpp:287:oiTmVInstTermCL]: Assert "timeLibContext_"
**DIAG[../../include/oiTmVNetlist.hpp:287:oiTmVInstTermCL]: Assert "timeLibContext_"
**DIAG[../../include/oiTmVNetlist.hpp:287:oiTmVInstTermCL]: Assert "timeLibContext_"
**DIAG[../../include/oiTmVNetlist.hpp:287:oiTmVInstTermCL]: Assert "timeLibContext_"
**DIAG[optinfra/oiUtil.cpp:2137:getRiseDelay]: Assert "(ta !=0) && (tlc_ !=0)"
**DIAG[optinfra/oiUtil.cpp:2148:getFallDelay]: Assert "(ta !=0) && (tlc_ !=0)"
**DIAG[optinfra/oiUtil.cpp:2137:getRiseDelay]: Assert "(ta !=0) && (tlc_ !=0)"
**DIAG[optinfra/oiUtil.cpp:2148:getFallDelay]: Assert "(ta !=0) && (tlc_ !=0)"
**DIAG[optinfra/oiUtil.cpp:2137:getRiseDelay]: Assert "(ta !=0) && (tlc_ !=0)"
**DIAG[optinfra/oiUtil.cpp:2148:getFallDelay]: Assert "(ta !=0) && (tlc_ !=0)"
**DIAG[optinfra/oiUtil.cpp:2137:getRiseDelay]: Assert "(ta !=0) && (tlc_ !=0)"
**DIAG[optinfra/oiUtil.cpp:2148:getFallDelay]: Assert "(ta !=0) && (tlc_ !=0)"
**DIAG[optinfra/oiUtil.cpp:2137:getRiseDelay]: Assert "(ta !=0) && (tlc_ !=0)"
**DIAG[optinfra/oiUtil.cpp:2148:getFallDelay]: Assert "(ta !=0) && (tlc_ !=0)"
**DIAG[optinfra/oiUtil.cpp:2137:getRiseDelay]: Assert "(ta !=0) && (tlc_ !=0)"
**DIAG[optinfra/oiUtil.cpp:2148:getFallDelay]: Assert "(ta !=0) && (tlc_ !=0)"
**DIAG[optinfra/oiUtil.cpp:2137:getRiseDelay]: Assert "(ta !=0) && (tlc_ !=0)"
**DIAG[optinfra/oiUtil.cpp:2148:getFallDelay]: Assert "(ta !=0) && (tlc_ !=0)"
**DIAG[optinfra/oiUtil.cpp:2137:getRiseDelay]: Assert "(ta !=0) && (tlc_ !=0)"
**DIAG[optinfra/oiUtil.cpp:2148:getFallDelay]: Assert "(ta !=0) && (tlc_ !=0)"
**DIAG[../../include/oiTmVNetlist.hpp:287:oiTmVInstTermCL]: Assert "timeLibContext_"
**DIAG[../../include/oiTmVNetlist.hpp:287:oiTmVInstTermCL]: Assert "timeLibContext_"
**DIAG[../../include/oiTmVNetlist.hpp:287:oiTmVInstTermCL]: Assert "timeLibContext_"
**DIAG[../../include/oiTmVNetlist.hpp:287:oiTmVInstTermCL]: Assert "timeLibContext_"
**DIAG[../../include/oiTmVNetlist.hpp:287:oiTmVInstTermCL]: Assert "timeLibContext_"
**DIAG[../../include/oiTmVNetlist.hpp:287:oiTmVInstTermCL]: Assert "timeLibContext_"
**DIAG[../../include/oiTmVNetlist.hpp:287:oiTmVInstTermCL]: Assert "timeLibContext_"
**DIAG[../../include/oiTmVNetlist.hpp:287:oiTmVInstTermCL]: Assert "timeLibContext_"
**DIAG[../../include/oiTmVNetlist.hpp:287:oiTmVInstTermCL]: Assert "timeLibContext_"
**DIAG[optinfra/oiUtil.cpp:2137:getRiseDelay]: Assert "(ta !=0) && (tlc_ !=0)"
**DIAG[optinfra/oiUtil.cpp:2148:getFallDelay]: Assert "(ta !=0) && (tlc_ !=0)"
**DIAG[optinfra/oiUtil.cpp:2137:getRiseDelay]: Assert "(ta !=0) && (tlc_ !=0)"
**DIAG[optinfra/oiUtil.cpp:2148:getFallDelay]: Assert "(ta !=0) && (tlc_ !=0)"
**DIAG[optinfra/oiUtil.cpp:2137:getRiseDelay]: Assert "(ta !=0) && (tlc_ !=0)"
**DIAG[optinfra/oiUtil.cpp:2148:getFallDelay]: Assert "(ta !=0) && (tlc_ !=0)"
**DIAG[optinfra/oiUtil.cpp:2137:getRiseDelay]: Assert "(ta !=0) && (tlc_ !=0)"
**DIAG[optinfra/oiUtil.cpp:2148:getFallDelay]: Assert "(ta !=0) && (tlc_ !=0)"
**DIAG[optinfra/oiUtil.cpp:2137:getRiseDelay]: Assert "(ta !=0) && (tlc_ !=0)"
**DIAG[optinfra/oiUtil.cpp:2148:getFallDelay]: Assert "(ta !=0) && (tlc_ !=0)"
**DIAG[optinfra/oiUtil.cpp:2137:getRiseDelay]: Assert "(ta !=0) && (tlc_ !=0)"
**DIAG[optinfra/oiUtil.cpp:2148:getFallDelay]: Assert "(ta !=0) && (tlc_ !=0)"
**DIAG[optinfra/oiUtil.cpp:2137:getRiseDelay]: Assert "(ta !=0) && (tlc_ !=0)"
**DIAG[optinfra/oiUtil.cpp:2148:getFallDelay]: Assert "(ta !=0) && (tlc_ !=0)"
**DIAG[optinfra/oiUtil.cpp:2137:getRiseDelay]: Assert "(ta !=0) && (tlc_ !=0)"
**DIAG[optinfra/oiUtil.cpp:2148:getFallDelay]: Assert "(ta !=0) && (tlc_ !=0)"
**DIAG[../../include/oiTmVNetlist.hpp:287:oiTmVInstTermCL]: Assert "timeLibContext_"
**DIAG[../../include/oiTmVNetlist.hpp:287:oiTmVInstTermCL]: Assert "timeLibContext_"
**DIAG[../../include/oiTmVNetlist.hpp:287:oiTmVInstTermCL]: Assert "timeLibContext_"
**DIAG[../../include/oiTmVNetlist.hpp:287:oiTmVInstTermCL]: Assert "timeLibContext_"
**DIAG[../../include/oiTmVNetlist.hpp:287:oiTmVInstTermCL]: Assert "timeLibContext_"
**DIAG[../../include/oiTmVNetlist.hpp:287:oiTmVInstTermCL]: Assert "timeLibContext_"
**DIAG[../../include/oiTmVNetlist.hpp:287:oiTmVInstTermCL]: Assert "timeLibContext_"
**DIAG[../../include/oiTmVNetlist.hpp:287:oiTmVInstTermCL]: Assert "timeLibContext_"
**DIAG[../../include/oiTmVNetlist.hpp:287:oiTmVInstTermCL]: Assert "timeLibContext_"
**DIAG[optinfra/oiUtil.cpp:2137:getRiseDelay]: Assert "(ta !=0) && (tlc_ !=0)"
**DIAG[optinfra/oiUtil.cpp:2148:getFallDelay]: Assert "(ta !=0) && (tlc_ !=0)"
**DIAG[optinfra/oiUtil.cpp:2137:getRiseDelay]: Assert "(ta !=0) && (tlc_ !=0)"
**DIAG[optinfra/oiUtil.cpp:2148:getFallDelay]: Assert "(ta !=0) && (tlc_ !=0)"
**DIAG[optinfra/oiUtil.cpp:2137:getRiseDelay]: Assert "(ta !=0) && (tlc_ !=0)"
**DIAG[optinfra/oiUtil.cpp:2148:getFallDelay]: Assert "(ta !=0) && (tlc_ !=0)"
**DIAG[optinfra/oiUtil.cpp:2137:getRiseDelay]: Assert "(ta !=0) && (tlc_ !=0)"
**DIAG[optinfra/oiUtil.cpp:2148:getFallDelay]: Assert "(ta !=0) && (tlc_ !=0)"
**DIAG[optinfra/oiUtil.cpp:2137:getRiseDelay]: Assert "(ta !=0) && (tlc_ !=0)"
**DIAG[optinfra/oiUtil.cpp:2148:getFallDelay]: Assert "(ta !=0) && (tlc_ !=0)"
**DIAG[optinfra/oiUtil.cpp:2137:getRiseDelay]: Assert "(ta !=0) && (tlc_ !=0)"
**DIAG[optinfra/oiUtil.cpp:2148:getFallDelay]: Assert "(ta !=0) && (tlc_ !=0)"
**DIAG[optinfra/oiUtil.cpp:2137:getRiseDelay]: Assert "(ta !=0) && (tlc_ !=0)"
**DIAG[optinfra/oiUtil.cpp:2148:getFallDelay]: Assert "(ta !=0) && (tlc_ !=0)"
**DIAG[optinfra/oiUtil.cpp:2137:getRiseDelay]: Assert "(ta !=0) && (tlc_ !=0)"
**DIAG[optinfra/oiUtil.cpp:2148:getFallDelay]: Assert "(ta !=0) && (tlc_ !=0)"
**DIAG[../../include/oiTmVNetlist.hpp:287:oiTmVInstTermCL]: Assert "timeLibContext_"
**DIAG[../../include/oiTmVNetlist.hpp:287:oiTmVInstTermCL]: Assert "timeLibContext_"
**DIAG[../../include/oiTmVNetlist.hpp:287:oiTmVInstTermCL]: Assert "timeLibContext_"
**DIAG[../../include/oiTmVNetlist.hpp:287:oiTmVInstTermCL]: Assert "timeLibContext_"
**DIAG[../../include/oiTmVNetlist.hpp:287:oiTmVInstTermCL]: Assert "timeLibContext_"
**DIAG[../../include/oiTmVNetlist.hpp:287:oiTmVInstTermCL]: Assert "timeLibContext_"
**DIAG[../../include/oiTmVNetlist.hpp:287:oiTmVInstTermCL]: Assert "timeLibContext_"
**DIAG[../../include/oiTmVNetlist.hpp:287:oiTmVInstTermCL]: Assert "timeLibContext_"
**DIAG[../../include/oiTmVNetlist.hpp:287:oiTmVInstTermCL]: Assert "timeLibContext_"
**DIAG[optinfra/oiUtil.cpp:2137:getRiseDelay]: Assert "(ta !=0) && (tlc_ !=0)"
**DIAG[optinfra/oiUtil.cpp:2148:getFallDelay]: Assert "(ta !=0) && (tlc_ !=0)"
**DIAG[optinfra/oiUtil.cpp:2137:getRiseDelay]: Assert "(ta !=0) && (tlc_ !=0)"
**DIAG[optinfra/oiUtil.cpp:2148:getFallDelay]: Assert "(ta !=0) && (tlc_ !=0)"
**DIAG[optinfra/oiUtil.cpp:2137:getRiseDelay]: Assert "(ta !=0) && (tlc_ !=0)"
**DIAG[optinfra/oiUtil.cpp:2148:getFallDelay]: Assert "(ta !=0) && (tlc_ !=0)"
**DIAG[optinfra/oiUtil.cpp:2137:getRiseDelay]: Assert "(ta !=0) && (tlc_ !=0)"
**DIAG[optinfra/oiUtil.cpp:2148:getFallDelay]: Assert "(ta !=0) && (tlc_ !=0)"
**DIAG[optinfra/oiUtil.cpp:2137:getRiseDelay]: Assert "(ta !=0) && (tlc_ !=0)"
**DIAG[optinfra/oiUtil.cpp:2148:getFallDelay]: Assert "(ta !=0) && (tlc_ !=0)"
**DIAG[optinfra/oiUtil.cpp:2137:getRiseDelay]: Assert "(ta !=0) && (tlc_ !=0)"
**DIAG[optinfra/oiUtil.cpp:2148:getFallDelay]: Assert "(ta !=0) && (tlc_ !=0)"
**DIAG[optinfra/oiUtil.cpp:2137:getRiseDelay]: Assert "(ta !=0) && (tlc_ !=0)"
**DIAG[optinfra/oiUtil.cpp:2148:getFallDelay]: Assert "(ta !=0) && (tlc_ !=0)"
**DIAG[optinfra/oiUtil.cpp:2137:getRiseDelay]: Assert "(ta !=0) && (tlc_ !=0)"
**DIAG[optinfra/oiUtil.cpp:2148:getFallDelay]: Assert "(ta !=0) && (tlc_ !=0)"
**DIAG[../../include/oiTmVNetlist.hpp:287:oiTmVInstTermCL]: Assert "timeLibContext_"
**DIAG[../../include/oiTmVNetlist.hpp:287:oiTmVInstTermCL]: Assert "timeLibContext_"
**DIAG[../../include/oiTmVNetlist.hpp:287:oiTmVInstTermCL]: Assert "timeLibContext_"
**DIAG[../../include/oiTmVNetlist.hpp:287:oiTmVInstTermCL]: Assert "timeLibContext_"
**DIAG[../../include/oiTmVNetlist.hpp:287:oiTmVInstTermCL]: Assert "timeLibContext_"
**DIAG[../../include/oiTmVNetlist.hpp:287:oiTmVInstTermCL]: Assert "timeLibContext_"
**DIAG[../../include/oiTmVNetlist.hpp:287:oiTmVInstTermCL]: Assert "timeLibContext_"
**DIAG[../../include/oiTmVNetlist.hpp:287:oiTmVInstTermCL]: Assert "timeLibContext_"
**DIAG[../../include/oiTmVNetlist.hpp:287:oiTmVInstTermCL]: Assert "timeLibContext_"
**DIAG[optinfra/oiUtil.cpp:2137:getRiseDelay]: Assert "(ta !=0) && (tlc_ !=0)"
**DIAG[optinfra/oiUtil.cpp:2148:getFallDelay]: Assert "(ta !=0) && (tlc_ !=0)"
**DIAG[optinfra/oiUtil.cpp:2137:getRiseDelay]: Assert "(ta !=0) && (tlc_ !=0)"
**DIAG[optinfra/oiUtil.cpp:2148:getFallDelay]: Assert "(ta !=0) && (tlc_ !=0)"
**DIAG[optinfra/oiUtil.cpp:2137:getRiseDelay]: Assert "(ta !=0) && (tlc_ !=0)"
**DIAG[optinfra/oiUtil.cpp:2148:getFallDelay]: Assert "(ta !=0) && (tlc_ !=0)"
**DIAG[optinfra/oiUtil.cpp:2137:getRiseDelay]: Assert "(ta !=0) && (tlc_ !=0)"
**DIAG[optinfra/oiUtil.cpp:2148:getFallDelay]: Assert "(ta !=0) && (tlc_ !=0)"
**DIAG[optinfra/oiUtil.cpp:2137:getRiseDelay]: Assert "(ta !=0) && (tlc_ !=0)"
**DIAG[optinfra/oiUtil.cpp:2148:getFallDelay]: Assert "(ta !=0) && (tlc_ !=0)"
**DIAG[optinfra/oiUtil.cpp:2137:getRiseDelay]: Assert "(ta !=0) && (tlc_ !=0)"
**DIAG[optinfra/oiUtil.cpp:2148:getFallDelay]: Assert "(ta !=0) && (tlc_ !=0)"
**DIAG[optinfra/oiUtil.cpp:2137:getRiseDelay]: Assert "(ta !=0) && (tlc_ !=0)"
**DIAG[optinfra/oiUtil.cpp:2148:getFallDelay]: Assert "(ta !=0) && (tlc_ !=0)"
**DIAG[optinfra/oiUtil.cpp:2137:getRiseDelay]: Assert "(ta !=0) && (tlc_ !=0)"
**DIAG[optinfra/oiUtil.cpp:2148:getFallDelay]: Assert "(ta !=0) && (tlc_ !=0)"
**DIAG[../../include/oiTmVNetlist.hpp:287:oiTmVInstTermCL]: Assert "timeLibContext_"
**DIAG[../../include/oiTmVNetlist.hpp:287:oiTmVInstTermCL]: Assert "timeLibContext_"
**DIAG[../../include/oiTmVNetlist.hpp:287:oiTmVInstTermCL]: Assert "timeLibContext_"
**DIAG[../../include/oiTmVNetlist.hpp:287:oiTmVInstTermCL]: Assert "timeLibContext_"
**DIAG[../../include/oiTmVNetlist.hpp:287:oiTmVInstTermCL]: Assert "timeLibContext_"
**DIAG[../../include/oiTmVNetlist.hpp:287:oiTmVInstTermCL]: Assert "timeLibContext_"
**DIAG[../../include/oiTmVNetlist.hpp:287:oiTmVInstTermCL]: Assert "timeLibContext_"
**DIAG[../../include/oiTmVNetlist.hpp:287:oiTmVInstTermCL]: Assert "timeLibContext_"
**DIAG[../../include/oiTmVNetlist.hpp:287:oiTmVInstTermCL]: Assert "timeLibContext_"
**DIAG[optinfra/oiUtil.cpp:2137:getRiseDelay]: Assert "(ta !=0) && (tlc_ !=0)"
**DIAG[optinfra/oiUtil.cpp:2148:getFallDelay]: Assert "(ta !=0) && (tlc_ !=0)"
**DIAG[optinfra/oiUtil.cpp:2137:getRiseDelay]: Assert "(ta !=0) && (tlc_ !=0)"
**DIAG[optinfra/oiUtil.cpp:2148:getFallDelay]: Assert "(ta !=0) && (tlc_ !=0)"
**DIAG[optinfra/oiUtil.cpp:2137:getRiseDelay]: Assert "(ta !=0) && (tlc_ !=0)"
**DIAG[optinfra/oiUtil.cpp:2148:getFallDelay]: Assert "(ta !=0) && (tlc_ !=0)"
**DIAG[optinfra/oiUtil.cpp:2137:getRiseDelay]: Assert "(ta !=0) && (tlc_ !=0)"
**DIAG[optinfra/oiUtil.cpp:2148:getFallDelay]: Assert "(ta !=0) && (tlc_ !=0)"
**DIAG[optinfra/oiUtil.cpp:2137:getRiseDelay]: Assert "(ta !=0) && (tlc_ !=0)"
**DIAG[optinfra/oiUtil.cpp:2148:getFallDelay]: Assert "(ta !=0) && (tlc_ !=0)"
**DIAG[optinfra/oiUtil.cpp:2137:getRiseDelay]: Assert "(ta !=0) && (tlc_ !=0)"
**DIAG[optinfra/oiUtil.cpp:2148:getFallDelay]: Assert "(ta !=0) && (tlc_ !=0)"
**DIAG[optinfra/oiUtil.cpp:2137:getRiseDelay]: Assert "(ta !=0) && (tlc_ !=0)"
**DIAG[optinfra/oiUtil.cpp:2148:getFallDelay]: Assert "(ta !=0) && (tlc_ !=0)"
**DIAG[optinfra/oiUtil.cpp:2137:getRiseDelay]: Assert "(ta !=0) && (tlc_ !=0)"
**DIAG[optinfra/oiUtil.cpp:2148:getFallDelay]: Assert "(ta !=0) && (tlc_ !=0)"
**DIAG[../../include/oiTmVNetlist.hpp:287:oiTmVInstTermCL]: Assert "timeLibContext_"
**DIAG[../../include/oiTmVNetlist.hpp:287:oiTmVInstTermCL]: Assert "timeLibContext_"
**DIAG[../../include/oiTmVNetlist.hpp:287:oiTmVInstTermCL]: Assert "timeLibContext_"
**DIAG[../../include/oiTmVNetlist.hpp:287:oiTmVInstTermCL]: Assert "timeLibContext_"
**DIAG[../../include/oiTmVNetlist.hpp:287:oiTmVInstTermCL]: Assert "timeLibContext_"
**DIAG[optinfra/oiUtil.cpp:2137:getRiseDelay]: Assert "(ta !=0) && (tlc_ !=0)"
**DIAG[optinfra/oiUtil.cpp:2148:getFallDelay]: Assert "(ta !=0) && (tlc_ !=0)"
**DIAG[optinfra/oiUtil.cpp:2137:getRiseDelay]: Assert "(ta !=0) && (tlc_ !=0)"
**DIAG[optinfra/oiUtil.cpp:2148:getFallDelay]: Assert "(ta !=0) && (tlc_ !=0)"
**DIAG[optinfra/oiUtil.cpp:2137:getRiseDelay]: Assert "(ta !=0) && (tlc_ !=0)"
**DIAG[optinfra/oiUtil.cpp:2148:getFallDelay]: Assert "(ta !=0) && (tlc_ !=0)"
**DIAG[optinfra/oiUtil.cpp:2137:getRiseDelay]: Assert "(ta !=0) && (tlc_ !=0)"
**DIAG[optinfra/oiUtil.cpp:2148:getFallDelay]: Assert "(ta !=0) && (tlc_ !=0)"
**DIAG[../../include/oiTmVNetlist.hpp:287:oiTmVInstTermCL]: Assert "timeLibContext_"
**DIAG[../../include/oiTmVNetlist.hpp:287:oiTmVInstTermCL]: Assert "timeLibContext_"
**DIAG[../../include/oiTmVNetlist.hpp:287:oiTmVInstTermCL]: Assert "timeLibContext_"
**DIAG[../../include/oiTmVNetlist.hpp:287:oiTmVInstTermCL]: Assert "timeLibContext_"
**DIAG[../../include/oiTmVNetlist.hpp:287:oiTmVInstTermCL]: Assert "timeLibContext_"
**DIAG[optinfra/oiUtil.cpp:2137:getRiseDelay]: Assert "(ta !=0) && (tlc_ !=0)"
**DIAG[optinfra/oiUtil.cpp:2148:getFallDelay]: Assert "(ta !=0) && (tlc_ !=0)"
**DIAG[optinfra/oiUtil.cpp:2137:getRiseDelay]: Assert "(ta !=0) && (tlc_ !=0)"
**DIAG[optinfra/oiUtil.cpp:2148:getFallDelay]: Assert "(ta !=0) && (tlc_ !=0)"
**DIAG[optinfra/oiUtil.cpp:2137:getRiseDelay]: Assert "(ta !=0) && (tlc_ !=0)"
**DIAG[optinfra/oiUtil.cpp:2148:getFallDelay]: Assert "(ta !=0) && (tlc_ !=0)"
**DIAG[optinfra/oiUtil.cpp:2137:getRiseDelay]: Assert "(ta !=0) && (tlc_ !=0)"
**DIAG[optinfra/oiUtil.cpp:2148:getFallDelay]: Assert "(ta !=0) && (tlc_ !=0)"
**DIAG[../../include/oiTmVNetlist.hpp:287:oiTmVInstTermCL]: Assert "timeLibContext_"
**DIAG[../../include/oiTmVNetlist.hpp:287:oiTmVInstTermCL]: Assert "timeLibContext_"
**DIAG[../../include/oiTmVNetlist.hpp:287:oiTmVInstTermCL]: Assert "timeLibContext_"
**DIAG[../../include/oiTmVNetlist.hpp:287:oiTmVInstTermCL]: Assert "timeLibContext_"
**DIAG[../../include/oiTmVNetlist.hpp:287:oiTmVInstTermCL]: Assert "timeLibContext_"
**DIAG[optinfra/oiUtil.cpp:2137:getRiseDelay]: Assert "(ta !=0) && (tlc_ !=0)"
**DIAG[optinfra/oiUtil.cpp:2148:getFallDelay]: Assert "(ta !=0) && (tlc_ !=0)"
**DIAG[optinfra/oiUtil.cpp:2137:getRiseDelay]: Assert "(ta !=0) && (tlc_ !=0)"
**DIAG[optinfra/oiUtil.cpp:2148:getFallDelay]: Assert "(ta !=0) && (tlc_ !=0)"
**DIAG[optinfra/oiUtil.cpp:2137:getRiseDelay]: Assert "(ta !=0) && (tlc_ !=0)"
**DIAG[optinfra/oiUtil.cpp:2148:getFallDelay]: Assert "(ta !=0) && (tlc_ !=0)"
**DIAG[optinfra/oiUtil.cpp:2137:getRiseDelay]: Assert "(ta !=0) && (tlc_ !=0)"
**DIAG[optinfra/oiUtil.cpp:2148:getFallDelay]: Assert "(ta !=0) && (tlc_ !=0)"
**DIAG[../../include/oiTmVNetlist.hpp:287:oiTmVInstTermCL]: Assert "timeLibContext_"
**DIAG[../../include/oiTmVNetlist.hpp:287:oiTmVInstTermCL]: Assert "timeLibContext_"
**DIAG[../../include/oiTmVNetlist.hpp:287:oiTmVInstTermCL]: Assert "timeLibContext_"
**DIAG[../../include/oiTmVNetlist.hpp:287:oiTmVInstTermCL]: Assert "timeLibContext_"
**DIAG[../../include/oiTmVNetlist.hpp:287:oiTmVInstTermCL]: Assert "timeLibContext_"
**DIAG[optinfra/oiUtil.cpp:2137:getRiseDelay]: Assert "(ta !=0) && (tlc_ !=0)"
**DIAG[optinfra/oiUtil.cpp:2148:getFallDelay]: Assert "(ta !=0) && (tlc_ !=0)"
**DIAG[optinfra/oiUtil.cpp:2137:getRiseDelay]: Assert "(ta !=0) && (tlc_ !=0)"
**DIAG[optinfra/oiUtil.cpp:2148:getFallDelay]: Assert "(ta !=0) && (tlc_ !=0)"
**DIAG[optinfra/oiUtil.cpp:2137:getRiseDelay]: Assert "(ta !=0) && (tlc_ !=0)"
**DIAG[optinfra/oiUtil.cpp:2148:getFallDelay]: Assert "(ta !=0) && (tlc_ !=0)"
**DIAG[optinfra/oiUtil.cpp:2137:getRiseDelay]: Assert "(ta !=0) && (tlc_ !=0)"
**DIAG[optinfra/oiUtil.cpp:2148:getFallDelay]: Assert "(ta !=0) && (tlc_ !=0)"
**DIAG[../../include/oiTmVNetlist.hpp:287:oiTmVInstTermCL]: Assert "timeLibContext_"
**DIAG[../../include/oiTmVNetlist.hpp:287:oiTmVInstTermCL]: Assert "timeLibContext_"
**DIAG[../../include/oiTmVNetlist.hpp:287:oiTmVInstTermCL]: Assert "timeLibContext_"
**DIAG[../../include/oiTmVNetlist.hpp:287:oiTmVInstTermCL]: Assert "timeLibContext_"
**DIAG[../../include/oiTmVNetlist.hpp:287:oiTmVInstTermCL]: Assert "timeLibContext_"
**DIAG[optinfra/oiUtil.cpp:2137:getRiseDelay]: Assert "(ta !=0) && (tlc_ !=0)"
**DIAG[optinfra/oiUtil.cpp:2148:getFallDelay]: Assert "(ta !=0) && (tlc_ !=0)"
**DIAG[optinfra/oiUtil.cpp:2137:getRiseDelay]: Assert "(ta !=0) && (tlc_ !=0)"
**DIAG[optinfra/oiUtil.cpp:2148:getFallDelay]: Assert "(ta !=0) && (tlc_ !=0)"
**DIAG[optinfra/oiUtil.cpp:2137:getRiseDelay]: Assert "(ta !=0) && (tlc_ !=0)"
**DIAG[optinfra/oiUtil.cpp:2148:getFallDelay]: Assert "(ta !=0) && (tlc_ !=0)"
**DIAG[optinfra/oiUtil.cpp:2137:getRiseDelay]: Assert "(ta !=0) && (tlc_ !=0)"
**DIAG[optinfra/oiUtil.cpp:2148:getFallDelay]: Assert "(ta !=0) && (tlc_ !=0)"
**DIAG[../../include/oiTmVNetlist.hpp:287:oiTmVInstTermCL]: Assert "timeLibContext_"
**DIAG[../../include/oiTmVNetlist.hpp:287:oiTmVInstTermCL]: Assert "timeLibContext_"
**DIAG[../../include/oiTmVNetlist.hpp:287:oiTmVInstTermCL]: Assert "timeLibContext_"
**DIAG[../../include/oiTmVNetlist.hpp:287:oiTmVInstTermCL]: Assert "timeLibContext_"
**DIAG[../../include/oiTmVNetlist.hpp:287:oiTmVInstTermCL]: Assert "timeLibContext_"
**DIAG[optinfra/oiUtil.cpp:2137:getRiseDelay]: Assert "(ta !=0) && (tlc_ !=0)"
**DIAG[optinfra/oiUtil.cpp:2148:getFallDelay]: Assert "(ta !=0) && (tlc_ !=0)"
**DIAG[optinfra/oiUtil.cpp:2137:getRiseDelay]: Assert "(ta !=0) && (tlc_ !=0)"
**DIAG[optinfra/oiUtil.cpp:2148:getFallDelay]: Assert "(ta !=0) && (tlc_ !=0)"
**DIAG[optinfra/oiUtil.cpp:2137:getRiseDelay]: Assert "(ta !=0) && (tlc_ !=0)"
**DIAG[optinfra/oiUtil.cpp:2148:getFallDelay]: Assert "(ta !=0) && (tlc_ !=0)"
**DIAG[optinfra/oiUtil.cpp:2137:getRiseDelay]: Assert "(ta !=0) && (tlc_ !=0)"
**DIAG[optinfra/oiUtil.cpp:2148:getFallDelay]: Assert "(ta !=0) && (tlc_ !=0)"
**DIAG[../../include/oiTmVNetlist.hpp:287:oiTmVInstTermCL]: Assert "timeLibContext_"
**DIAG[../../include/oiTmVNetlist.hpp:287:oiTmVInstTermCL]: Assert "timeLibContext_"
**DIAG[../../include/oiTmVNetlist.hpp:287:oiTmVInstTermCL]: Assert "timeLibContext_"
**DIAG[../../include/oiTmVNetlist.hpp:287:oiTmVInstTermCL]: Assert "timeLibContext_"
**DIAG[../../include/oiTmVNetlist.hpp:287:oiTmVInstTermCL]: Assert "timeLibContext_"
**DIAG[../../include/oiTmVNetlist.hpp:287:oiTmVInstTermCL]: Assert "timeLibContext_"
**DIAG[../../include/oiTmVNetlist.hpp:287:oiTmVInstTermCL]: Assert "timeLibContext_"
**DIAG[optinfra/oiUtil.cpp:2137:getRiseDelay]: Assert "(ta !=0) && (tlc_ !=0)"
**DIAG[optinfra/oiUtil.cpp:2148:getFallDelay]: Assert "(ta !=0) && (tlc_ !=0)"
**DIAG[optinfra/oiUtil.cpp:2137:getRiseDelay]: Assert "(ta !=0) && (tlc_ !=0)"
**DIAG[optinfra/oiUtil.cpp:2148:getFallDelay]: Assert "(ta !=0) && (tlc_ !=0)"
**DIAG[optinfra/oiUtil.cpp:2137:getRiseDelay]: Assert "(ta !=0) && (tlc_ !=0)"
**DIAG[optinfra/oiUtil.cpp:2148:getFallDelay]: Assert "(ta !=0) && (tlc_ !=0)"
**DIAG[optinfra/oiUtil.cpp:2137:getRiseDelay]: Assert "(ta !=0) && (tlc_ !=0)"
**DIAG[optinfra/oiUtil.cpp:2148:getFallDelay]: Assert "(ta !=0) && (tlc_ !=0)"
**DIAG[optinfra/oiUtil.cpp:2137:getRiseDelay]: Assert "(ta !=0) && (tlc_ !=0)"
**DIAG[optinfra/oiUtil.cpp:2148:getFallDelay]: Assert "(ta !=0) && (tlc_ !=0)"
**DIAG[optinfra/oiUtil.cpp:2137:getRiseDelay]: Assert "(ta !=0) && (tlc_ !=0)"
**DIAG[optinfra/oiUtil.cpp:2148:getFallDelay]: Assert "(ta !=0) && (tlc_ !=0)"
**DIAG[../../include/oiTmVNetlist.hpp:287:oiTmVInstTermCL]: Assert "timeLibContext_"
**DIAG[../../include/oiTmVNetlist.hpp:287:oiTmVInstTermCL]: Assert "timeLibContext_"
**DIAG[../../include/oiTmVNetlist.hpp:287:oiTmVInstTermCL]: Assert "timeLibContext_"
**DIAG[../../include/oiTmVNetlist.hpp:287:oiTmVInstTermCL]: Assert "timeLibContext_"
**DIAG[../../include/oiTmVNetlist.hpp:287:oiTmVInstTermCL]: Assert "timeLibContext_"
**DIAG[../../include/oiTmVNetlist.hpp:287:oiTmVInstTermCL]: Assert "timeLibContext_"
**DIAG[../../include/oiTmVNetlist.hpp:287:oiTmVInstTermCL]: Assert "timeLibContext_"
**DIAG[optinfra/oiUtil.cpp:2137:getRiseDelay]: Assert "(ta !=0) && (tlc_ !=0)"
**DIAG[optinfra/oiUtil.cpp:2148:getFallDelay]: Assert "(ta !=0) && (tlc_ !=0)"
**DIAG[optinfra/oiUtil.cpp:2137:getRiseDelay]: Assert "(ta !=0) && (tlc_ !=0)"
**DIAG[optinfra/oiUtil.cpp:2148:getFallDelay]: Assert "(ta !=0) && (tlc_ !=0)"
**DIAG[optinfra/oiUtil.cpp:2137:getRiseDelay]: Assert "(ta !=0) && (tlc_ !=0)"
**DIAG[optinfra/oiUtil.cpp:2148:getFallDelay]: Assert "(ta !=0) && (tlc_ !=0)"
**DIAG[optinfra/oiUtil.cpp:2137:getRiseDelay]: Assert "(ta !=0) && (tlc_ !=0)"
**DIAG[optinfra/oiUtil.cpp:2148:getFallDelay]: Assert "(ta !=0) && (tlc_ !=0)"
**DIAG[optinfra/oiUtil.cpp:2137:getRiseDelay]: Assert "(ta !=0) && (tlc_ !=0)"
**DIAG[optinfra/oiUtil.cpp:2148:getFallDelay]: Assert "(ta !=0) && (tlc_ !=0)"
**DIAG[optinfra/oiUtil.cpp:2137:getRiseDelay]: Assert "(ta !=0) && (tlc_ !=0)"
**DIAG[optinfra/oiUtil.cpp:2148:getFallDelay]: Assert "(ta !=0) && (tlc_ !=0)"
**DIAG[../../include/oiTmVNetlist.hpp:287:oiTmVInstTermCL]: Assert "timeLibContext_"
**DIAG[../../include/oiTmVNetlist.hpp:287:oiTmVInstTermCL]: Assert "timeLibContext_"
**DIAG[../../include/oiTmVNetlist.hpp:287:oiTmVInstTermCL]: Assert "timeLibContext_"
**DIAG[../../include/oiTmVNetlist.hpp:287:oiTmVInstTermCL]: Assert "timeLibContext_"
**DIAG[../../include/oiTmVNetlist.hpp:287:oiTmVInstTermCL]: Assert "timeLibContext_"
**DIAG[../../include/oiTmVNetlist.hpp:287:oiTmVInstTermCL]: Assert "timeLibContext_"
**DIAG[../../include/oiTmVNetlist.hpp:287:oiTmVInstTermCL]: Assert "timeLibContext_"
**DIAG[optinfra/oiUtil.cpp:2137:getRiseDelay]: Assert "(ta !=0) && (tlc_ !=0)"
**DIAG[optinfra/oiUtil.cpp:2148:getFallDelay]: Assert "(ta !=0) && (tlc_ !=0)"
**DIAG[optinfra/oiUtil.cpp:2137:getRiseDelay]: Assert "(ta !=0) && (tlc_ !=0)"
**DIAG[optinfra/oiUtil.cpp:2148:getFallDelay]: Assert "(ta !=0) && (tlc_ !=0)"
**DIAG[optinfra/oiUtil.cpp:2137:getRiseDelay]: Assert "(ta !=0) && (tlc_ !=0)"
**DIAG[optinfra/oiUtil.cpp:2148:getFallDelay]: Assert "(ta !=0) && (tlc_ !=0)"
**DIAG[optinfra/oiUtil.cpp:2137:getRiseDelay]: Assert "(ta !=0) && (tlc_ !=0)"
**DIAG[optinfra/oiUtil.cpp:2148:getFallDelay]: Assert "(ta !=0) && (tlc_ !=0)"
**DIAG[optinfra/oiUtil.cpp:2137:getRiseDelay]: Assert "(ta !=0) && (tlc_ !=0)"
**DIAG[optinfra/oiUtil.cpp:2148:getFallDelay]: Assert "(ta !=0) && (tlc_ !=0)"
**DIAG[optinfra/oiUtil.cpp:2137:getRiseDelay]: Assert "(ta !=0) && (tlc_ !=0)"
**DIAG[optinfra/oiUtil.cpp:2148:getFallDelay]: Assert "(ta !=0) && (tlc_ !=0)"
**DIAG[../../include/oiTmVNetlist.hpp:287:oiTmVInstTermCL]: Assert "timeLibContext_"
**DIAG[../../include/oiTmVNetlist.hpp:287:oiTmVInstTermCL]: Assert "timeLibContext_"
**DIAG[../../include/oiTmVNetlist.hpp:287:oiTmVInstTermCL]: Assert "timeLibContext_"
**DIAG[../../include/oiTmVNetlist.hpp:287:oiTmVInstTermCL]: Assert "timeLibContext_"
**DIAG[../../include/oiTmVNetlist.hpp:287:oiTmVInstTermCL]: Assert "timeLibContext_"
**DIAG[../../include/oiTmVNetlist.hpp:287:oiTmVInstTermCL]: Assert "timeLibContext_"
**DIAG[../../include/oiTmVNetlist.hpp:287:oiTmVInstTermCL]: Assert "timeLibContext_"
**DIAG[optinfra/oiUtil.cpp:2137:getRiseDelay]: Assert "(ta !=0) && (tlc_ !=0)"
**DIAG[optinfra/oiUtil.cpp:2148:getFallDelay]: Assert "(ta !=0) && (tlc_ !=0)"
**DIAG[optinfra/oiUtil.cpp:2137:getRiseDelay]: Assert "(ta !=0) && (tlc_ !=0)"
**DIAG[optinfra/oiUtil.cpp:2148:getFallDelay]: Assert "(ta !=0) && (tlc_ !=0)"
**DIAG[optinfra/oiUtil.cpp:2137:getRiseDelay]: Assert "(ta !=0) && (tlc_ !=0)"
**DIAG[optinfra/oiUtil.cpp:2148:getFallDelay]: Assert "(ta !=0) && (tlc_ !=0)"
**DIAG[optinfra/oiUtil.cpp:2137:getRiseDelay]: Assert "(ta !=0) && (tlc_ !=0)"
**DIAG[optinfra/oiUtil.cpp:2148:getFallDelay]: Assert "(ta !=0) && (tlc_ !=0)"
**DIAG[optinfra/oiUtil.cpp:2137:getRiseDelay]: Assert "(ta !=0) && (tlc_ !=0)"
**DIAG[optinfra/oiUtil.cpp:2148:getFallDelay]: Assert "(ta !=0) && (tlc_ !=0)"
**DIAG[optinfra/oiUtil.cpp:2137:getRiseDelay]: Assert "(ta !=0) && (tlc_ !=0)"
**DIAG[optinfra/oiUtil.cpp:2148:getFallDelay]: Assert "(ta !=0) && (tlc_ !=0)"
**DIAG[../../include/oiTmVNetlist.hpp:287:oiTmVInstTermCL]: Assert "timeLibContext_"
**DIAG[../../include/oiTmVNetlist.hpp:287:oiTmVInstTermCL]: Assert "timeLibContext_"
**DIAG[../../include/oiTmVNetlist.hpp:287:oiTmVInstTermCL]: Assert "timeLibContext_"
**DIAG[../../include/oiTmVNetlist.hpp:287:oiTmVInstTermCL]: Assert "timeLibContext_"
**DIAG[../../include/oiTmVNetlist.hpp:287:oiTmVInstTermCL]: Assert "timeLibContext_"
**DIAG[../../include/oiTmVNetlist.hpp:287:oiTmVInstTermCL]: Assert "timeLibContext_"
**DIAG[../../include/oiTmVNetlist.hpp:287:oiTmVInstTermCL]: Assert "timeLibContext_"
**DIAG[optinfra/oiUtil.cpp:2137:getRiseDelay]: Assert "(ta !=0) && (tlc_ !=0)"
**DIAG[optinfra/oiUtil.cpp:2148:getFallDelay]: Assert "(ta !=0) && (tlc_ !=0)"
**DIAG[optinfra/oiUtil.cpp:2137:getRiseDelay]: Assert "(ta !=0) && (tlc_ !=0)"
**DIAG[optinfra/oiUtil.cpp:2148:getFallDelay]: Assert "(ta !=0) && (tlc_ !=0)"
**DIAG[optinfra/oiUtil.cpp:2137:getRiseDelay]: Assert "(ta !=0) && (tlc_ !=0)"
**DIAG[optinfra/oiUtil.cpp:2148:getFallDelay]: Assert "(ta !=0) && (tlc_ !=0)"
**DIAG[optinfra/oiUtil.cpp:2137:getRiseDelay]: Assert "(ta !=0) && (tlc_ !=0)"
**DIAG[optinfra/oiUtil.cpp:2148:getFallDelay]: Assert "(ta !=0) && (tlc_ !=0)"
**DIAG[optinfra/oiUtil.cpp:2137:getRiseDelay]: Assert "(ta !=0) && (tlc_ !=0)"
**DIAG[optinfra/oiUtil.cpp:2148:getFallDelay]: Assert "(ta !=0) && (tlc_ !=0)"
**DIAG[optinfra/oiUtil.cpp:2137:getRiseDelay]: Assert "(ta !=0) && (tlc_ !=0)"
**DIAG[optinfra/oiUtil.cpp:2148:getFallDelay]: Assert "(ta !=0) && (tlc_ !=0)"
**DIAG[../../include/oiTmVNetlist.hpp:287:oiTmVInstTermCL]: Assert "timeLibContext_"
**DIAG[../../include/oiTmVNetlist.hpp:287:oiTmVInstTermCL]: Assert "timeLibContext_"
**DIAG[../../include/oiTmVNetlist.hpp:287:oiTmVInstTermCL]: Assert "timeLibContext_"
**DIAG[../../include/oiTmVNetlist.hpp:287:oiTmVInstTermCL]: Assert "timeLibContext_"
**DIAG[../../include/oiTmVNetlist.hpp:287:oiTmVInstTermCL]: Assert "timeLibContext_"
**DIAG[../../include/oiTmVNetlist.hpp:287:oiTmVInstTermCL]: Assert "timeLibContext_"
**DIAG[../../include/oiTmVNetlist.hpp:287:oiTmVInstTermCL]: Assert "timeLibContext_"
**DIAG[optinfra/oiUtil.cpp:2137:getRiseDelay]: Assert "(ta !=0) && (tlc_ !=0)"
**DIAG[optinfra/oiUtil.cpp:2148:getFallDelay]: Assert "(ta !=0) && (tlc_ !=0)"
**DIAG[optinfra/oiUtil.cpp:2137:getRiseDelay]: Assert "(ta !=0) && (tlc_ !=0)"
**DIAG[optinfra/oiUtil.cpp:2148:getFallDelay]: Assert "(ta !=0) && (tlc_ !=0)"
**DIAG[optinfra/oiUtil.cpp:2137:getRiseDelay]: Assert "(ta !=0) && (tlc_ !=0)"
**DIAG[optinfra/oiUtil.cpp:2148:getFallDelay]: Assert "(ta !=0) && (tlc_ !=0)"
**DIAG[optinfra/oiUtil.cpp:2137:getRiseDelay]: Assert "(ta !=0) && (tlc_ !=0)"
**DIAG[optinfra/oiUtil.cpp:2148:getFallDelay]: Assert "(ta !=0) && (tlc_ !=0)"
**DIAG[optinfra/oiUtil.cpp:2137:getRiseDelay]: Assert "(ta !=0) && (tlc_ !=0)"
**DIAG[optinfra/oiUtil.cpp:2148:getFallDelay]: Assert "(ta !=0) && (tlc_ !=0)"
**DIAG[optinfra/oiUtil.cpp:2137:getRiseDelay]: Assert "(ta !=0) && (tlc_ !=0)"
**DIAG[optinfra/oiUtil.cpp:2148:getFallDelay]: Assert "(ta !=0) && (tlc_ !=0)"
**DIAG[../../include/oiTmVNetlist.hpp:287:oiTmVInstTermCL]: Assert "timeLibContext_"
**DIAG[../../include/oiTmVNetlist.hpp:287:oiTmVInstTermCL]: Assert "timeLibContext_"
**DIAG[../../include/oiTmVNetlist.hpp:287:oiTmVInstTermCL]: Assert "timeLibContext_"
**DIAG[../../include/oiTmVNetlist.hpp:287:oiTmVInstTermCL]: Assert "timeLibContext_"
**DIAG[../../include/oiTmVNetlist.hpp:287:oiTmVInstTermCL]: Assert "timeLibContext_"
**DIAG[../../include/oiTmVNetlist.hpp:287:oiTmVInstTermCL]: Assert "timeLibContext_"
**DIAG[../../include/oiTmVNetlist.hpp:287:oiTmVInstTermCL]: Assert "timeLibContext_"
**DIAG[../../include/oiTmVNetlist.hpp:287:oiTmVInstTermCL]: Assert "timeLibContext_"
**DIAG[../../include/oiTmVNetlist.hpp:287:oiTmVInstTermCL]: Assert "timeLibContext_"
**DIAG[optinfra/oiUtil.cpp:2137:getRiseDelay]: Assert "(ta !=0) && (tlc_ !=0)"
**DIAG[optinfra/oiUtil.cpp:2148:getFallDelay]: Assert "(ta !=0) && (tlc_ !=0)"
**DIAG[optinfra/oiUtil.cpp:2137:getRiseDelay]: Assert "(ta !=0) && (tlc_ !=0)"
**DIAG[optinfra/oiUtil.cpp:2148:getFallDelay]: Assert "(ta !=0) && (tlc_ !=0)"
**DIAG[optinfra/oiUtil.cpp:2137:getRiseDelay]: Assert "(ta !=0) && (tlc_ !=0)"
**DIAG[optinfra/oiUtil.cpp:2148:getFallDelay]: Assert "(ta !=0) && (tlc_ !=0)"
**DIAG[optinfra/oiUtil.cpp:2137:getRiseDelay]: Assert "(ta !=0) && (tlc_ !=0)"
**DIAG[optinfra/oiUtil.cpp:2148:getFallDelay]: Assert "(ta !=0) && (tlc_ !=0)"
**DIAG[optinfra/oiUtil.cpp:2137:getRiseDelay]: Assert "(ta !=0) && (tlc_ !=0)"
**DIAG[optinfra/oiUtil.cpp:2148:getFallDelay]: Assert "(ta !=0) && (tlc_ !=0)"
**DIAG[optinfra/oiUtil.cpp:2137:getRiseDelay]: Assert "(ta !=0) && (tlc_ !=0)"
**DIAG[optinfra/oiUtil.cpp:2148:getFallDelay]: Assert "(ta !=0) && (tlc_ !=0)"
**DIAG[optinfra/oiUtil.cpp:2137:getRiseDelay]: Assert "(ta !=0) && (tlc_ !=0)"
**DIAG[optinfra/oiUtil.cpp:2148:getFallDelay]: Assert "(ta !=0) && (tlc_ !=0)"
**DIAG[optinfra/oiUtil.cpp:2137:getRiseDelay]: Assert "(ta !=0) && (tlc_ !=0)"
**DIAG[optinfra/oiUtil.cpp:2148:getFallDelay]: Assert "(ta !=0) && (tlc_ !=0)"
**DIAG[../../include/oiTmVNetlist.hpp:287:oiTmVInstTermCL]: Assert "timeLibContext_"
**DIAG[../../include/oiTmVNetlist.hpp:287:oiTmVInstTermCL]: Assert "timeLibContext_"
**DIAG[../../include/oiTmVNetlist.hpp:287:oiTmVInstTermCL]: Assert "timeLibContext_"
**DIAG[../../include/oiTmVNetlist.hpp:287:oiTmVInstTermCL]: Assert "timeLibContext_"
**DIAG[../../include/oiTmVNetlist.hpp:287:oiTmVInstTermCL]: Assert "timeLibContext_"
**DIAG[../../include/oiTmVNetlist.hpp:287:oiTmVInstTermCL]: Assert "timeLibContext_"
**DIAG[../../include/oiTmVNetlist.hpp:287:oiTmVInstTermCL]: Assert "timeLibContext_"
**DIAG[../../include/oiTmVNetlist.hpp:287:oiTmVInstTermCL]: Assert "timeLibContext_"
**DIAG[../../include/oiTmVNetlist.hpp:287:oiTmVInstTermCL]: Assert "timeLibContext_"
**DIAG[optinfra/oiUtil.cpp:2137:getRiseDelay]: Assert "(ta !=0) && (tlc_ !=0)"
**DIAG[optinfra/oiUtil.cpp:2148:getFallDelay]: Assert "(ta !=0) && (tlc_ !=0)"
**DIAG[optinfra/oiUtil.cpp:2137:getRiseDelay]: Assert "(ta !=0) && (tlc_ !=0)"
**DIAG[optinfra/oiUtil.cpp:2148:getFallDelay]: Assert "(ta !=0) && (tlc_ !=0)"
**DIAG[optinfra/oiUtil.cpp:2137:getRiseDelay]: Assert "(ta !=0) && (tlc_ !=0)"
**DIAG[optinfra/oiUtil.cpp:2148:getFallDelay]: Assert "(ta !=0) && (tlc_ !=0)"
**DIAG[optinfra/oiUtil.cpp:2137:getRiseDelay]: Assert "(ta !=0) && (tlc_ !=0)"
**DIAG[optinfra/oiUtil.cpp:2148:getFallDelay]: Assert "(ta !=0) && (tlc_ !=0)"
**DIAG[optinfra/oiUtil.cpp:2137:getRiseDelay]: Assert "(ta !=0) && (tlc_ !=0)"
**DIAG[optinfra/oiUtil.cpp:2148:getFallDelay]: Assert "(ta !=0) && (tlc_ !=0)"
**DIAG[optinfra/oiUtil.cpp:2137:getRiseDelay]: Assert "(ta !=0) && (tlc_ !=0)"
**DIAG[optinfra/oiUtil.cpp:2148:getFallDelay]: Assert "(ta !=0) && (tlc_ !=0)"
**DIAG[optinfra/oiUtil.cpp:2137:getRiseDelay]: Assert "(ta !=0) && (tlc_ !=0)"
**DIAG[optinfra/oiUtil.cpp:2148:getFallDelay]: Assert "(ta !=0) && (tlc_ !=0)"
**DIAG[optinfra/oiUtil.cpp:2137:getRiseDelay]: Assert "(ta !=0) && (tlc_ !=0)"
**DIAG[optinfra/oiUtil.cpp:2148:getFallDelay]: Assert "(ta !=0) && (tlc_ !=0)"
**DIAG[../../include/oiTmVNetlist.hpp:287:oiTmVInstTermCL]: Assert "timeLibContext_"
**DIAG[../../include/oiTmVNetlist.hpp:287:oiTmVInstTermCL]: Assert "timeLibContext_"
**DIAG[../../include/oiTmVNetlist.hpp:287:oiTmVInstTermCL]: Assert "timeLibContext_"
**DIAG[../../include/oiTmVNetlist.hpp:287:oiTmVInstTermCL]: Assert "timeLibContext_"
**DIAG[../../include/oiTmVNetlist.hpp:287:oiTmVInstTermCL]: Assert "timeLibContext_"
**DIAG[../../include/oiTmVNetlist.hpp:287:oiTmVInstTermCL]: Assert "timeLibContext_"
**DIAG[../../include/oiTmVNetlist.hpp:287:oiTmVInstTermCL]: Assert "timeLibContext_"
**DIAG[../../include/oiTmVNetlist.hpp:287:oiTmVInstTermCL]: Assert "timeLibContext_"
**DIAG[../../include/oiTmVNetlist.hpp:287:oiTmVInstTermCL]: Assert "timeLibContext_"
**DIAG[optinfra/oiUtil.cpp:2137:getRiseDelay]: Assert "(ta !=0) && (tlc_ !=0)"
**DIAG[optinfra/oiUtil.cpp:2148:getFallDelay]: Assert "(ta !=0) && (tlc_ !=0)"
**DIAG[optinfra/oiUtil.cpp:2137:getRiseDelay]: Assert "(ta !=0) && (tlc_ !=0)"
**DIAG[optinfra/oiUtil.cpp:2148:getFallDelay]: Assert "(ta !=0) && (tlc_ !=0)"
**DIAG[optinfra/oiUtil.cpp:2137:getRiseDelay]: Assert "(ta !=0) && (tlc_ !=0)"
**DIAG[optinfra/oiUtil.cpp:2148:getFallDelay]: Assert "(ta !=0) && (tlc_ !=0)"
**DIAG[optinfra/oiUtil.cpp:2137:getRiseDelay]: Assert "(ta !=0) && (tlc_ !=0)"
**DIAG[optinfra/oiUtil.cpp:2148:getFallDelay]: Assert "(ta !=0) && (tlc_ !=0)"
**DIAG[optinfra/oiUtil.cpp:2137:getRiseDelay]: Assert "(ta !=0) && (tlc_ !=0)"
**DIAG[optinfra/oiUtil.cpp:2148:getFallDelay]: Assert "(ta !=0) && (tlc_ !=0)"
**DIAG[optinfra/oiUtil.cpp:2137:getRiseDelay]: Assert "(ta !=0) && (tlc_ !=0)"
**DIAG[optinfra/oiUtil.cpp:2148:getFallDelay]: Assert "(ta !=0) && (tlc_ !=0)"
**DIAG[optinfra/oiUtil.cpp:2137:getRiseDelay]: Assert "(ta !=0) && (tlc_ !=0)"
**DIAG[optinfra/oiUtil.cpp:2148:getFallDelay]: Assert "(ta !=0) && (tlc_ !=0)"
**DIAG[optinfra/oiUtil.cpp:2137:getRiseDelay]: Assert "(ta !=0) && (tlc_ !=0)"
**DIAG[optinfra/oiUtil.cpp:2148:getFallDelay]: Assert "(ta !=0) && (tlc_ !=0)"
**DIAG[../../include/oiTmVNetlist.hpp:287:oiTmVInstTermCL]: Assert "timeLibContext_"
**DIAG[../../include/oiTmVNetlist.hpp:287:oiTmVInstTermCL]: Assert "timeLibContext_"
**DIAG[../../include/oiTmVNetlist.hpp:287:oiTmVInstTermCL]: Assert "timeLibContext_"
**DIAG[../../include/oiTmVNetlist.hpp:287:oiTmVInstTermCL]: Assert "timeLibContext_"
**DIAG[../../include/oiTmVNetlist.hpp:287:oiTmVInstTermCL]: Assert "timeLibContext_"
**DIAG[../../include/oiTmVNetlist.hpp:287:oiTmVInstTermCL]: Assert "timeLibContext_"
**DIAG[../../include/oiTmVNetlist.hpp:287:oiTmVInstTermCL]: Assert "timeLibContext_"
**DIAG[../../include/oiTmVNetlist.hpp:287:oiTmVInstTermCL]: Assert "timeLibContext_"
**DIAG[../../include/oiTmVNetlist.hpp:287:oiTmVInstTermCL]: Assert "timeLibContext_"
**DIAG[optinfra/oiUtil.cpp:2137:getRiseDelay]: Assert "(ta !=0) && (tlc_ !=0)"
**DIAG[optinfra/oiUtil.cpp:2148:getFallDelay]: Assert "(ta !=0) && (tlc_ !=0)"
**DIAG[optinfra/oiUtil.cpp:2137:getRiseDelay]: Assert "(ta !=0) && (tlc_ !=0)"
**DIAG[optinfra/oiUtil.cpp:2148:getFallDelay]: Assert "(ta !=0) && (tlc_ !=0)"
**DIAG[optinfra/oiUtil.cpp:2137:getRiseDelay]: Assert "(ta !=0) && (tlc_ !=0)"
**DIAG[optinfra/oiUtil.cpp:2148:getFallDelay]: Assert "(ta !=0) && (tlc_ !=0)"
**DIAG[optinfra/oiUtil.cpp:2137:getRiseDelay]: Assert "(ta !=0) && (tlc_ !=0)"
**DIAG[optinfra/oiUtil.cpp:2148:getFallDelay]: Assert "(ta !=0) && (tlc_ !=0)"
**DIAG[optinfra/oiUtil.cpp:2137:getRiseDelay]: Assert "(ta !=0) && (tlc_ !=0)"
**DIAG[optinfra/oiUtil.cpp:2148:getFallDelay]: Assert "(ta !=0) && (tlc_ !=0)"
**DIAG[optinfra/oiUtil.cpp:2137:getRiseDelay]: Assert "(ta !=0) && (tlc_ !=0)"
**DIAG[optinfra/oiUtil.cpp:2148:getFallDelay]: Assert "(ta !=0) && (tlc_ !=0)"
**DIAG[optinfra/oiUtil.cpp:2137:getRiseDelay]: Assert "(ta !=0) && (tlc_ !=0)"
**DIAG[optinfra/oiUtil.cpp:2148:getFallDelay]: Assert "(ta !=0) && (tlc_ !=0)"
**DIAG[optinfra/oiUtil.cpp:2137:getRiseDelay]: Assert "(ta !=0) && (tlc_ !=0)"
**DIAG[optinfra/oiUtil.cpp:2148:getFallDelay]: Assert "(ta !=0) && (tlc_ !=0)"
**DIAG[../../include/oiTmVNetlist.hpp:287:oiTmVInstTermCL]: Assert "timeLibContext_"
**DIAG[../../include/oiTmVNetlist.hpp:287:oiTmVInstTermCL]: Assert "timeLibContext_"
**DIAG[../../include/oiTmVNetlist.hpp:287:oiTmVInstTermCL]: Assert "timeLibContext_"
**DIAG[../../include/oiTmVNetlist.hpp:287:oiTmVInstTermCL]: Assert "timeLibContext_"
**DIAG[../../include/oiTmVNetlist.hpp:287:oiTmVInstTermCL]: Assert "timeLibContext_"
**DIAG[../../include/oiTmVNetlist.hpp:287:oiTmVInstTermCL]: Assert "timeLibContext_"
**DIAG[../../include/oiTmVNetlist.hpp:287:oiTmVInstTermCL]: Assert "timeLibContext_"
**DIAG[../../include/oiTmVNetlist.hpp:287:oiTmVInstTermCL]: Assert "timeLibContext_"
**DIAG[../../include/oiTmVNetlist.hpp:287:oiTmVInstTermCL]: Assert "timeLibContext_"
**DIAG[optinfra/oiUtil.cpp:2137:getRiseDelay]: Assert "(ta !=0) && (tlc_ !=0)"
**DIAG[optinfra/oiUtil.cpp:2148:getFallDelay]: Assert "(ta !=0) && (tlc_ !=0)"
**DIAG[optinfra/oiUtil.cpp:2137:getRiseDelay]: Assert "(ta !=0) && (tlc_ !=0)"
**DIAG[optinfra/oiUtil.cpp:2148:getFallDelay]: Assert "(ta !=0) && (tlc_ !=0)"
**DIAG[optinfra/oiUtil.cpp:2137:getRiseDelay]: Assert "(ta !=0) && (tlc_ !=0)"
**DIAG[optinfra/oiUtil.cpp:2148:getFallDelay]: Assert "(ta !=0) && (tlc_ !=0)"
**DIAG[optinfra/oiUtil.cpp:2137:getRiseDelay]: Assert "(ta !=0) && (tlc_ !=0)"
**DIAG[optinfra/oiUtil.cpp:2148:getFallDelay]: Assert "(ta !=0) && (tlc_ !=0)"
**DIAG[optinfra/oiUtil.cpp:2137:getRiseDelay]: Assert "(ta !=0) && (tlc_ !=0)"
**DIAG[optinfra/oiUtil.cpp:2148:getFallDelay]: Assert "(ta !=0) && (tlc_ !=0)"
**DIAG[optinfra/oiUtil.cpp:2137:getRiseDelay]: Assert "(ta !=0) && (tlc_ !=0)"
**DIAG[optinfra/oiUtil.cpp:2148:getFallDelay]: Assert "(ta !=0) && (tlc_ !=0)"
**DIAG[optinfra/oiUtil.cpp:2137:getRiseDelay]: Assert "(ta !=0) && (tlc_ !=0)"
**DIAG[optinfra/oiUtil.cpp:2148:getFallDelay]: Assert "(ta !=0) && (tlc_ !=0)"
**DIAG[optinfra/oiUtil.cpp:2137:getRiseDelay]: Assert "(ta !=0) && (tlc_ !=0)"
**DIAG[optinfra/oiUtil.cpp:2148:getFallDelay]: Assert "(ta !=0) && (tlc_ !=0)"
**DIAG[../../include/oiTmVNetlist.hpp:287:oiTmVInstTermCL]: Assert "timeLibContext_"
**DIAG[../../include/oiTmVNetlist.hpp:287:oiTmVInstTermCL]: Assert "timeLibContext_"
**DIAG[../../include/oiTmVNetlist.hpp:287:oiTmVInstTermCL]: Assert "timeLibContext_"
**DIAG[../../include/oiTmVNetlist.hpp:287:oiTmVInstTermCL]: Assert "timeLibContext_"
**DIAG[../../include/oiTmVNetlist.hpp:287:oiTmVInstTermCL]: Assert "timeLibContext_"
**DIAG[../../include/oiTmVNetlist.hpp:287:oiTmVInstTermCL]: Assert "timeLibContext_"
**DIAG[../../include/oiTmVNetlist.hpp:287:oiTmVInstTermCL]: Assert "timeLibContext_"
**DIAG[../../include/oiTmVNetlist.hpp:287:oiTmVInstTermCL]: Assert "timeLibContext_"
**DIAG[../../include/oiTmVNetlist.hpp:287:oiTmVInstTermCL]: Assert "timeLibContext_"
**DIAG[optinfra/oiUtil.cpp:2137:getRiseDelay]: Assert "(ta !=0) && (tlc_ !=0)"
**DIAG[optinfra/oiUtil.cpp:2148:getFallDelay]: Assert "(ta !=0) && (tlc_ !=0)"
**DIAG[optinfra/oiUtil.cpp:2137:getRiseDelay]: Assert "(ta !=0) && (tlc_ !=0)"
**DIAG[optinfra/oiUtil.cpp:2148:getFallDelay]: Assert "(ta !=0) && (tlc_ !=0)"
**DIAG[optinfra/oiUtil.cpp:2137:getRiseDelay]: Assert "(ta !=0) && (tlc_ !=0)"
**DIAG[optinfra/oiUtil.cpp:2148:getFallDelay]: Assert "(ta !=0) && (tlc_ !=0)"
**DIAG[optinfra/oiUtil.cpp:2137:getRiseDelay]: Assert "(ta !=0) && (tlc_ !=0)"
**DIAG[optinfra/oiUtil.cpp:2148:getFallDelay]: Assert "(ta !=0) && (tlc_ !=0)"
**DIAG[optinfra/oiUtil.cpp:2137:getRiseDelay]: Assert "(ta !=0) && (tlc_ !=0)"
**DIAG[optinfra/oiUtil.cpp:2148:getFallDelay]: Assert "(ta !=0) && (tlc_ !=0)"
**DIAG[optinfra/oiUtil.cpp:2137:getRiseDelay]: Assert "(ta !=0) && (tlc_ !=0)"
**DIAG[optinfra/oiUtil.cpp:2148:getFallDelay]: Assert "(ta !=0) && (tlc_ !=0)"
**DIAG[optinfra/oiUtil.cpp:2137:getRiseDelay]: Assert "(ta !=0) && (tlc_ !=0)"
**DIAG[optinfra/oiUtil.cpp:2148:getFallDelay]: Assert "(ta !=0) && (tlc_ !=0)"
**DIAG[optinfra/oiUtil.cpp:2137:getRiseDelay]: Assert "(ta !=0) && (tlc_ !=0)"
**DIAG[optinfra/oiUtil.cpp:2148:getFallDelay]: Assert "(ta !=0) && (tlc_ !=0)"
**DIAG[../../include/oiTmVNetlist.hpp:287:oiTmVInstTermCL]: Assert "timeLibContext_"
**DIAG[../../include/oiTmVNetlist.hpp:287:oiTmVInstTermCL]: Assert "timeLibContext_"
**DIAG[../../include/oiTmVNetlist.hpp:287:oiTmVInstTermCL]: Assert "timeLibContext_"
**DIAG[../../include/oiTmVNetlist.hpp:287:oiTmVInstTermCL]: Assert "timeLibContext_"
**DIAG[../../include/oiTmVNetlist.hpp:287:oiTmVInstTermCL]: Assert "timeLibContext_"
**DIAG[optinfra/oiUtil.cpp:2137:getRiseDelay]: Assert "(ta !=0) && (tlc_ !=0)"
**DIAG[optinfra/oiUtil.cpp:2148:getFallDelay]: Assert "(ta !=0) && (tlc_ !=0)"
**DIAG[optinfra/oiUtil.cpp:2137:getRiseDelay]: Assert "(ta !=0) && (tlc_ !=0)"
**DIAG[optinfra/oiUtil.cpp:2148:getFallDelay]: Assert "(ta !=0) && (tlc_ !=0)"
**DIAG[optinfra/oiUtil.cpp:2137:getRiseDelay]: Assert "(ta !=0) && (tlc_ !=0)"
**DIAG[optinfra/oiUtil.cpp:2148:getFallDelay]: Assert "(ta !=0) && (tlc_ !=0)"
**DIAG[optinfra/oiUtil.cpp:2137:getRiseDelay]: Assert "(ta !=0) && (tlc_ !=0)"
**DIAG[optinfra/oiUtil.cpp:2148:getFallDelay]: Assert "(ta !=0) && (tlc_ !=0)"
**DIAG[../../include/oiTmVNetlist.hpp:287:oiTmVInstTermCL]: Assert "timeLibContext_"
**DIAG[../../include/oiTmVNetlist.hpp:287:oiTmVInstTermCL]: Assert "timeLibContext_"
**DIAG[../../include/oiTmVNetlist.hpp:287:oiTmVInstTermCL]: Assert "timeLibContext_"
**DIAG[../../include/oiTmVNetlist.hpp:287:oiTmVInstTermCL]: Assert "timeLibContext_"
**DIAG[../../include/oiTmVNetlist.hpp:287:oiTmVInstTermCL]: Assert "timeLibContext_"
**DIAG[optinfra/oiUtil.cpp:2137:getRiseDelay]: Assert "(ta !=0) && (tlc_ !=0)"
**DIAG[optinfra/oiUtil.cpp:2148:getFallDelay]: Assert "(ta !=0) && (tlc_ !=0)"
**DIAG[optinfra/oiUtil.cpp:2137:getRiseDelay]: Assert "(ta !=0) && (tlc_ !=0)"
**DIAG[optinfra/oiUtil.cpp:2148:getFallDelay]: Assert "(ta !=0) && (tlc_ !=0)"
**DIAG[optinfra/oiUtil.cpp:2137:getRiseDelay]: Assert "(ta !=0) && (tlc_ !=0)"
**DIAG[optinfra/oiUtil.cpp:2148:getFallDelay]: Assert "(ta !=0) && (tlc_ !=0)"
**DIAG[optinfra/oiUtil.cpp:2137:getRiseDelay]: Assert "(ta !=0) && (tlc_ !=0)"
**DIAG[optinfra/oiUtil.cpp:2148:getFallDelay]: Assert "(ta !=0) && (tlc_ !=0)"
**DIAG[../../include/oiTmVNetlist.hpp:287:oiTmVInstTermCL]: Assert "timeLibContext_"
**DIAG[../../include/oiTmVNetlist.hpp:287:oiTmVInstTermCL]: Assert "timeLibContext_"
**DIAG[../../include/oiTmVNetlist.hpp:287:oiTmVInstTermCL]: Assert "timeLibContext_"
**DIAG[../../include/oiTmVNetlist.hpp:287:oiTmVInstTermCL]: Assert "timeLibContext_"
**DIAG[../../include/oiTmVNetlist.hpp:287:oiTmVInstTermCL]: Assert "timeLibContext_"
**DIAG[optinfra/oiUtil.cpp:2137:getRiseDelay]: Assert "(ta !=0) && (tlc_ !=0)"
**DIAG[optinfra/oiUtil.cpp:2148:getFallDelay]: Assert "(ta !=0) && (tlc_ !=0)"
**DIAG[optinfra/oiUtil.cpp:2137:getRiseDelay]: Assert "(ta !=0) && (tlc_ !=0)"
**DIAG[optinfra/oiUtil.cpp:2148:getFallDelay]: Assert "(ta !=0) && (tlc_ !=0)"
**DIAG[optinfra/oiUtil.cpp:2137:getRiseDelay]: Assert "(ta !=0) && (tlc_ !=0)"
**DIAG[optinfra/oiUtil.cpp:2148:getFallDelay]: Assert "(ta !=0) && (tlc_ !=0)"
**DIAG[optinfra/oiUtil.cpp:2137:getRiseDelay]: Assert "(ta !=0) && (tlc_ !=0)"
**DIAG[optinfra/oiUtil.cpp:2148:getFallDelay]: Assert "(ta !=0) && (tlc_ !=0)"
**DIAG[../../include/oiTmVNetlist.hpp:287:oiTmVInstTermCL]: Assert "timeLibContext_"
**DIAG[../../include/oiTmVNetlist.hpp:287:oiTmVInstTermCL]: Assert "timeLibContext_"
**DIAG[../../include/oiTmVNetlist.hpp:287:oiTmVInstTermCL]: Assert "timeLibContext_"
**DIAG[../../include/oiTmVNetlist.hpp:287:oiTmVInstTermCL]: Assert "timeLibContext_"
**DIAG[../../include/oiTmVNetlist.hpp:287:oiTmVInstTermCL]: Assert "timeLibContext_"
**DIAG[optinfra/oiUtil.cpp:2137:getRiseDelay]: Assert "(ta !=0) && (tlc_ !=0)"
**DIAG[optinfra/oiUtil.cpp:2148:getFallDelay]: Assert "(ta !=0) && (tlc_ !=0)"
**DIAG[optinfra/oiUtil.cpp:2137:getRiseDelay]: Assert "(ta !=0) && (tlc_ !=0)"
**DIAG[optinfra/oiUtil.cpp:2148:getFallDelay]: Assert "(ta !=0) && (tlc_ !=0)"
**DIAG[optinfra/oiUtil.cpp:2137:getRiseDelay]: Assert "(ta !=0) && (tlc_ !=0)"
**DIAG[optinfra/oiUtil.cpp:2148:getFallDelay]: Assert "(ta !=0) && (tlc_ !=0)"
**DIAG[optinfra/oiUtil.cpp:2137:getRiseDelay]: Assert "(ta !=0) && (tlc_ !=0)"
**DIAG[optinfra/oiUtil.cpp:2148:getFallDelay]: Assert "(ta !=0) && (tlc_ !=0)"
**DIAG[../../include/oiTmVNetlist.hpp:287:oiTmVInstTermCL]: Assert "timeLibContext_"
**DIAG[../../include/oiTmVNetlist.hpp:287:oiTmVInstTermCL]: Assert "timeLibContext_"
**DIAG[../../include/oiTmVNetlist.hpp:287:oiTmVInstTermCL]: Assert "timeLibContext_"
**DIAG[../../include/oiTmVNetlist.hpp:287:oiTmVInstTermCL]: Assert "timeLibContext_"
**DIAG[../../include/oiTmVNetlist.hpp:287:oiTmVInstTermCL]: Assert "timeLibContext_"
**DIAG[optinfra/oiUtil.cpp:2137:getRiseDelay]: Assert "(ta !=0) && (tlc_ !=0)"
**DIAG[optinfra/oiUtil.cpp:2148:getFallDelay]: Assert "(ta !=0) && (tlc_ !=0)"
**DIAG[optinfra/oiUtil.cpp:2137:getRiseDelay]: Assert "(ta !=0) && (tlc_ !=0)"
**DIAG[optinfra/oiUtil.cpp:2148:getFallDelay]: Assert "(ta !=0) && (tlc_ !=0)"
**DIAG[optinfra/oiUtil.cpp:2137:getRiseDelay]: Assert "(ta !=0) && (tlc_ !=0)"
**DIAG[optinfra/oiUtil.cpp:2148:getFallDelay]: Assert "(ta !=0) && (tlc_ !=0)"
**DIAG[optinfra/oiUtil.cpp:2137:getRiseDelay]: Assert "(ta !=0) && (tlc_ !=0)"
**DIAG[optinfra/oiUtil.cpp:2148:getFallDelay]: Assert "(ta !=0) && (tlc_ !=0)"
**DIAG[../../include/oiTmVNetlist.hpp:287:oiTmVInstTermCL]: Assert "timeLibContext_"
**DIAG[../../include/oiTmVNetlist.hpp:287:oiTmVInstTermCL]: Assert "timeLibContext_"
**DIAG[../../include/oiTmVNetlist.hpp:287:oiTmVInstTermCL]: Assert "timeLibContext_"
**DIAG[../../include/oiTmVNetlist.hpp:287:oiTmVInstTermCL]: Assert "timeLibContext_"
**DIAG[../../include/oiTmVNetlist.hpp:287:oiTmVInstTermCL]: Assert "timeLibContext_"
**DIAG[optinfra/oiUtil.cpp:2137:getRiseDelay]: Assert "(ta !=0) && (tlc_ !=0)"
**DIAG[optinfra/oiUtil.cpp:2148:getFallDelay]: Assert "(ta !=0) && (tlc_ !=0)"
**DIAG[optinfra/oiUtil.cpp:2137:getRiseDelay]: Assert "(ta !=0) && (tlc_ !=0)"
**DIAG[optinfra/oiUtil.cpp:2148:getFallDelay]: Assert "(ta !=0) && (tlc_ !=0)"
**DIAG[optinfra/oiUtil.cpp:2137:getRiseDelay]: Assert "(ta !=0) && (tlc_ !=0)"
**DIAG[optinfra/oiUtil.cpp:2148:getFallDelay]: Assert "(ta !=0) && (tlc_ !=0)"
**DIAG[optinfra/oiUtil.cpp:2137:getRiseDelay]: Assert "(ta !=0) && (tlc_ !=0)"
**DIAG[optinfra/oiUtil.cpp:2148:getFallDelay]: Assert "(ta !=0) && (tlc_ !=0)"
**DIAG[../../include/oiTmVNetlist.hpp:287:oiTmVInstTermCL]: Assert "timeLibContext_"
**DIAG[../../include/oiTmVNetlist.hpp:287:oiTmVInstTermCL]: Assert "timeLibContext_"
**DIAG[../../include/oiTmVNetlist.hpp:287:oiTmVInstTermCL]: Assert "timeLibContext_"
**DIAG[../../include/oiTmVNetlist.hpp:287:oiTmVInstTermCL]: Assert "timeLibContext_"
**DIAG[../../include/oiTmVNetlist.hpp:287:oiTmVInstTermCL]: Assert "timeLibContext_"
**DIAG[../../include/oiTmVNetlist.hpp:287:oiTmVInstTermCL]: Assert "timeLibContext_"
**DIAG[../../include/oiTmVNetlist.hpp:287:oiTmVInstTermCL]: Assert "timeLibContext_"
**DIAG[optinfra/oiUtil.cpp:2137:getRiseDelay]: Assert "(ta !=0) && (tlc_ !=0)"
**DIAG[optinfra/oiUtil.cpp:2148:getFallDelay]: Assert "(ta !=0) && (tlc_ !=0)"
**DIAG[optinfra/oiUtil.cpp:2137:getRiseDelay]: Assert "(ta !=0) && (tlc_ !=0)"
**DIAG[optinfra/oiUtil.cpp:2148:getFallDelay]: Assert "(ta !=0) && (tlc_ !=0)"
**DIAG[optinfra/oiUtil.cpp:2137:getRiseDelay]: Assert "(ta !=0) && (tlc_ !=0)"
**DIAG[optinfra/oiUtil.cpp:2148:getFallDelay]: Assert "(ta !=0) && (tlc_ !=0)"
**DIAG[optinfra/oiUtil.cpp:2137:getRiseDelay]: Assert "(ta !=0) && (tlc_ !=0)"
**DIAG[optinfra/oiUtil.cpp:2148:getFallDelay]: Assert "(ta !=0) && (tlc_ !=0)"
**DIAG[optinfra/oiUtil.cpp:2137:getRiseDelay]: Assert "(ta !=0) && (tlc_ !=0)"
**DIAG[optinfra/oiUtil.cpp:2148:getFallDelay]: Assert "(ta !=0) && (tlc_ !=0)"
**DIAG[optinfra/oiUtil.cpp:2137:getRiseDelay]: Assert "(ta !=0) && (tlc_ !=0)"
**DIAG[optinfra/oiUtil.cpp:2148:getFallDelay]: Assert "(ta !=0) && (tlc_ !=0)"
**DIAG[../../include/oiTmVNetlist.hpp:287:oiTmVInstTermCL]: Assert "timeLibContext_"
**DIAG[../../include/oiTmVNetlist.hpp:287:oiTmVInstTermCL]: Assert "timeLibContext_"
**DIAG[../../include/oiTmVNetlist.hpp:287:oiTmVInstTermCL]: Assert "timeLibContext_"
**DIAG[../../include/oiTmVNetlist.hpp:287:oiTmVInstTermCL]: Assert "timeLibContext_"
**DIAG[../../include/oiTmVNetlist.hpp:287:oiTmVInstTermCL]: Assert "timeLibContext_"
**DIAG[../../include/oiTmVNetlist.hpp:287:oiTmVInstTermCL]: Assert "timeLibContext_"
**DIAG[../../include/oiTmVNetlist.hpp:287:oiTmVInstTermCL]: Assert "timeLibContext_"
**DIAG[optinfra/oiUtil.cpp:2137:getRiseDelay]: Assert "(ta !=0) && (tlc_ !=0)"
**DIAG[optinfra/oiUtil.cpp:2148:getFallDelay]: Assert "(ta !=0) && (tlc_ !=0)"
**DIAG[optinfra/oiUtil.cpp:2137:getRiseDelay]: Assert "(ta !=0) && (tlc_ !=0)"
**DIAG[optinfra/oiUtil.cpp:2148:getFallDelay]: Assert "(ta !=0) && (tlc_ !=0)"
**DIAG[optinfra/oiUtil.cpp:2137:getRiseDelay]: Assert "(ta !=0) && (tlc_ !=0)"
**DIAG[optinfra/oiUtil.cpp:2148:getFallDelay]: Assert "(ta !=0) && (tlc_ !=0)"
**DIAG[optinfra/oiUtil.cpp:2137:getRiseDelay]: Assert "(ta !=0) && (tlc_ !=0)"
**DIAG[optinfra/oiUtil.cpp:2148:getFallDelay]: Assert "(ta !=0) && (tlc_ !=0)"
**DIAG[optinfra/oiUtil.cpp:2137:getRiseDelay]: Assert "(ta !=0) && (tlc_ !=0)"
**DIAG[optinfra/oiUtil.cpp:2148:getFallDelay]: Assert "(ta !=0) && (tlc_ !=0)"
**DIAG[optinfra/oiUtil.cpp:2137:getRiseDelay]: Assert "(ta !=0) && (tlc_ !=0)"
**DIAG[optinfra/oiUtil.cpp:2148:getFallDelay]: Assert "(ta !=0) && (tlc_ !=0)"
**DIAG[../../include/oiTmVNetlist.hpp:287:oiTmVInstTermCL]: Assert "timeLibContext_"
**DIAG[../../include/oiTmVNetlist.hpp:287:oiTmVInstTermCL]: Assert "timeLibContext_"
**DIAG[../../include/oiTmVNetlist.hpp:287:oiTmVInstTermCL]: Assert "timeLibContext_"
**DIAG[../../include/oiTmVNetlist.hpp:287:oiTmVInstTermCL]: Assert "timeLibContext_"
**DIAG[../../include/oiTmVNetlist.hpp:287:oiTmVInstTermCL]: Assert "timeLibContext_"
**DIAG[../../include/oiTmVNetlist.hpp:287:oiTmVInstTermCL]: Assert "timeLibContext_"
**DIAG[../../include/oiTmVNetlist.hpp:287:oiTmVInstTermCL]: Assert "timeLibContext_"
**DIAG[optinfra/oiUtil.cpp:2137:getRiseDelay]: Assert "(ta !=0) && (tlc_ !=0)"
**DIAG[optinfra/oiUtil.cpp:2148:getFallDelay]: Assert "(ta !=0) && (tlc_ !=0)"
**DIAG[optinfra/oiUtil.cpp:2137:getRiseDelay]: Assert "(ta !=0) && (tlc_ !=0)"
**DIAG[optinfra/oiUtil.cpp:2148:getFallDelay]: Assert "(ta !=0) && (tlc_ !=0)"
**DIAG[optinfra/oiUtil.cpp:2137:getRiseDelay]: Assert "(ta !=0) && (tlc_ !=0)"
**DIAG[optinfra/oiUtil.cpp:2148:getFallDelay]: Assert "(ta !=0) && (tlc_ !=0)"
**DIAG[optinfra/oiUtil.cpp:2137:getRiseDelay]: Assert "(ta !=0) && (tlc_ !=0)"
**DIAG[optinfra/oiUtil.cpp:2148:getFallDelay]: Assert "(ta !=0) && (tlc_ !=0)"
**DIAG[optinfra/oiUtil.cpp:2137:getRiseDelay]: Assert "(ta !=0) && (tlc_ !=0)"
**DIAG[optinfra/oiUtil.cpp:2148:getFallDelay]: Assert "(ta !=0) && (tlc_ !=0)"
**DIAG[optinfra/oiUtil.cpp:2137:getRiseDelay]: Assert "(ta !=0) && (tlc_ !=0)"
**DIAG[optinfra/oiUtil.cpp:2148:getFallDelay]: Assert "(ta !=0) && (tlc_ !=0)"
**DIAG[../../include/oiTmVNetlist.hpp:287:oiTmVInstTermCL]: Assert "timeLibContext_"
**DIAG[../../include/oiTmVNetlist.hpp:287:oiTmVInstTermCL]: Assert "timeLibContext_"
**DIAG[../../include/oiTmVNetlist.hpp:287:oiTmVInstTermCL]: Assert "timeLibContext_"
**DIAG[../../include/oiTmVNetlist.hpp:287:oiTmVInstTermCL]: Assert "timeLibContext_"
**DIAG[../../include/oiTmVNetlist.hpp:287:oiTmVInstTermCL]: Assert "timeLibContext_"
**DIAG[../../include/oiTmVNetlist.hpp:287:oiTmVInstTermCL]: Assert "timeLibContext_"
**DIAG[../../include/oiTmVNetlist.hpp:287:oiTmVInstTermCL]: Assert "timeLibContext_"
**DIAG[optinfra/oiUtil.cpp:2137:getRiseDelay]: Assert "(ta !=0) && (tlc_ !=0)"
**DIAG[optinfra/oiUtil.cpp:2148:getFallDelay]: Assert "(ta !=0) && (tlc_ !=0)"
**DIAG[optinfra/oiUtil.cpp:2137:getRiseDelay]: Assert "(ta !=0) && (tlc_ !=0)"
**DIAG[optinfra/oiUtil.cpp:2148:getFallDelay]: Assert "(ta !=0) && (tlc_ !=0)"
**DIAG[optinfra/oiUtil.cpp:2137:getRiseDelay]: Assert "(ta !=0) && (tlc_ !=0)"
**DIAG[optinfra/oiUtil.cpp:2148:getFallDelay]: Assert "(ta !=0) && (tlc_ !=0)"
**DIAG[optinfra/oiUtil.cpp:2137:getRiseDelay]: Assert "(ta !=0) && (tlc_ !=0)"
**DIAG[optinfra/oiUtil.cpp:2148:getFallDelay]: Assert "(ta !=0) && (tlc_ !=0)"
**DIAG[optinfra/oiUtil.cpp:2137:getRiseDelay]: Assert "(ta !=0) && (tlc_ !=0)"
**DIAG[optinfra/oiUtil.cpp:2148:getFallDelay]: Assert "(ta !=0) && (tlc_ !=0)"
**DIAG[optinfra/oiUtil.cpp:2137:getRiseDelay]: Assert "(ta !=0) && (tlc_ !=0)"
**DIAG[optinfra/oiUtil.cpp:2148:getFallDelay]: Assert "(ta !=0) && (tlc_ !=0)"
**DIAG[../../include/oiTmVNetlist.hpp:287:oiTmVInstTermCL]: Assert "timeLibContext_"
**DIAG[../../include/oiTmVNetlist.hpp:287:oiTmVInstTermCL]: Assert "timeLibContext_"
**DIAG[../../include/oiTmVNetlist.hpp:287:oiTmVInstTermCL]: Assert "timeLibContext_"
**DIAG[../../include/oiTmVNetlist.hpp:287:oiTmVInstTermCL]: Assert "timeLibContext_"
**DIAG[../../include/oiTmVNetlist.hpp:287:oiTmVInstTermCL]: Assert "timeLibContext_"
**DIAG[../../include/oiTmVNetlist.hpp:287:oiTmVInstTermCL]: Assert "timeLibContext_"
**DIAG[../../include/oiTmVNetlist.hpp:287:oiTmVInstTermCL]: Assert "timeLibContext_"
**DIAG[optinfra/oiUtil.cpp:2137:getRiseDelay]: Assert "(ta !=0) && (tlc_ !=0)"
**DIAG[optinfra/oiUtil.cpp:2148:getFallDelay]: Assert "(ta !=0) && (tlc_ !=0)"
**DIAG[optinfra/oiUtil.cpp:2137:getRiseDelay]: Assert "(ta !=0) && (tlc_ !=0)"
**DIAG[optinfra/oiUtil.cpp:2148:getFallDelay]: Assert "(ta !=0) && (tlc_ !=0)"
**DIAG[optinfra/oiUtil.cpp:2137:getRiseDelay]: Assert "(ta !=0) && (tlc_ !=0)"
**DIAG[optinfra/oiUtil.cpp:2148:getFallDelay]: Assert "(ta !=0) && (tlc_ !=0)"
**DIAG[optinfra/oiUtil.cpp:2137:getRiseDelay]: Assert "(ta !=0) && (tlc_ !=0)"
**DIAG[optinfra/oiUtil.cpp:2148:getFallDelay]: Assert "(ta !=0) && (tlc_ !=0)"
**DIAG[optinfra/oiUtil.cpp:2137:getRiseDelay]: Assert "(ta !=0) && (tlc_ !=0)"
**DIAG[optinfra/oiUtil.cpp:2148:getFallDelay]: Assert "(ta !=0) && (tlc_ !=0)"
**DIAG[optinfra/oiUtil.cpp:2137:getRiseDelay]: Assert "(ta !=0) && (tlc_ !=0)"
**DIAG[optinfra/oiUtil.cpp:2148:getFallDelay]: Assert "(ta !=0) && (tlc_ !=0)"
**DIAG[../../include/oiTmVNetlist.hpp:287:oiTmVInstTermCL]: Assert "timeLibContext_"
**DIAG[../../include/oiTmVNetlist.hpp:287:oiTmVInstTermCL]: Assert "timeLibContext_"
**DIAG[../../include/oiTmVNetlist.hpp:287:oiTmVInstTermCL]: Assert "timeLibContext_"
**DIAG[../../include/oiTmVNetlist.hpp:287:oiTmVInstTermCL]: Assert "timeLibContext_"
**DIAG[../../include/oiTmVNetlist.hpp:287:oiTmVInstTermCL]: Assert "timeLibContext_"
**DIAG[../../include/oiTmVNetlist.hpp:287:oiTmVInstTermCL]: Assert "timeLibContext_"
**DIAG[../../include/oiTmVNetlist.hpp:287:oiTmVInstTermCL]: Assert "timeLibContext_"
**DIAG[optinfra/oiUtil.cpp:2137:getRiseDelay]: Assert "(ta !=0) && (tlc_ !=0)"
**DIAG[optinfra/oiUtil.cpp:2148:getFallDelay]: Assert "(ta !=0) && (tlc_ !=0)"
**DIAG[optinfra/oiUtil.cpp:2137:getRiseDelay]: Assert "(ta !=0) && (tlc_ !=0)"
**DIAG[optinfra/oiUtil.cpp:2148:getFallDelay]: Assert "(ta !=0) && (tlc_ !=0)"
**DIAG[optinfra/oiUtil.cpp:2137:getRiseDelay]: Assert "(ta !=0) && (tlc_ !=0)"
**DIAG[optinfra/oiUtil.cpp:2148:getFallDelay]: Assert "(ta !=0) && (tlc_ !=0)"
**DIAG[optinfra/oiUtil.cpp:2137:getRiseDelay]: Assert "(ta !=0) && (tlc_ !=0)"
**DIAG[optinfra/oiUtil.cpp:2148:getFallDelay]: Assert "(ta !=0) && (tlc_ !=0)"
**DIAG[optinfra/oiUtil.cpp:2137:getRiseDelay]: Assert "(ta !=0) && (tlc_ !=0)"
**DIAG[optinfra/oiUtil.cpp:2148:getFallDelay]: Assert "(ta !=0) && (tlc_ !=0)"
**DIAG[optinfra/oiUtil.cpp:2137:getRiseDelay]: Assert "(ta !=0) && (tlc_ !=0)"
**DIAG[optinfra/oiUtil.cpp:2148:getFallDelay]: Assert "(ta !=0) && (tlc_ !=0)"
**DIAG[../../include/oiTmVNetlist.hpp:287:oiTmVInstTermCL]: Assert "timeLibContext_"
**DIAG[../../include/oiTmVNetlist.hpp:287:oiTmVInstTermCL]: Assert "timeLibContext_"
**DIAG[../../include/oiTmVNetlist.hpp:287:oiTmVInstTermCL]: Assert "timeLibContext_"
**DIAG[../../include/oiTmVNetlist.hpp:287:oiTmVInstTermCL]: Assert "timeLibContext_"
**DIAG[../../include/oiTmVNetlist.hpp:287:oiTmVInstTermCL]: Assert "timeLibContext_"
**DIAG[../../include/oiTmVNetlist.hpp:287:oiTmVInstTermCL]: Assert "timeLibContext_"
**DIAG[../../include/oiTmVNetlist.hpp:287:oiTmVInstTermCL]: Assert "timeLibContext_"
**DIAG[../../include/oiTmVNetlist.hpp:287:oiTmVInstTermCL]: Assert "timeLibContext_"
**DIAG[../../include/oiTmVNetlist.hpp:287:oiTmVInstTermCL]: Assert "timeLibContext_"
**DIAG[optinfra/oiUtil.cpp:2137:getRiseDelay]: Assert "(ta !=0) && (tlc_ !=0)"
**DIAG[optinfra/oiUtil.cpp:2148:getFallDelay]: Assert "(ta !=0) && (tlc_ !=0)"
**DIAG[optinfra/oiUtil.cpp:2137:getRiseDelay]: Assert "(ta !=0) && (tlc_ !=0)"
**DIAG[optinfra/oiUtil.cpp:2148:getFallDelay]: Assert "(ta !=0) && (tlc_ !=0)"
**DIAG[optinfra/oiUtil.cpp:2137:getRiseDelay]: Assert "(ta !=0) && (tlc_ !=0)"
**DIAG[optinfra/oiUtil.cpp:2148:getFallDelay]: Assert "(ta !=0) && (tlc_ !=0)"
**DIAG[optinfra/oiUtil.cpp:2137:getRiseDelay]: Assert "(ta !=0) && (tlc_ !=0)"
**DIAG[optinfra/oiUtil.cpp:2148:getFallDelay]: Assert "(ta !=0) && (tlc_ !=0)"
**DIAG[optinfra/oiUtil.cpp:2137:getRiseDelay]: Assert "(ta !=0) && (tlc_ !=0)"
**DIAG[optinfra/oiUtil.cpp:2148:getFallDelay]: Assert "(ta !=0) && (tlc_ !=0)"
**DIAG[optinfra/oiUtil.cpp:2137:getRiseDelay]: Assert "(ta !=0) && (tlc_ !=0)"
**DIAG[optinfra/oiUtil.cpp:2148:getFallDelay]: Assert "(ta !=0) && (tlc_ !=0)"
**DIAG[optinfra/oiUtil.cpp:2137:getRiseDelay]: Assert "(ta !=0) && (tlc_ !=0)"
**DIAG[optinfra/oiUtil.cpp:2148:getFallDelay]: Assert "(ta !=0) && (tlc_ !=0)"
**DIAG[optinfra/oiUtil.cpp:2137:getRiseDelay]: Assert "(ta !=0) && (tlc_ !=0)"
**DIAG[optinfra/oiUtil.cpp:2148:getFallDelay]: Assert "(ta !=0) && (tlc_ !=0)"
**DIAG[../../include/oiTmVNetlist.hpp:287:oiTmVInstTermCL]: Assert "timeLibContext_"
**DIAG[../../include/oiTmVNetlist.hpp:287:oiTmVInstTermCL]: Assert "timeLibContext_"
**DIAG[../../include/oiTmVNetlist.hpp:287:oiTmVInstTermCL]: Assert "timeLibContext_"
**DIAG[../../include/oiTmVNetlist.hpp:287:oiTmVInstTermCL]: Assert "timeLibContext_"
**DIAG[../../include/oiTmVNetlist.hpp:287:oiTmVInstTermCL]: Assert "timeLibContext_"
**DIAG[../../include/oiTmVNetlist.hpp:287:oiTmVInstTermCL]: Assert "timeLibContext_"
**DIAG[../../include/oiTmVNetlist.hpp:287:oiTmVInstTermCL]: Assert "timeLibContext_"
**DIAG[../../include/oiTmVNetlist.hpp:287:oiTmVInstTermCL]: Assert "timeLibContext_"
**DIAG[../../include/oiTmVNetlist.hpp:287:oiTmVInstTermCL]: Assert "timeLibContext_"
**DIAG[optinfra/oiUtil.cpp:2137:getRiseDelay]: Assert "(ta !=0) && (tlc_ !=0)"
**DIAG[optinfra/oiUtil.cpp:2148:getFallDelay]: Assert "(ta !=0) && (tlc_ !=0)"
**DIAG[optinfra/oiUtil.cpp:2137:getRiseDelay]: Assert "(ta !=0) && (tlc_ !=0)"
**DIAG[optinfra/oiUtil.cpp:2148:getFallDelay]: Assert "(ta !=0) && (tlc_ !=0)"
**DIAG[optinfra/oiUtil.cpp:2137:getRiseDelay]: Assert "(ta !=0) && (tlc_ !=0)"
**DIAG[optinfra/oiUtil.cpp:2148:getFallDelay]: Assert "(ta !=0) && (tlc_ !=0)"
**DIAG[optinfra/oiUtil.cpp:2137:getRiseDelay]: Assert "(ta !=0) && (tlc_ !=0)"
**DIAG[optinfra/oiUtil.cpp:2148:getFallDelay]: Assert "(ta !=0) && (tlc_ !=0)"
**DIAG[optinfra/oiUtil.cpp:2137:getRiseDelay]: Assert "(ta !=0) && (tlc_ !=0)"
**DIAG[optinfra/oiUtil.cpp:2148:getFallDelay]: Assert "(ta !=0) && (tlc_ !=0)"
**DIAG[optinfra/oiUtil.cpp:2137:getRiseDelay]: Assert "(ta !=0) && (tlc_ !=0)"
**DIAG[optinfra/oiUtil.cpp:2148:getFallDelay]: Assert "(ta !=0) && (tlc_ !=0)"
**DIAG[optinfra/oiUtil.cpp:2137:getRiseDelay]: Assert "(ta !=0) && (tlc_ !=0)"
**DIAG[optinfra/oiUtil.cpp:2148:getFallDelay]: Assert "(ta !=0) && (tlc_ !=0)"
**DIAG[optinfra/oiUtil.cpp:2137:getRiseDelay]: Assert "(ta !=0) && (tlc_ !=0)"
**DIAG[optinfra/oiUtil.cpp:2148:getFallDelay]: Assert "(ta !=0) && (tlc_ !=0)"
**DIAG[../../include/oiTmVNetlist.hpp:287:oiTmVInstTermCL]: Assert "timeLibContext_"
**DIAG[../../include/oiTmVNetlist.hpp:287:oiTmVInstTermCL]: Assert "timeLibContext_"
**DIAG[../../include/oiTmVNetlist.hpp:287:oiTmVInstTermCL]: Assert "timeLibContext_"
**DIAG[../../include/oiTmVNetlist.hpp:287:oiTmVInstTermCL]: Assert "timeLibContext_"
**DIAG[../../include/oiTmVNetlist.hpp:287:oiTmVInstTermCL]: Assert "timeLibContext_"
**DIAG[../../include/oiTmVNetlist.hpp:287:oiTmVInstTermCL]: Assert "timeLibContext_"
**DIAG[../../include/oiTmVNetlist.hpp:287:oiTmVInstTermCL]: Assert "timeLibContext_"
**DIAG[../../include/oiTmVNetlist.hpp:287:oiTmVInstTermCL]: Assert "timeLibContext_"
**DIAG[../../include/oiTmVNetlist.hpp:287:oiTmVInstTermCL]: Assert "timeLibContext_"
**DIAG[optinfra/oiUtil.cpp:2137:getRiseDelay]: Assert "(ta !=0) && (tlc_ !=0)"
**DIAG[optinfra/oiUtil.cpp:2148:getFallDelay]: Assert "(ta !=0) && (tlc_ !=0)"
**DIAG[optinfra/oiUtil.cpp:2137:getRiseDelay]: Assert "(ta !=0) && (tlc_ !=0)"
**DIAG[optinfra/oiUtil.cpp:2148:getFallDelay]: Assert "(ta !=0) && (tlc_ !=0)"
**DIAG[optinfra/oiUtil.cpp:2137:getRiseDelay]: Assert "(ta !=0) && (tlc_ !=0)"
**DIAG[optinfra/oiUtil.cpp:2148:getFallDelay]: Assert "(ta !=0) && (tlc_ !=0)"
**DIAG[optinfra/oiUtil.cpp:2137:getRiseDelay]: Assert "(ta !=0) && (tlc_ !=0)"
**DIAG[optinfra/oiUtil.cpp:2148:getFallDelay]: Assert "(ta !=0) && (tlc_ !=0)"
**DIAG[optinfra/oiUtil.cpp:2137:getRiseDelay]: Assert "(ta !=0) && (tlc_ !=0)"
**DIAG[optinfra/oiUtil.cpp:2148:getFallDelay]: Assert "(ta !=0) && (tlc_ !=0)"
**DIAG[optinfra/oiUtil.cpp:2137:getRiseDelay]: Assert "(ta !=0) && (tlc_ !=0)"
**DIAG[optinfra/oiUtil.cpp:2148:getFallDelay]: Assert "(ta !=0) && (tlc_ !=0)"
**DIAG[optinfra/oiUtil.cpp:2137:getRiseDelay]: Assert "(ta !=0) && (tlc_ !=0)"
**DIAG[optinfra/oiUtil.cpp:2148:getFallDelay]: Assert "(ta !=0) && (tlc_ !=0)"
**DIAG[optinfra/oiUtil.cpp:2137:getRiseDelay]: Assert "(ta !=0) && (tlc_ !=0)"
**DIAG[optinfra/oiUtil.cpp:2148:getFallDelay]: Assert "(ta !=0) && (tlc_ !=0)"
**DIAG[../../include/oiTmVNetlist.hpp:287:oiTmVInstTermCL]: Assert "timeLibContext_"
**DIAG[../../include/oiTmVNetlist.hpp:287:oiTmVInstTermCL]: Assert "timeLibContext_"
**DIAG[../../include/oiTmVNetlist.hpp:287:oiTmVInstTermCL]: Assert "timeLibContext_"
**DIAG[../../include/oiTmVNetlist.hpp:287:oiTmVInstTermCL]: Assert "timeLibContext_"
**DIAG[../../include/oiTmVNetlist.hpp:287:oiTmVInstTermCL]: Assert "timeLibContext_"
**DIAG[../../include/oiTmVNetlist.hpp:287:oiTmVInstTermCL]: Assert "timeLibContext_"
**DIAG[../../include/oiTmVNetlist.hpp:287:oiTmVInstTermCL]: Assert "timeLibContext_"
**DIAG[../../include/oiTmVNetlist.hpp:287:oiTmVInstTermCL]: Assert "timeLibContext_"
**DIAG[../../include/oiTmVNetlist.hpp:287:oiTmVInstTermCL]: Assert "timeLibContext_"
**DIAG[optinfra/oiUtil.cpp:2137:getRiseDelay]: Assert "(ta !=0) && (tlc_ !=0)"
**DIAG[optinfra/oiUtil.cpp:2148:getFallDelay]: Assert "(ta !=0) && (tlc_ !=0)"
**DIAG[optinfra/oiUtil.cpp:2137:getRiseDelay]: Assert "(ta !=0) && (tlc_ !=0)"
**DIAG[optinfra/oiUtil.cpp:2148:getFallDelay]: Assert "(ta !=0) && (tlc_ !=0)"
**DIAG[optinfra/oiUtil.cpp:2137:getRiseDelay]: Assert "(ta !=0) && (tlc_ !=0)"
**DIAG[optinfra/oiUtil.cpp:2148:getFallDelay]: Assert "(ta !=0) && (tlc_ !=0)"
**DIAG[optinfra/oiUtil.cpp:2137:getRiseDelay]: Assert "(ta !=0) && (tlc_ !=0)"
**DIAG[optinfra/oiUtil.cpp:2148:getFallDelay]: Assert "(ta !=0) && (tlc_ !=0)"
**DIAG[optinfra/oiUtil.cpp:2137:getRiseDelay]: Assert "(ta !=0) && (tlc_ !=0)"
**DIAG[optinfra/oiUtil.cpp:2148:getFallDelay]: Assert "(ta !=0) && (tlc_ !=0)"
**DIAG[optinfra/oiUtil.cpp:2137:getRiseDelay]: Assert "(ta !=0) && (tlc_ !=0)"
**DIAG[optinfra/oiUtil.cpp:2148:getFallDelay]: Assert "(ta !=0) && (tlc_ !=0)"
**DIAG[optinfra/oiUtil.cpp:2137:getRiseDelay]: Assert "(ta !=0) && (tlc_ !=0)"
**DIAG[optinfra/oiUtil.cpp:2148:getFallDelay]: Assert "(ta !=0) && (tlc_ !=0)"
**DIAG[optinfra/oiUtil.cpp:2137:getRiseDelay]: Assert "(ta !=0) && (tlc_ !=0)"
**DIAG[optinfra/oiUtil.cpp:2148:getFallDelay]: Assert "(ta !=0) && (tlc_ !=0)"
**DIAG[../../include/oiTmVNetlist.hpp:287:oiTmVInstTermCL]: Assert "timeLibContext_"
**DIAG[../../include/oiTmVNetlist.hpp:287:oiTmVInstTermCL]: Assert "timeLibContext_"
**DIAG[../../include/oiTmVNetlist.hpp:287:oiTmVInstTermCL]: Assert "timeLibContext_"
**DIAG[../../include/oiTmVNetlist.hpp:287:oiTmVInstTermCL]: Assert "timeLibContext_"
**DIAG[../../include/oiTmVNetlist.hpp:287:oiTmVInstTermCL]: Assert "timeLibContext_"
**DIAG[../../include/oiTmVNetlist.hpp:287:oiTmVInstTermCL]: Assert "timeLibContext_"
**DIAG[../../include/oiTmVNetlist.hpp:287:oiTmVInstTermCL]: Assert "timeLibContext_"
**DIAG[../../include/oiTmVNetlist.hpp:287:oiTmVInstTermCL]: Assert "timeLibContext_"
**DIAG[../../include/oiTmVNetlist.hpp:287:oiTmVInstTermCL]: Assert "timeLibContext_"
**DIAG[optinfra/oiUtil.cpp:2137:getRiseDelay]: Assert "(ta !=0) && (tlc_ !=0)"
**DIAG[optinfra/oiUtil.cpp:2148:getFallDelay]: Assert "(ta !=0) && (tlc_ !=0)"
**DIAG[optinfra/oiUtil.cpp:2137:getRiseDelay]: Assert "(ta !=0) && (tlc_ !=0)"
**DIAG[optinfra/oiUtil.cpp:2148:getFallDelay]: Assert "(ta !=0) && (tlc_ !=0)"
**DIAG[optinfra/oiUtil.cpp:2137:getRiseDelay]: Assert "(ta !=0) && (tlc_ !=0)"
**DIAG[optinfra/oiUtil.cpp:2148:getFallDelay]: Assert "(ta !=0) && (tlc_ !=0)"
**DIAG[optinfra/oiUtil.cpp:2137:getRiseDelay]: Assert "(ta !=0) && (tlc_ !=0)"
**DIAG[optinfra/oiUtil.cpp:2148:getFallDelay]: Assert "(ta !=0) && (tlc_ !=0)"
**DIAG[optinfra/oiUtil.cpp:2137:getRiseDelay]: Assert "(ta !=0) && (tlc_ !=0)"
**DIAG[optinfra/oiUtil.cpp:2148:getFallDelay]: Assert "(ta !=0) && (tlc_ !=0)"
**DIAG[optinfra/oiUtil.cpp:2137:getRiseDelay]: Assert "(ta !=0) && (tlc_ !=0)"
**DIAG[optinfra/oiUtil.cpp:2148:getFallDelay]: Assert "(ta !=0) && (tlc_ !=0)"
**DIAG[optinfra/oiUtil.cpp:2137:getRiseDelay]: Assert "(ta !=0) && (tlc_ !=0)"
**DIAG[optinfra/oiUtil.cpp:2148:getFallDelay]: Assert "(ta !=0) && (tlc_ !=0)"
**DIAG[optinfra/oiUtil.cpp:2137:getRiseDelay]: Assert "(ta !=0) && (tlc_ !=0)"
**DIAG[optinfra/oiUtil.cpp:2148:getFallDelay]: Assert "(ta !=0) && (tlc_ !=0)"
**DIAG[../../include/oiTmVNetlist.hpp:287:oiTmVInstTermCL]: Assert "timeLibContext_"
**DIAG[../../include/oiTmVNetlist.hpp:287:oiTmVInstTermCL]: Assert "timeLibContext_"
**DIAG[../../include/oiTmVNetlist.hpp:287:oiTmVInstTermCL]: Assert "timeLibContext_"
**DIAG[../../include/oiTmVNetlist.hpp:287:oiTmVInstTermCL]: Assert "timeLibContext_"
**DIAG[../../include/oiTmVNetlist.hpp:287:oiTmVInstTermCL]: Assert "timeLibContext_"
**DIAG[../../include/oiTmVNetlist.hpp:287:oiTmVInstTermCL]: Assert "timeLibContext_"
**DIAG[../../include/oiTmVNetlist.hpp:287:oiTmVInstTermCL]: Assert "timeLibContext_"
**DIAG[../../include/oiTmVNetlist.hpp:287:oiTmVInstTermCL]: Assert "timeLibContext_"
**DIAG[../../include/oiTmVNetlist.hpp:287:oiTmVInstTermCL]: Assert "timeLibContext_"
**DIAG[optinfra/oiUtil.cpp:2137:getRiseDelay]: Assert "(ta !=0) && (tlc_ !=0)"
**DIAG[optinfra/oiUtil.cpp:2148:getFallDelay]: Assert "(ta !=0) && (tlc_ !=0)"
**DIAG[optinfra/oiUtil.cpp:2137:getRiseDelay]: Assert "(ta !=0) && (tlc_ !=0)"
**DIAG[optinfra/oiUtil.cpp:2148:getFallDelay]: Assert "(ta !=0) && (tlc_ !=0)"
**DIAG[optinfra/oiUtil.cpp:2137:getRiseDelay]: Assert "(ta !=0) && (tlc_ !=0)"
**DIAG[optinfra/oiUtil.cpp:2148:getFallDelay]: Assert "(ta !=0) && (tlc_ !=0)"
**DIAG[optinfra/oiUtil.cpp:2137:getRiseDelay]: Assert "(ta !=0) && (tlc_ !=0)"
**DIAG[optinfra/oiUtil.cpp:2148:getFallDelay]: Assert "(ta !=0) && (tlc_ !=0)"
**DIAG[optinfra/oiUtil.cpp:2137:getRiseDelay]: Assert "(ta !=0) && (tlc_ !=0)"
**DIAG[optinfra/oiUtil.cpp:2148:getFallDelay]: Assert "(ta !=0) && (tlc_ !=0)"
**DIAG[optinfra/oiUtil.cpp:2137:getRiseDelay]: Assert "(ta !=0) && (tlc_ !=0)"
**DIAG[optinfra/oiUtil.cpp:2148:getFallDelay]: Assert "(ta !=0) && (tlc_ !=0)"
**DIAG[optinfra/oiUtil.cpp:2137:getRiseDelay]: Assert "(ta !=0) && (tlc_ !=0)"
**DIAG[optinfra/oiUtil.cpp:2148:getFallDelay]: Assert "(ta !=0) && (tlc_ !=0)"
**DIAG[optinfra/oiUtil.cpp:2137:getRiseDelay]: Assert "(ta !=0) && (tlc_ !=0)"
**DIAG[optinfra/oiUtil.cpp:2148:getFallDelay]: Assert "(ta !=0) && (tlc_ !=0)"
**DIAG[../../include/oiTmVNetlist.hpp:287:oiTmVInstTermCL]: Assert "timeLibContext_"
**DIAG[../../include/oiTmVNetlist.hpp:287:oiTmVInstTermCL]: Assert "timeLibContext_"
**DIAG[../../include/oiTmVNetlist.hpp:287:oiTmVInstTermCL]: Assert "timeLibContext_"
**DIAG[../../include/oiTmVNetlist.hpp:287:oiTmVInstTermCL]: Assert "timeLibContext_"
**DIAG[../../include/oiTmVNetlist.hpp:287:oiTmVInstTermCL]: Assert "timeLibContext_"
**DIAG[optinfra/oiUtil.cpp:2137:getRiseDelay]: Assert "(ta !=0) && (tlc_ !=0)"
**DIAG[optinfra/oiUtil.cpp:2148:getFallDelay]: Assert "(ta !=0) && (tlc_ !=0)"
**DIAG[optinfra/oiUtil.cpp:2137:getRiseDelay]: Assert "(ta !=0) && (tlc_ !=0)"
**DIAG[optinfra/oiUtil.cpp:2148:getFallDelay]: Assert "(ta !=0) && (tlc_ !=0)"
**DIAG[optinfra/oiUtil.cpp:2137:getRiseDelay]: Assert "(ta !=0) && (tlc_ !=0)"
**DIAG[optinfra/oiUtil.cpp:2148:getFallDelay]: Assert "(ta !=0) && (tlc_ !=0)"
**DIAG[optinfra/oiUtil.cpp:2137:getRiseDelay]: Assert "(ta !=0) && (tlc_ !=0)"
**DIAG[optinfra/oiUtil.cpp:2148:getFallDelay]: Assert "(ta !=0) && (tlc_ !=0)"
**DIAG[../../include/oiTmVNetlist.hpp:287:oiTmVInstTermCL]: Assert "timeLibContext_"
**DIAG[../../include/oiTmVNetlist.hpp:287:oiTmVInstTermCL]: Assert "timeLibContext_"
**DIAG[../../include/oiTmVNetlist.hpp:287:oiTmVInstTermCL]: Assert "timeLibContext_"
**DIAG[../../include/oiTmVNetlist.hpp:287:oiTmVInstTermCL]: Assert "timeLibContext_"
**DIAG[../../include/oiTmVNetlist.hpp:287:oiTmVInstTermCL]: Assert "timeLibContext_"
**DIAG[optinfra/oiUtil.cpp:2137:getRiseDelay]: Assert "(ta !=0) && (tlc_ !=0)"
**DIAG[optinfra/oiUtil.cpp:2148:getFallDelay]: Assert "(ta !=0) && (tlc_ !=0)"
**DIAG[optinfra/oiUtil.cpp:2137:getRiseDelay]: Assert "(ta !=0) && (tlc_ !=0)"
**DIAG[optinfra/oiUtil.cpp:2148:getFallDelay]: Assert "(ta !=0) && (tlc_ !=0)"
**DIAG[optinfra/oiUtil.cpp:2137:getRiseDelay]: Assert "(ta !=0) && (tlc_ !=0)"
**DIAG[optinfra/oiUtil.cpp:2148:getFallDelay]: Assert "(ta !=0) && (tlc_ !=0)"
**DIAG[optinfra/oiUtil.cpp:2137:getRiseDelay]: Assert "(ta !=0) && (tlc_ !=0)"
**DIAG[optinfra/oiUtil.cpp:2148:getFallDelay]: Assert "(ta !=0) && (tlc_ !=0)"
**DIAG[../../include/oiTmVNetlist.hpp:287:oiTmVInstTermCL]: Assert "timeLibContext_"
**DIAG[../../include/oiTmVNetlist.hpp:287:oiTmVInstTermCL]: Assert "timeLibContext_"
**DIAG[../../include/oiTmVNetlist.hpp:287:oiTmVInstTermCL]: Assert "timeLibContext_"
**DIAG[../../include/oiTmVNetlist.hpp:287:oiTmVInstTermCL]: Assert "timeLibContext_"
**DIAG[../../include/oiTmVNetlist.hpp:287:oiTmVInstTermCL]: Assert "timeLibContext_"
**DIAG[optinfra/oiUtil.cpp:2137:getRiseDelay]: Assert "(ta !=0) && (tlc_ !=0)"
**DIAG[optinfra/oiUtil.cpp:2148:getFallDelay]: Assert "(ta !=0) && (tlc_ !=0)"
**DIAG[optinfra/oiUtil.cpp:2137:getRiseDelay]: Assert "(ta !=0) && (tlc_ !=0)"
**DIAG[optinfra/oiUtil.cpp:2148:getFallDelay]: Assert "(ta !=0) && (tlc_ !=0)"
**DIAG[optinfra/oiUtil.cpp:2137:getRiseDelay]: Assert "(ta !=0) && (tlc_ !=0)"
**DIAG[optinfra/oiUtil.cpp:2148:getFallDelay]: Assert "(ta !=0) && (tlc_ !=0)"
**DIAG[optinfra/oiUtil.cpp:2137:getRiseDelay]: Assert "(ta !=0) && (tlc_ !=0)"
**DIAG[optinfra/oiUtil.cpp:2148:getFallDelay]: Assert "(ta !=0) && (tlc_ !=0)"
**DIAG[../../include/oiTmVNetlist.hpp:287:oiTmVInstTermCL]: Assert "timeLibContext_"
**DIAG[../../include/oiTmVNetlist.hpp:287:oiTmVInstTermCL]: Assert "timeLibContext_"
**DIAG[../../include/oiTmVNetlist.hpp:287:oiTmVInstTermCL]: Assert "timeLibContext_"
**DIAG[../../include/oiTmVNetlist.hpp:287:oiTmVInstTermCL]: Assert "timeLibContext_"
**DIAG[../../include/oiTmVNetlist.hpp:287:oiTmVInstTermCL]: Assert "timeLibContext_"
**DIAG[optinfra/oiUtil.cpp:2137:getRiseDelay]: Assert "(ta !=0) && (tlc_ !=0)"
**DIAG[optinfra/oiUtil.cpp:2148:getFallDelay]: Assert "(ta !=0) && (tlc_ !=0)"
**DIAG[optinfra/oiUtil.cpp:2137:getRiseDelay]: Assert "(ta !=0) && (tlc_ !=0)"
**DIAG[optinfra/oiUtil.cpp:2148:getFallDelay]: Assert "(ta !=0) && (tlc_ !=0)"
**DIAG[optinfra/oiUtil.cpp:2137:getRiseDelay]: Assert "(ta !=0) && (tlc_ !=0)"
**DIAG[optinfra/oiUtil.cpp:2148:getFallDelay]: Assert "(ta !=0) && (tlc_ !=0)"
**DIAG[optinfra/oiUtil.cpp:2137:getRiseDelay]: Assert "(ta !=0) && (tlc_ !=0)"
**DIAG[optinfra/oiUtil.cpp:2148:getFallDelay]: Assert "(ta !=0) && (tlc_ !=0)"
**DIAG[../../include/oiTmVNetlist.hpp:287:oiTmVInstTermCL]: Assert "timeLibContext_"
**DIAG[../../include/oiTmVNetlist.hpp:287:oiTmVInstTermCL]: Assert "timeLibContext_"
**DIAG[../../include/oiTmVNetlist.hpp:287:oiTmVInstTermCL]: Assert "timeLibContext_"
**DIAG[../../include/oiTmVNetlist.hpp:287:oiTmVInstTermCL]: Assert "timeLibContext_"
**DIAG[../../include/oiTmVNetlist.hpp:287:oiTmVInstTermCL]: Assert "timeLibContext_"
**DIAG[optinfra/oiUtil.cpp:2137:getRiseDelay]: Assert "(ta !=0) && (tlc_ !=0)"
**DIAG[optinfra/oiUtil.cpp:2148:getFallDelay]: Assert "(ta !=0) && (tlc_ !=0)"
**DIAG[optinfra/oiUtil.cpp:2137:getRiseDelay]: Assert "(ta !=0) && (tlc_ !=0)"
**DIAG[optinfra/oiUtil.cpp:2148:getFallDelay]: Assert "(ta !=0) && (tlc_ !=0)"
**DIAG[optinfra/oiUtil.cpp:2137:getRiseDelay]: Assert "(ta !=0) && (tlc_ !=0)"
**DIAG[optinfra/oiUtil.cpp:2148:getFallDelay]: Assert "(ta !=0) && (tlc_ !=0)"
**DIAG[optinfra/oiUtil.cpp:2137:getRiseDelay]: Assert "(ta !=0) && (tlc_ !=0)"
**DIAG[optinfra/oiUtil.cpp:2148:getFallDelay]: Assert "(ta !=0) && (tlc_ !=0)"
**DIAG[../../include/oiTmVNetlist.hpp:287:oiTmVInstTermCL]: Assert "timeLibContext_"
**DIAG[../../include/oiTmVNetlist.hpp:287:oiTmVInstTermCL]: Assert "timeLibContext_"
**DIAG[../../include/oiTmVNetlist.hpp:287:oiTmVInstTermCL]: Assert "timeLibContext_"
**DIAG[../../include/oiTmVNetlist.hpp:287:oiTmVInstTermCL]: Assert "timeLibContext_"
**DIAG[../../include/oiTmVNetlist.hpp:287:oiTmVInstTermCL]: Assert "timeLibContext_"
**DIAG[optinfra/oiUtil.cpp:2137:getRiseDelay]: Assert "(ta !=0) && (tlc_ !=0)"
**DIAG[optinfra/oiUtil.cpp:2148:getFallDelay]: Assert "(ta !=0) && (tlc_ !=0)"
**DIAG[optinfra/oiUtil.cpp:2137:getRiseDelay]: Assert "(ta !=0) && (tlc_ !=0)"
**DIAG[optinfra/oiUtil.cpp:2148:getFallDelay]: Assert "(ta !=0) && (tlc_ !=0)"
**DIAG[optinfra/oiUtil.cpp:2137:getRiseDelay]: Assert "(ta !=0) && (tlc_ !=0)"
**DIAG[optinfra/oiUtil.cpp:2148:getFallDelay]: Assert "(ta !=0) && (tlc_ !=0)"
**DIAG[optinfra/oiUtil.cpp:2137:getRiseDelay]: Assert "(ta !=0) && (tlc_ !=0)"
**DIAG[optinfra/oiUtil.cpp:2148:getFallDelay]: Assert "(ta !=0) && (tlc_ !=0)"
**DIAG[../../include/oiTmVNetlist.hpp:287:oiTmVInstTermCL]: Assert "timeLibContext_"
**DIAG[../../include/oiTmVNetlist.hpp:287:oiTmVInstTermCL]: Assert "timeLibContext_"
**DIAG[../../include/oiTmVNetlist.hpp:287:oiTmVInstTermCL]: Assert "timeLibContext_"
**DIAG[../../include/oiTmVNetlist.hpp:287:oiTmVInstTermCL]: Assert "timeLibContext_"
**DIAG[../../include/oiTmVNetlist.hpp:287:oiTmVInstTermCL]: Assert "timeLibContext_"
**DIAG[../../include/oiTmVNetlist.hpp:287:oiTmVInstTermCL]: Assert "timeLibContext_"
**DIAG[../../include/oiTmVNetlist.hpp:287:oiTmVInstTermCL]: Assert "timeLibContext_"
**DIAG[optinfra/oiUtil.cpp:2137:getRiseDelay]: Assert "(ta !=0) && (tlc_ !=0)"
**DIAG[optinfra/oiUtil.cpp:2148:getFallDelay]: Assert "(ta !=0) && (tlc_ !=0)"
**DIAG[optinfra/oiUtil.cpp:2137:getRiseDelay]: Assert "(ta !=0) && (tlc_ !=0)"
**DIAG[optinfra/oiUtil.cpp:2148:getFallDelay]: Assert "(ta !=0) && (tlc_ !=0)"
**DIAG[optinfra/oiUtil.cpp:2137:getRiseDelay]: Assert "(ta !=0) && (tlc_ !=0)"
**DIAG[optinfra/oiUtil.cpp:2148:getFallDelay]: Assert "(ta !=0) && (tlc_ !=0)"
**DIAG[optinfra/oiUtil.cpp:2137:getRiseDelay]: Assert "(ta !=0) && (tlc_ !=0)"
**DIAG[optinfra/oiUtil.cpp:2148:getFallDelay]: Assert "(ta !=0) && (tlc_ !=0)"
**DIAG[optinfra/oiUtil.cpp:2137:getRiseDelay]: Assert "(ta !=0) && (tlc_ !=0)"
**DIAG[optinfra/oiUtil.cpp:2148:getFallDelay]: Assert "(ta !=0) && (tlc_ !=0)"
**DIAG[optinfra/oiUtil.cpp:2137:getRiseDelay]: Assert "(ta !=0) && (tlc_ !=0)"
**DIAG[optinfra/oiUtil.cpp:2148:getFallDelay]: Assert "(ta !=0) && (tlc_ !=0)"
**DIAG[../../include/oiTmVNetlist.hpp:287:oiTmVInstTermCL]: Assert "timeLibContext_"
**DIAG[../../include/oiTmVNetlist.hpp:287:oiTmVInstTermCL]: Assert "timeLibContext_"
**DIAG[../../include/oiTmVNetlist.hpp:287:oiTmVInstTermCL]: Assert "timeLibContext_"
**DIAG[../../include/oiTmVNetlist.hpp:287:oiTmVInstTermCL]: Assert "timeLibContext_"
**DIAG[../../include/oiTmVNetlist.hpp:287:oiTmVInstTermCL]: Assert "timeLibContext_"
**DIAG[../../include/oiTmVNetlist.hpp:287:oiTmVInstTermCL]: Assert "timeLibContext_"
**DIAG[../../include/oiTmVNetlist.hpp:287:oiTmVInstTermCL]: Assert "timeLibContext_"
**DIAG[optinfra/oiUtil.cpp:2137:getRiseDelay]: Assert "(ta !=0) && (tlc_ !=0)"
**DIAG[optinfra/oiUtil.cpp:2148:getFallDelay]: Assert "(ta !=0) && (tlc_ !=0)"
**DIAG[optinfra/oiUtil.cpp:2137:getRiseDelay]: Assert "(ta !=0) && (tlc_ !=0)"
**DIAG[optinfra/oiUtil.cpp:2148:getFallDelay]: Assert "(ta !=0) && (tlc_ !=0)"
**DIAG[optinfra/oiUtil.cpp:2137:getRiseDelay]: Assert "(ta !=0) && (tlc_ !=0)"
**DIAG[optinfra/oiUtil.cpp:2148:getFallDelay]: Assert "(ta !=0) && (tlc_ !=0)"
**DIAG[optinfra/oiUtil.cpp:2137:getRiseDelay]: Assert "(ta !=0) && (tlc_ !=0)"
**DIAG[optinfra/oiUtil.cpp:2148:getFallDelay]: Assert "(ta !=0) && (tlc_ !=0)"
**DIAG[optinfra/oiUtil.cpp:2137:getRiseDelay]: Assert "(ta !=0) && (tlc_ !=0)"
**DIAG[optinfra/oiUtil.cpp:2148:getFallDelay]: Assert "(ta !=0) && (tlc_ !=0)"
**DIAG[optinfra/oiUtil.cpp:2137:getRiseDelay]: Assert "(ta !=0) && (tlc_ !=0)"
**DIAG[optinfra/oiUtil.cpp:2148:getFallDelay]: Assert "(ta !=0) && (tlc_ !=0)"
**DIAG[../../include/oiTmVNetlist.hpp:287:oiTmVInstTermCL]: Assert "timeLibContext_"
**DIAG[../../include/oiTmVNetlist.hpp:287:oiTmVInstTermCL]: Assert "timeLibContext_"
**DIAG[../../include/oiTmVNetlist.hpp:287:oiTmVInstTermCL]: Assert "timeLibContext_"
**DIAG[../../include/oiTmVNetlist.hpp:287:oiTmVInstTermCL]: Assert "timeLibContext_"
**DIAG[../../include/oiTmVNetlist.hpp:287:oiTmVInstTermCL]: Assert "timeLibContext_"
**DIAG[../../include/oiTmVNetlist.hpp:287:oiTmVInstTermCL]: Assert "timeLibContext_"
**DIAG[../../include/oiTmVNetlist.hpp:287:oiTmVInstTermCL]: Assert "timeLibContext_"
**DIAG[optinfra/oiUtil.cpp:2137:getRiseDelay]: Assert "(ta !=0) && (tlc_ !=0)"
**DIAG[optinfra/oiUtil.cpp:2148:getFallDelay]: Assert "(ta !=0) && (tlc_ !=0)"
**DIAG[optinfra/oiUtil.cpp:2137:getRiseDelay]: Assert "(ta !=0) && (tlc_ !=0)"
**DIAG[optinfra/oiUtil.cpp:2148:getFallDelay]: Assert "(ta !=0) && (tlc_ !=0)"
**DIAG[optinfra/oiUtil.cpp:2137:getRiseDelay]: Assert "(ta !=0) && (tlc_ !=0)"
**DIAG[optinfra/oiUtil.cpp:2148:getFallDelay]: Assert "(ta !=0) && (tlc_ !=0)"
**DIAG[optinfra/oiUtil.cpp:2137:getRiseDelay]: Assert "(ta !=0) && (tlc_ !=0)"
**DIAG[optinfra/oiUtil.cpp:2148:getFallDelay]: Assert "(ta !=0) && (tlc_ !=0)"
**DIAG[optinfra/oiUtil.cpp:2137:getRiseDelay]: Assert "(ta !=0) && (tlc_ !=0)"
**DIAG[optinfra/oiUtil.cpp:2148:getFallDelay]: Assert "(ta !=0) && (tlc_ !=0)"
**DIAG[optinfra/oiUtil.cpp:2137:getRiseDelay]: Assert "(ta !=0) && (tlc_ !=0)"
**DIAG[optinfra/oiUtil.cpp:2148:getFallDelay]: Assert "(ta !=0) && (tlc_ !=0)"
**DIAG[../../include/oiTmVNetlist.hpp:287:oiTmVInstTermCL]: Assert "timeLibContext_"
**DIAG[../../include/oiTmVNetlist.hpp:287:oiTmVInstTermCL]: Assert "timeLibContext_"
**DIAG[../../include/oiTmVNetlist.hpp:287:oiTmVInstTermCL]: Assert "timeLibContext_"
**DIAG[../../include/oiTmVNetlist.hpp:287:oiTmVInstTermCL]: Assert "timeLibContext_"
**DIAG[../../include/oiTmVNetlist.hpp:287:oiTmVInstTermCL]: Assert "timeLibContext_"
**DIAG[../../include/oiTmVNetlist.hpp:287:oiTmVInstTermCL]: Assert "timeLibContext_"
**DIAG[../../include/oiTmVNetlist.hpp:287:oiTmVInstTermCL]: Assert "timeLibContext_"
**DIAG[optinfra/oiUtil.cpp:2137:getRiseDelay]: Assert "(ta !=0) && (tlc_ !=0)"
**DIAG[optinfra/oiUtil.cpp:2148:getFallDelay]: Assert "(ta !=0) && (tlc_ !=0)"
**DIAG[optinfra/oiUtil.cpp:2137:getRiseDelay]: Assert "(ta !=0) && (tlc_ !=0)"
**DIAG[optinfra/oiUtil.cpp:2148:getFallDelay]: Assert "(ta !=0) && (tlc_ !=0)"
**DIAG[optinfra/oiUtil.cpp:2137:getRiseDelay]: Assert "(ta !=0) && (tlc_ !=0)"
**DIAG[optinfra/oiUtil.cpp:2148:getFallDelay]: Assert "(ta !=0) && (tlc_ !=0)"
**DIAG[optinfra/oiUtil.cpp:2137:getRiseDelay]: Assert "(ta !=0) && (tlc_ !=0)"
**DIAG[optinfra/oiUtil.cpp:2148:getFallDelay]: Assert "(ta !=0) && (tlc_ !=0)"
**DIAG[optinfra/oiUtil.cpp:2137:getRiseDelay]: Assert "(ta !=0) && (tlc_ !=0)"
**DIAG[optinfra/oiUtil.cpp:2148:getFallDelay]: Assert "(ta !=0) && (tlc_ !=0)"
**DIAG[optinfra/oiUtil.cpp:2137:getRiseDelay]: Assert "(ta !=0) && (tlc_ !=0)"
**DIAG[optinfra/oiUtil.cpp:2148:getFallDelay]: Assert "(ta !=0) && (tlc_ !=0)"
**DIAG[../../include/oiTmVNetlist.hpp:287:oiTmVInstTermCL]: Assert "timeLibContext_"
**DIAG[../../include/oiTmVNetlist.hpp:287:oiTmVInstTermCL]: Assert "timeLibContext_"
**DIAG[../../include/oiTmVNetlist.hpp:287:oiTmVInstTermCL]: Assert "timeLibContext_"
**DIAG[../../include/oiTmVNetlist.hpp:287:oiTmVInstTermCL]: Assert "timeLibContext_"
**DIAG[../../include/oiTmVNetlist.hpp:287:oiTmVInstTermCL]: Assert "timeLibContext_"
**DIAG[../../include/oiTmVNetlist.hpp:287:oiTmVInstTermCL]: Assert "timeLibContext_"
**DIAG[../../include/oiTmVNetlist.hpp:287:oiTmVInstTermCL]: Assert "timeLibContext_"
**DIAG[optinfra/oiUtil.cpp:2137:getRiseDelay]: Assert "(ta !=0) && (tlc_ !=0)"
**DIAG[optinfra/oiUtil.cpp:2148:getFallDelay]: Assert "(ta !=0) && (tlc_ !=0)"
**DIAG[optinfra/oiUtil.cpp:2137:getRiseDelay]: Assert "(ta !=0) && (tlc_ !=0)"
**DIAG[optinfra/oiUtil.cpp:2148:getFallDelay]: Assert "(ta !=0) && (tlc_ !=0)"
**DIAG[optinfra/oiUtil.cpp:2137:getRiseDelay]: Assert "(ta !=0) && (tlc_ !=0)"
**DIAG[optinfra/oiUtil.cpp:2148:getFallDelay]: Assert "(ta !=0) && (tlc_ !=0)"
**DIAG[optinfra/oiUtil.cpp:2137:getRiseDelay]: Assert "(ta !=0) && (tlc_ !=0)"
**DIAG[optinfra/oiUtil.cpp:2148:getFallDelay]: Assert "(ta !=0) && (tlc_ !=0)"
**DIAG[optinfra/oiUtil.cpp:2137:getRiseDelay]: Assert "(ta !=0) && (tlc_ !=0)"
**DIAG[optinfra/oiUtil.cpp:2148:getFallDelay]: Assert "(ta !=0) && (tlc_ !=0)"
**DIAG[optinfra/oiUtil.cpp:2137:getRiseDelay]: Assert "(ta !=0) && (tlc_ !=0)"
**DIAG[optinfra/oiUtil.cpp:2148:getFallDelay]: Assert "(ta !=0) && (tlc_ !=0)"
**DIAG[../../include/oiTmVNetlist.hpp:287:oiTmVInstTermCL]: Assert "timeLibContext_"
**DIAG[../../include/oiTmVNetlist.hpp:287:oiTmVInstTermCL]: Assert "timeLibContext_"
**DIAG[../../include/oiTmVNetlist.hpp:287:oiTmVInstTermCL]: Assert "timeLibContext_"
**DIAG[../../include/oiTmVNetlist.hpp:287:oiTmVInstTermCL]: Assert "timeLibContext_"
**DIAG[../../include/oiTmVNetlist.hpp:287:oiTmVInstTermCL]: Assert "timeLibContext_"
**DIAG[../../include/oiTmVNetlist.hpp:287:oiTmVInstTermCL]: Assert "timeLibContext_"
**DIAG[../../include/oiTmVNetlist.hpp:287:oiTmVInstTermCL]: Assert "timeLibContext_"
**DIAG[optinfra/oiUtil.cpp:2137:getRiseDelay]: Assert "(ta !=0) && (tlc_ !=0)"
**DIAG[optinfra/oiUtil.cpp:2148:getFallDelay]: Assert "(ta !=0) && (tlc_ !=0)"
**DIAG[optinfra/oiUtil.cpp:2137:getRiseDelay]: Assert "(ta !=0) && (tlc_ !=0)"
**DIAG[optinfra/oiUtil.cpp:2148:getFallDelay]: Assert "(ta !=0) && (tlc_ !=0)"
**DIAG[optinfra/oiUtil.cpp:2137:getRiseDelay]: Assert "(ta !=0) && (tlc_ !=0)"
**DIAG[optinfra/oiUtil.cpp:2148:getFallDelay]: Assert "(ta !=0) && (tlc_ !=0)"
**DIAG[optinfra/oiUtil.cpp:2137:getRiseDelay]: Assert "(ta !=0) && (tlc_ !=0)"
**DIAG[optinfra/oiUtil.cpp:2148:getFallDelay]: Assert "(ta !=0) && (tlc_ !=0)"
**DIAG[optinfra/oiUtil.cpp:2137:getRiseDelay]: Assert "(ta !=0) && (tlc_ !=0)"
**DIAG[optinfra/oiUtil.cpp:2148:getFallDelay]: Assert "(ta !=0) && (tlc_ !=0)"
**DIAG[optinfra/oiUtil.cpp:2137:getRiseDelay]: Assert "(ta !=0) && (tlc_ !=0)"
**DIAG[optinfra/oiUtil.cpp:2148:getFallDelay]: Assert "(ta !=0) && (tlc_ !=0)"
**DIAG[../../include/oiTmVNetlist.hpp:287:oiTmVInstTermCL]: Assert "timeLibContext_"
**DIAG[../../include/oiTmVNetlist.hpp:287:oiTmVInstTermCL]: Assert "timeLibContext_"
**DIAG[../../include/oiTmVNetlist.hpp:287:oiTmVInstTermCL]: Assert "timeLibContext_"
**DIAG[../../include/oiTmVNetlist.hpp:287:oiTmVInstTermCL]: Assert "timeLibContext_"
**DIAG[../../include/oiTmVNetlist.hpp:287:oiTmVInstTermCL]: Assert "timeLibContext_"
**DIAG[../../include/oiTmVNetlist.hpp:287:oiTmVInstTermCL]: Assert "timeLibContext_"
**DIAG[../../include/oiTmVNetlist.hpp:287:oiTmVInstTermCL]: Assert "timeLibContext_"
**DIAG[../../include/oiTmVNetlist.hpp:287:oiTmVInstTermCL]: Assert "timeLibContext_"
**DIAG[../../include/oiTmVNetlist.hpp:287:oiTmVInstTermCL]: Assert "timeLibContext_"
**DIAG[optinfra/oiUtil.cpp:2137:getRiseDelay]: Assert "(ta !=0) && (tlc_ !=0)"
**DIAG[optinfra/oiUtil.cpp:2148:getFallDelay]: Assert "(ta !=0) && (tlc_ !=0)"
**DIAG[optinfra/oiUtil.cpp:2137:getRiseDelay]: Assert "(ta !=0) && (tlc_ !=0)"
**DIAG[optinfra/oiUtil.cpp:2148:getFallDelay]: Assert "(ta !=0) && (tlc_ !=0)"
**DIAG[optinfra/oiUtil.cpp:2137:getRiseDelay]: Assert "(ta !=0) && (tlc_ !=0)"
**DIAG[optinfra/oiUtil.cpp:2148:getFallDelay]: Assert "(ta !=0) && (tlc_ !=0)"
**DIAG[optinfra/oiUtil.cpp:2137:getRiseDelay]: Assert "(ta !=0) && (tlc_ !=0)"
**DIAG[optinfra/oiUtil.cpp:2148:getFallDelay]: Assert "(ta !=0) && (tlc_ !=0)"
**DIAG[optinfra/oiUtil.cpp:2137:getRiseDelay]: Assert "(ta !=0) && (tlc_ !=0)"
**DIAG[optinfra/oiUtil.cpp:2148:getFallDelay]: Assert "(ta !=0) && (tlc_ !=0)"
**DIAG[optinfra/oiUtil.cpp:2137:getRiseDelay]: Assert "(ta !=0) && (tlc_ !=0)"
**DIAG[optinfra/oiUtil.cpp:2148:getFallDelay]: Assert "(ta !=0) && (tlc_ !=0)"
**DIAG[optinfra/oiUtil.cpp:2137:getRiseDelay]: Assert "(ta !=0) && (tlc_ !=0)"
**DIAG[optinfra/oiUtil.cpp:2148:getFallDelay]: Assert "(ta !=0) && (tlc_ !=0)"
**DIAG[optinfra/oiUtil.cpp:2137:getRiseDelay]: Assert "(ta !=0) && (tlc_ !=0)"
**DIAG[optinfra/oiUtil.cpp:2148:getFallDelay]: Assert "(ta !=0) && (tlc_ !=0)"
**DIAG[../../include/oiTmVNetlist.hpp:287:oiTmVInstTermCL]: Assert "timeLibContext_"
**DIAG[../../include/oiTmVNetlist.hpp:287:oiTmVInstTermCL]: Assert "timeLibContext_"
**DIAG[../../include/oiTmVNetlist.hpp:287:oiTmVInstTermCL]: Assert "timeLibContext_"
**DIAG[../../include/oiTmVNetlist.hpp:287:oiTmVInstTermCL]: Assert "timeLibContext_"
**DIAG[../../include/oiTmVNetlist.hpp:287:oiTmVInstTermCL]: Assert "timeLibContext_"
**DIAG[../../include/oiTmVNetlist.hpp:287:oiTmVInstTermCL]: Assert "timeLibContext_"
**DIAG[../../include/oiTmVNetlist.hpp:287:oiTmVInstTermCL]: Assert "timeLibContext_"
**DIAG[../../include/oiTmVNetlist.hpp:287:oiTmVInstTermCL]: Assert "timeLibContext_"
**DIAG[../../include/oiTmVNetlist.hpp:287:oiTmVInstTermCL]: Assert "timeLibContext_"
**DIAG[optinfra/oiUtil.cpp:2137:getRiseDelay]: Assert "(ta !=0) && (tlc_ !=0)"
**DIAG[optinfra/oiUtil.cpp:2148:getFallDelay]: Assert "(ta !=0) && (tlc_ !=0)"
**DIAG[optinfra/oiUtil.cpp:2137:getRiseDelay]: Assert "(ta !=0) && (tlc_ !=0)"
**DIAG[optinfra/oiUtil.cpp:2148:getFallDelay]: Assert "(ta !=0) && (tlc_ !=0)"
**DIAG[optinfra/oiUtil.cpp:2137:getRiseDelay]: Assert "(ta !=0) && (tlc_ !=0)"
**DIAG[optinfra/oiUtil.cpp:2148:getFallDelay]: Assert "(ta !=0) && (tlc_ !=0)"
**DIAG[optinfra/oiUtil.cpp:2137:getRiseDelay]: Assert "(ta !=0) && (tlc_ !=0)"
**DIAG[optinfra/oiUtil.cpp:2148:getFallDelay]: Assert "(ta !=0) && (tlc_ !=0)"
**DIAG[optinfra/oiUtil.cpp:2137:getRiseDelay]: Assert "(ta !=0) && (tlc_ !=0)"
**DIAG[optinfra/oiUtil.cpp:2148:getFallDelay]: Assert "(ta !=0) && (tlc_ !=0)"
**DIAG[optinfra/oiUtil.cpp:2137:getRiseDelay]: Assert "(ta !=0) && (tlc_ !=0)"
**DIAG[optinfra/oiUtil.cpp:2148:getFallDelay]: Assert "(ta !=0) && (tlc_ !=0)"
**DIAG[optinfra/oiUtil.cpp:2137:getRiseDelay]: Assert "(ta !=0) && (tlc_ !=0)"
**DIAG[optinfra/oiUtil.cpp:2148:getFallDelay]: Assert "(ta !=0) && (tlc_ !=0)"
**DIAG[optinfra/oiUtil.cpp:2137:getRiseDelay]: Assert "(ta !=0) && (tlc_ !=0)"
**DIAG[optinfra/oiUtil.cpp:2148:getFallDelay]: Assert "(ta !=0) && (tlc_ !=0)"
**DIAG[../../include/oiTmVNetlist.hpp:287:oiTmVInstTermCL]: Assert "timeLibContext_"
**DIAG[../../include/oiTmVNetlist.hpp:287:oiTmVInstTermCL]: Assert "timeLibContext_"
**DIAG[../../include/oiTmVNetlist.hpp:287:oiTmVInstTermCL]: Assert "timeLibContext_"
**DIAG[../../include/oiTmVNetlist.hpp:287:oiTmVInstTermCL]: Assert "timeLibContext_"
**DIAG[../../include/oiTmVNetlist.hpp:287:oiTmVInstTermCL]: Assert "timeLibContext_"
**DIAG[../../include/oiTmVNetlist.hpp:287:oiTmVInstTermCL]: Assert "timeLibContext_"
**DIAG[../../include/oiTmVNetlist.hpp:287:oiTmVInstTermCL]: Assert "timeLibContext_"
**DIAG[../../include/oiTmVNetlist.hpp:287:oiTmVInstTermCL]: Assert "timeLibContext_"
**DIAG[../../include/oiTmVNetlist.hpp:287:oiTmVInstTermCL]: Assert "timeLibContext_"
**DIAG[optinfra/oiUtil.cpp:2137:getRiseDelay]: Assert "(ta !=0) && (tlc_ !=0)"
**DIAG[optinfra/oiUtil.cpp:2148:getFallDelay]: Assert "(ta !=0) && (tlc_ !=0)"
**DIAG[optinfra/oiUtil.cpp:2137:getRiseDelay]: Assert "(ta !=0) && (tlc_ !=0)"
**DIAG[optinfra/oiUtil.cpp:2148:getFallDelay]: Assert "(ta !=0) && (tlc_ !=0)"
**DIAG[optinfra/oiUtil.cpp:2137:getRiseDelay]: Assert "(ta !=0) && (tlc_ !=0)"
**DIAG[optinfra/oiUtil.cpp:2148:getFallDelay]: Assert "(ta !=0) && (tlc_ !=0)"
**DIAG[optinfra/oiUtil.cpp:2137:getRiseDelay]: Assert "(ta !=0) && (tlc_ !=0)"
**DIAG[optinfra/oiUtil.cpp:2148:getFallDelay]: Assert "(ta !=0) && (tlc_ !=0)"
**DIAG[optinfra/oiUtil.cpp:2137:getRiseDelay]: Assert "(ta !=0) && (tlc_ !=0)"
**DIAG[optinfra/oiUtil.cpp:2148:getFallDelay]: Assert "(ta !=0) && (tlc_ !=0)"
**DIAG[optinfra/oiUtil.cpp:2137:getRiseDelay]: Assert "(ta !=0) && (tlc_ !=0)"
**DIAG[optinfra/oiUtil.cpp:2148:getFallDelay]: Assert "(ta !=0) && (tlc_ !=0)"
**DIAG[optinfra/oiUtil.cpp:2137:getRiseDelay]: Assert "(ta !=0) && (tlc_ !=0)"
**DIAG[optinfra/oiUtil.cpp:2148:getFallDelay]: Assert "(ta !=0) && (tlc_ !=0)"
**DIAG[optinfra/oiUtil.cpp:2137:getRiseDelay]: Assert "(ta !=0) && (tlc_ !=0)"
**DIAG[optinfra/oiUtil.cpp:2148:getFallDelay]: Assert "(ta !=0) && (tlc_ !=0)"
**DIAG[../../include/oiTmVNetlist.hpp:287:oiTmVInstTermCL]: Assert "timeLibContext_"
**DIAG[../../include/oiTmVNetlist.hpp:287:oiTmVInstTermCL]: Assert "timeLibContext_"
**DIAG[../../include/oiTmVNetlist.hpp:287:oiTmVInstTermCL]: Assert "timeLibContext_"
**DIAG[../../include/oiTmVNetlist.hpp:287:oiTmVInstTermCL]: Assert "timeLibContext_"
**DIAG[../../include/oiTmVNetlist.hpp:287:oiTmVInstTermCL]: Assert "timeLibContext_"
**DIAG[../../include/oiTmVNetlist.hpp:287:oiTmVInstTermCL]: Assert "timeLibContext_"
**DIAG[../../include/oiTmVNetlist.hpp:287:oiTmVInstTermCL]: Assert "timeLibContext_"
**DIAG[../../include/oiTmVNetlist.hpp:287:oiTmVInstTermCL]: Assert "timeLibContext_"
**DIAG[../../include/oiTmVNetlist.hpp:287:oiTmVInstTermCL]: Assert "timeLibContext_"
**DIAG[optinfra/oiUtil.cpp:2137:getRiseDelay]: Assert "(ta !=0) && (tlc_ !=0)"
**DIAG[optinfra/oiUtil.cpp:2148:getFallDelay]: Assert "(ta !=0) && (tlc_ !=0)"
**DIAG[optinfra/oiUtil.cpp:2137:getRiseDelay]: Assert "(ta !=0) && (tlc_ !=0)"
**DIAG[optinfra/oiUtil.cpp:2148:getFallDelay]: Assert "(ta !=0) && (tlc_ !=0)"
**DIAG[optinfra/oiUtil.cpp:2137:getRiseDelay]: Assert "(ta !=0) && (tlc_ !=0)"
**DIAG[optinfra/oiUtil.cpp:2148:getFallDelay]: Assert "(ta !=0) && (tlc_ !=0)"
**DIAG[optinfra/oiUtil.cpp:2137:getRiseDelay]: Assert "(ta !=0) && (tlc_ !=0)"
**DIAG[optinfra/oiUtil.cpp:2148:getFallDelay]: Assert "(ta !=0) && (tlc_ !=0)"
**DIAG[optinfra/oiUtil.cpp:2137:getRiseDelay]: Assert "(ta !=0) && (tlc_ !=0)"
**DIAG[optinfra/oiUtil.cpp:2148:getFallDelay]: Assert "(ta !=0) && (tlc_ !=0)"
**DIAG[optinfra/oiUtil.cpp:2137:getRiseDelay]: Assert "(ta !=0) && (tlc_ !=0)"
**DIAG[optinfra/oiUtil.cpp:2148:getFallDelay]: Assert "(ta !=0) && (tlc_ !=0)"
**DIAG[optinfra/oiUtil.cpp:2137:getRiseDelay]: Assert "(ta !=0) && (tlc_ !=0)"
**DIAG[optinfra/oiUtil.cpp:2148:getFallDelay]: Assert "(ta !=0) && (tlc_ !=0)"
**DIAG[optinfra/oiUtil.cpp:2137:getRiseDelay]: Assert "(ta !=0) && (tlc_ !=0)"
**DIAG[optinfra/oiUtil.cpp:2148:getFallDelay]: Assert "(ta !=0) && (tlc_ !=0)"
**DIAG[../../include/oiTmVNetlist.hpp:287:oiTmVInstTermCL]: Assert "timeLibContext_"
**DIAG[../../include/oiTmVNetlist.hpp:287:oiTmVInstTermCL]: Assert "timeLibContext_"
**DIAG[../../include/oiTmVNetlist.hpp:287:oiTmVInstTermCL]: Assert "timeLibContext_"
**DIAG[../../include/oiTmVNetlist.hpp:287:oiTmVInstTermCL]: Assert "timeLibContext_"
**DIAG[../../include/oiTmVNetlist.hpp:287:oiTmVInstTermCL]: Assert "timeLibContext_"
**DIAG[../../include/oiTmVNetlist.hpp:287:oiTmVInstTermCL]: Assert "timeLibContext_"
**DIAG[../../include/oiTmVNetlist.hpp:287:oiTmVInstTermCL]: Assert "timeLibContext_"
**DIAG[../../include/oiTmVNetlist.hpp:287:oiTmVInstTermCL]: Assert "timeLibContext_"
**DIAG[../../include/oiTmVNetlist.hpp:287:oiTmVInstTermCL]: Assert "timeLibContext_"
**DIAG[optinfra/oiUtil.cpp:2137:getRiseDelay]: Assert "(ta !=0) && (tlc_ !=0)"
**DIAG[optinfra/oiUtil.cpp:2148:getFallDelay]: Assert "(ta !=0) && (tlc_ !=0)"
**DIAG[optinfra/oiUtil.cpp:2137:getRiseDelay]: Assert "(ta !=0) && (tlc_ !=0)"
**DIAG[optinfra/oiUtil.cpp:2148:getFallDelay]: Assert "(ta !=0) && (tlc_ !=0)"
**DIAG[optinfra/oiUtil.cpp:2137:getRiseDelay]: Assert "(ta !=0) && (tlc_ !=0)"
**DIAG[optinfra/oiUtil.cpp:2148:getFallDelay]: Assert "(ta !=0) && (tlc_ !=0)"
**DIAG[optinfra/oiUtil.cpp:2137:getRiseDelay]: Assert "(ta !=0) && (tlc_ !=0)"
**DIAG[optinfra/oiUtil.cpp:2148:getFallDelay]: Assert "(ta !=0) && (tlc_ !=0)"
**DIAG[optinfra/oiUtil.cpp:2137:getRiseDelay]: Assert "(ta !=0) && (tlc_ !=0)"
**DIAG[optinfra/oiUtil.cpp:2148:getFallDelay]: Assert "(ta !=0) && (tlc_ !=0)"
**DIAG[optinfra/oiUtil.cpp:2137:getRiseDelay]: Assert "(ta !=0) && (tlc_ !=0)"
**DIAG[optinfra/oiUtil.cpp:2148:getFallDelay]: Assert "(ta !=0) && (tlc_ !=0)"
**DIAG[optinfra/oiUtil.cpp:2137:getRiseDelay]: Assert "(ta !=0) && (tlc_ !=0)"
**DIAG[optinfra/oiUtil.cpp:2148:getFallDelay]: Assert "(ta !=0) && (tlc_ !=0)"
**DIAG[optinfra/oiUtil.cpp:2137:getRiseDelay]: Assert "(ta !=0) && (tlc_ !=0)"
**DIAG[optinfra/oiUtil.cpp:2148:getFallDelay]: Assert "(ta !=0) && (tlc_ !=0)"
**DIAG[../../include/oiTmVNetlist.hpp:287:oiTmVInstTermCL]: Assert "timeLibContext_"
**DIAG[../../include/oiTmVNetlist.hpp:287:oiTmVInstTermCL]: Assert "timeLibContext_"
**DIAG[../../include/oiTmVNetlist.hpp:287:oiTmVInstTermCL]: Assert "timeLibContext_"
**DIAG[../../include/oiTmVNetlist.hpp:287:oiTmVInstTermCL]: Assert "timeLibContext_"
**DIAG[../../include/oiTmVNetlist.hpp:287:oiTmVInstTermCL]: Assert "timeLibContext_"
**DIAG[../../include/oiTmVNetlist.hpp:287:oiTmVInstTermCL]: Assert "timeLibContext_"
**DIAG[../../include/oiTmVNetlist.hpp:287:oiTmVInstTermCL]: Assert "timeLibContext_"
**DIAG[../../include/oiTmVNetlist.hpp:287:oiTmVInstTermCL]: Assert "timeLibContext_"
**DIAG[../../include/oiTmVNetlist.hpp:287:oiTmVInstTermCL]: Assert "timeLibContext_"
**DIAG[optinfra/oiUtil.cpp:2137:getRiseDelay]: Assert "(ta !=0) && (tlc_ !=0)"
**DIAG[optinfra/oiUtil.cpp:2148:getFallDelay]: Assert "(ta !=0) && (tlc_ !=0)"
**DIAG[optinfra/oiUtil.cpp:2137:getRiseDelay]: Assert "(ta !=0) && (tlc_ !=0)"
**DIAG[optinfra/oiUtil.cpp:2148:getFallDelay]: Assert "(ta !=0) && (tlc_ !=0)"
**DIAG[optinfra/oiUtil.cpp:2137:getRiseDelay]: Assert "(ta !=0) && (tlc_ !=0)"
**DIAG[optinfra/oiUtil.cpp:2148:getFallDelay]: Assert "(ta !=0) && (tlc_ !=0)"
**DIAG[optinfra/oiUtil.cpp:2137:getRiseDelay]: Assert "(ta !=0) && (tlc_ !=0)"
**DIAG[optinfra/oiUtil.cpp:2148:getFallDelay]: Assert "(ta !=0) && (tlc_ !=0)"
**DIAG[optinfra/oiUtil.cpp:2137:getRiseDelay]: Assert "(ta !=0) && (tlc_ !=0)"
**DIAG[optinfra/oiUtil.cpp:2148:getFallDelay]: Assert "(ta !=0) && (tlc_ !=0)"
**DIAG[optinfra/oiUtil.cpp:2137:getRiseDelay]: Assert "(ta !=0) && (tlc_ !=0)"
**DIAG[optinfra/oiUtil.cpp:2148:getFallDelay]: Assert "(ta !=0) && (tlc_ !=0)"
**DIAG[optinfra/oiUtil.cpp:2137:getRiseDelay]: Assert "(ta !=0) && (tlc_ !=0)"
**DIAG[optinfra/oiUtil.cpp:2148:getFallDelay]: Assert "(ta !=0) && (tlc_ !=0)"
**DIAG[optinfra/oiUtil.cpp:2137:getRiseDelay]: Assert "(ta !=0) && (tlc_ !=0)"
**DIAG[optinfra/oiUtil.cpp:2148:getFallDelay]: Assert "(ta !=0) && (tlc_ !=0)"
**DIAG[../../include/oiTmVNetlist.hpp:287:oiTmVInstTermCL]: Assert "timeLibContext_"
**DIAG[../../include/oiTmVNetlist.hpp:287:oiTmVInstTermCL]: Assert "timeLibContext_"
**DIAG[../../include/oiTmVNetlist.hpp:287:oiTmVInstTermCL]: Assert "timeLibContext_"
**DIAG[../../include/oiTmVNetlist.hpp:287:oiTmVInstTermCL]: Assert "timeLibContext_"
**DIAG[../../include/oiTmVNetlist.hpp:287:oiTmVInstTermCL]: Assert "timeLibContext_"
**DIAG[optinfra/oiUtil.cpp:2137:getRiseDelay]: Assert "(ta !=0) && (tlc_ !=0)"
**DIAG[optinfra/oiUtil.cpp:2148:getFallDelay]: Assert "(ta !=0) && (tlc_ !=0)"
**DIAG[optinfra/oiUtil.cpp:2137:getRiseDelay]: Assert "(ta !=0) && (tlc_ !=0)"
**DIAG[optinfra/oiUtil.cpp:2148:getFallDelay]: Assert "(ta !=0) && (tlc_ !=0)"
**DIAG[optinfra/oiUtil.cpp:2137:getRiseDelay]: Assert "(ta !=0) && (tlc_ !=0)"
**DIAG[optinfra/oiUtil.cpp:2148:getFallDelay]: Assert "(ta !=0) && (tlc_ !=0)"
**DIAG[optinfra/oiUtil.cpp:2137:getRiseDelay]: Assert "(ta !=0) && (tlc_ !=0)"
**DIAG[optinfra/oiUtil.cpp:2148:getFallDelay]: Assert "(ta !=0) && (tlc_ !=0)"
**DIAG[optinfra/oiUtil.cpp:2137:getRiseDelay]: Assert "(ta !=0) && (tlc_ !=0)"
**DIAG[optinfra/oiUtil.cpp:2148:getFallDelay]: Assert "(ta !=0) && (tlc_ !=0)"
**DIAG[optinfra/oiUtil.cpp:2137:getRiseDelay]: Assert "(ta !=0) && (tlc_ !=0)"
**DIAG[optinfra/oiUtil.cpp:2148:getFallDelay]: Assert "(ta !=0) && (tlc_ !=0)"
**DIAG[optinfra/oiUtil.cpp:2137:getRiseDelay]: Assert "(ta !=0) && (tlc_ !=0)"
**DIAG[optinfra/oiUtil.cpp:2148:getFallDelay]: Assert "(ta !=0) && (tlc_ !=0)"
**DIAG[optinfra/oiUtil.cpp:2137:getRiseDelay]: Assert "(ta !=0) && (tlc_ !=0)"
**DIAG[optinfra/oiUtil.cpp:2148:getFallDelay]: Assert "(ta !=0) && (tlc_ !=0)"
**DIAG[../../include/oiTmVNetlist.hpp:287:oiTmVInstTermCL]: Assert "timeLibContext_"
**DIAG[../../include/oiTmVNetlist.hpp:287:oiTmVInstTermCL]: Assert "timeLibContext_"
**DIAG[../../include/oiTmVNetlist.hpp:287:oiTmVInstTermCL]: Assert "timeLibContext_"
**DIAG[../../include/oiTmVNetlist.hpp:287:oiTmVInstTermCL]: Assert "timeLibContext_"
**DIAG[../../include/oiTmVNetlist.hpp:287:oiTmVInstTermCL]: Assert "timeLibContext_"
**DIAG[optinfra/oiUtil.cpp:2137:getRiseDelay]: Assert "(ta !=0) && (tlc_ !=0)"
**DIAG[optinfra/oiUtil.cpp:2148:getFallDelay]: Assert "(ta !=0) && (tlc_ !=0)"
**DIAG[optinfra/oiUtil.cpp:2137:getRiseDelay]: Assert "(ta !=0) && (tlc_ !=0)"
**DIAG[optinfra/oiUtil.cpp:2148:getFallDelay]: Assert "(ta !=0) && (tlc_ !=0)"
**DIAG[optinfra/oiUtil.cpp:2137:getRiseDelay]: Assert "(ta !=0) && (tlc_ !=0)"
**DIAG[optinfra/oiUtil.cpp:2148:getFallDelay]: Assert "(ta !=0) && (tlc_ !=0)"
**DIAG[optinfra/oiUtil.cpp:2137:getRiseDelay]: Assert "(ta !=0) && (tlc_ !=0)"
**DIAG[optinfra/oiUtil.cpp:2148:getFallDelay]: Assert "(ta !=0) && (tlc_ !=0)"
**DIAG[optinfra/oiUtil.cpp:2137:getRiseDelay]: Assert "(ta !=0) && (tlc_ !=0)"
**DIAG[optinfra/oiUtil.cpp:2148:getFallDelay]: Assert "(ta !=0) && (tlc_ !=0)"
**DIAG[optinfra/oiUtil.cpp:2137:getRiseDelay]: Assert "(ta !=0) && (tlc_ !=0)"
**DIAG[optinfra/oiUtil.cpp:2148:getFallDelay]: Assert "(ta !=0) && (tlc_ !=0)"
**DIAG[optinfra/oiUtil.cpp:2137:getRiseDelay]: Assert "(ta !=0) && (tlc_ !=0)"
**DIAG[optinfra/oiUtil.cpp:2148:getFallDelay]: Assert "(ta !=0) && (tlc_ !=0)"
**DIAG[optinfra/oiUtil.cpp:2137:getRiseDelay]: Assert "(ta !=0) && (tlc_ !=0)"
**DIAG[optinfra/oiUtil.cpp:2148:getFallDelay]: Assert "(ta !=0) && (tlc_ !=0)"
**DIAG[../../include/oiTmVNetlist.hpp:287:oiTmVInstTermCL]: Assert "timeLibContext_"
**DIAG[../../include/oiTmVNetlist.hpp:287:oiTmVInstTermCL]: Assert "timeLibContext_"
**DIAG[../../include/oiTmVNetlist.hpp:287:oiTmVInstTermCL]: Assert "timeLibContext_"
**DIAG[../../include/oiTmVNetlist.hpp:287:oiTmVInstTermCL]: Assert "timeLibContext_"
**DIAG[../../include/oiTmVNetlist.hpp:287:oiTmVInstTermCL]: Assert "timeLibContext_"
**DIAG[optinfra/oiUtil.cpp:2137:getRiseDelay]: Assert "(ta !=0) && (tlc_ !=0)"
**DIAG[optinfra/oiUtil.cpp:2148:getFallDelay]: Assert "(ta !=0) && (tlc_ !=0)"
**DIAG[optinfra/oiUtil.cpp:2137:getRiseDelay]: Assert "(ta !=0) && (tlc_ !=0)"
**DIAG[optinfra/oiUtil.cpp:2148:getFallDelay]: Assert "(ta !=0) && (tlc_ !=0)"
**DIAG[optinfra/oiUtil.cpp:2137:getRiseDelay]: Assert "(ta !=0) && (tlc_ !=0)"
**DIAG[optinfra/oiUtil.cpp:2148:getFallDelay]: Assert "(ta !=0) && (tlc_ !=0)"
**DIAG[optinfra/oiUtil.cpp:2137:getRiseDelay]: Assert "(ta !=0) && (tlc_ !=0)"
**DIAG[optinfra/oiUtil.cpp:2148:getFallDelay]: Assert "(ta !=0) && (tlc_ !=0)"
**DIAG[optinfra/oiUtil.cpp:2137:getRiseDelay]: Assert "(ta !=0) && (tlc_ !=0)"
**DIAG[optinfra/oiUtil.cpp:2148:getFallDelay]: Assert "(ta !=0) && (tlc_ !=0)"
**DIAG[optinfra/oiUtil.cpp:2137:getRiseDelay]: Assert "(ta !=0) && (tlc_ !=0)"
**DIAG[optinfra/oiUtil.cpp:2148:getFallDelay]: Assert "(ta !=0) && (tlc_ !=0)"
**DIAG[optinfra/oiUtil.cpp:2137:getRiseDelay]: Assert "(ta !=0) && (tlc_ !=0)"
**DIAG[optinfra/oiUtil.cpp:2148:getFallDelay]: Assert "(ta !=0) && (tlc_ !=0)"
**DIAG[optinfra/oiUtil.cpp:2137:getRiseDelay]: Assert "(ta !=0) && (tlc_ !=0)"
**DIAG[optinfra/oiUtil.cpp:2148:getFallDelay]: Assert "(ta !=0) && (tlc_ !=0)"
**DIAG[../../include/oiTmVNetlist.hpp:287:oiTmVInstTermCL]: Assert "timeLibContext_"
**DIAG[../../include/oiTmVNetlist.hpp:287:oiTmVInstTermCL]: Assert "timeLibContext_"
**DIAG[../../include/oiTmVNetlist.hpp:287:oiTmVInstTermCL]: Assert "timeLibContext_"
**DIAG[../../include/oiTmVNetlist.hpp:287:oiTmVInstTermCL]: Assert "timeLibContext_"
**DIAG[../../include/oiTmVNetlist.hpp:287:oiTmVInstTermCL]: Assert "timeLibContext_"
**DIAG[optinfra/oiUtil.cpp:2137:getRiseDelay]: Assert "(ta !=0) && (tlc_ !=0)"
**DIAG[optinfra/oiUtil.cpp:2148:getFallDelay]: Assert "(ta !=0) && (tlc_ !=0)"
**DIAG[optinfra/oiUtil.cpp:2137:getRiseDelay]: Assert "(ta !=0) && (tlc_ !=0)"
**DIAG[optinfra/oiUtil.cpp:2148:getFallDelay]: Assert "(ta !=0) && (tlc_ !=0)"
**DIAG[optinfra/oiUtil.cpp:2137:getRiseDelay]: Assert "(ta !=0) && (tlc_ !=0)"
**DIAG[optinfra/oiUtil.cpp:2148:getFallDelay]: Assert "(ta !=0) && (tlc_ !=0)"
**DIAG[optinfra/oiUtil.cpp:2137:getRiseDelay]: Assert "(ta !=0) && (tlc_ !=0)"
**DIAG[optinfra/oiUtil.cpp:2148:getFallDelay]: Assert "(ta !=0) && (tlc_ !=0)"
**DIAG[optinfra/oiUtil.cpp:2137:getRiseDelay]: Assert "(ta !=0) && (tlc_ !=0)"
**DIAG[optinfra/oiUtil.cpp:2148:getFallDelay]: Assert "(ta !=0) && (tlc_ !=0)"
**DIAG[optinfra/oiUtil.cpp:2137:getRiseDelay]: Assert "(ta !=0) && (tlc_ !=0)"
**DIAG[optinfra/oiUtil.cpp:2148:getFallDelay]: Assert "(ta !=0) && (tlc_ !=0)"
**DIAG[optinfra/oiUtil.cpp:2137:getRiseDelay]: Assert "(ta !=0) && (tlc_ !=0)"
**DIAG[optinfra/oiUtil.cpp:2148:getFallDelay]: Assert "(ta !=0) && (tlc_ !=0)"
**DIAG[optinfra/oiUtil.cpp:2137:getRiseDelay]: Assert "(ta !=0) && (tlc_ !=0)"
**DIAG[optinfra/oiUtil.cpp:2148:getFallDelay]: Assert "(ta !=0) && (tlc_ !=0)"
**DIAG[../../include/oiTmVNetlist.hpp:287:oiTmVInstTermCL]: Assert "timeLibContext_"
**DIAG[../../include/oiTmVNetlist.hpp:287:oiTmVInstTermCL]: Assert "timeLibContext_"
**DIAG[../../include/oiTmVNetlist.hpp:287:oiTmVInstTermCL]: Assert "timeLibContext_"
**DIAG[../../include/oiTmVNetlist.hpp:287:oiTmVInstTermCL]: Assert "timeLibContext_"
**DIAG[../../include/oiTmVNetlist.hpp:287:oiTmVInstTermCL]: Assert "timeLibContext_"
**DIAG[optinfra/oiUtil.cpp:2137:getRiseDelay]: Assert "(ta !=0) && (tlc_ !=0)"
**DIAG[optinfra/oiUtil.cpp:2148:getFallDelay]: Assert "(ta !=0) && (tlc_ !=0)"
**DIAG[optinfra/oiUtil.cpp:2137:getRiseDelay]: Assert "(ta !=0) && (tlc_ !=0)"
**DIAG[optinfra/oiUtil.cpp:2148:getFallDelay]: Assert "(ta !=0) && (tlc_ !=0)"
**DIAG[optinfra/oiUtil.cpp:2137:getRiseDelay]: Assert "(ta !=0) && (tlc_ !=0)"
**DIAG[optinfra/oiUtil.cpp:2148:getFallDelay]: Assert "(ta !=0) && (tlc_ !=0)"
**DIAG[optinfra/oiUtil.cpp:2137:getRiseDelay]: Assert "(ta !=0) && (tlc_ !=0)"
**DIAG[optinfra/oiUtil.cpp:2148:getFallDelay]: Assert "(ta !=0) && (tlc_ !=0)"
**DIAG[optinfra/oiUtil.cpp:2137:getRiseDelay]: Assert "(ta !=0) && (tlc_ !=0)"
**DIAG[optinfra/oiUtil.cpp:2148:getFallDelay]: Assert "(ta !=0) && (tlc_ !=0)"
**DIAG[optinfra/oiUtil.cpp:2137:getRiseDelay]: Assert "(ta !=0) && (tlc_ !=0)"
**DIAG[optinfra/oiUtil.cpp:2148:getFallDelay]: Assert "(ta !=0) && (tlc_ !=0)"
**DIAG[optinfra/oiUtil.cpp:2137:getRiseDelay]: Assert "(ta !=0) && (tlc_ !=0)"
**DIAG[optinfra/oiUtil.cpp:2148:getFallDelay]: Assert "(ta !=0) && (tlc_ !=0)"
**DIAG[optinfra/oiUtil.cpp:2137:getRiseDelay]: Assert "(ta !=0) && (tlc_ !=0)"
**DIAG[optinfra/oiUtil.cpp:2148:getFallDelay]: Assert "(ta !=0) && (tlc_ !=0)"
**DIAG[../../include/oiTmVNetlist.hpp:287:oiTmVInstTermCL]: Assert "timeLibContext_"
**DIAG[../../include/oiTmVNetlist.hpp:287:oiTmVInstTermCL]: Assert "timeLibContext_"
**DIAG[../../include/oiTmVNetlist.hpp:287:oiTmVInstTermCL]: Assert "timeLibContext_"
**DIAG[../../include/oiTmVNetlist.hpp:287:oiTmVInstTermCL]: Assert "timeLibContext_"
**DIAG[../../include/oiTmVNetlist.hpp:287:oiTmVInstTermCL]: Assert "timeLibContext_"
**DIAG[optinfra/oiUtil.cpp:2137:getRiseDelay]: Assert "(ta !=0) && (tlc_ !=0)"
**DIAG[optinfra/oiUtil.cpp:2148:getFallDelay]: Assert "(ta !=0) && (tlc_ !=0)"
**DIAG[optinfra/oiUtil.cpp:2137:getRiseDelay]: Assert "(ta !=0) && (tlc_ !=0)"
**DIAG[optinfra/oiUtil.cpp:2148:getFallDelay]: Assert "(ta !=0) && (tlc_ !=0)"
**DIAG[optinfra/oiUtil.cpp:2137:getRiseDelay]: Assert "(ta !=0) && (tlc_ !=0)"
**DIAG[optinfra/oiUtil.cpp:2148:getFallDelay]: Assert "(ta !=0) && (tlc_ !=0)"
**DIAG[optinfra/oiUtil.cpp:2137:getRiseDelay]: Assert "(ta !=0) && (tlc_ !=0)"
**DIAG[optinfra/oiUtil.cpp:2148:getFallDelay]: Assert "(ta !=0) && (tlc_ !=0)"
**DIAG[optinfra/oiUtil.cpp:2137:getRiseDelay]: Assert "(ta !=0) && (tlc_ !=0)"
**DIAG[optinfra/oiUtil.cpp:2148:getFallDelay]: Assert "(ta !=0) && (tlc_ !=0)"
**DIAG[optinfra/oiUtil.cpp:2137:getRiseDelay]: Assert "(ta !=0) && (tlc_ !=0)"
**DIAG[optinfra/oiUtil.cpp:2148:getFallDelay]: Assert "(ta !=0) && (tlc_ !=0)"
**DIAG[optinfra/oiUtil.cpp:2137:getRiseDelay]: Assert "(ta !=0) && (tlc_ !=0)"
**DIAG[optinfra/oiUtil.cpp:2148:getFallDelay]: Assert "(ta !=0) && (tlc_ !=0)"
**DIAG[optinfra/oiUtil.cpp:2137:getRiseDelay]: Assert "(ta !=0) && (tlc_ !=0)"
**DIAG[optinfra/oiUtil.cpp:2148:getFallDelay]: Assert "(ta !=0) && (tlc_ !=0)"
**DIAG[../../include/oiTmVNetlist.hpp:287:oiTmVInstTermCL]: Assert "timeLibContext_"
**DIAG[../../include/oiTmVNetlist.hpp:287:oiTmVInstTermCL]: Assert "timeLibContext_"
**DIAG[../../include/oiTmVNetlist.hpp:287:oiTmVInstTermCL]: Assert "timeLibContext_"
**DIAG[../../include/oiTmVNetlist.hpp:287:oiTmVInstTermCL]: Assert "timeLibContext_"
**DIAG[../../include/oiTmVNetlist.hpp:287:oiTmVInstTermCL]: Assert "timeLibContext_"
**DIAG[optinfra/oiUtil.cpp:2137:getRiseDelay]: Assert "(ta !=0) && (tlc_ !=0)"
**DIAG[optinfra/oiUtil.cpp:2148:getFallDelay]: Assert "(ta !=0) && (tlc_ !=0)"
**DIAG[optinfra/oiUtil.cpp:2137:getRiseDelay]: Assert "(ta !=0) && (tlc_ !=0)"
**DIAG[optinfra/oiUtil.cpp:2148:getFallDelay]: Assert "(ta !=0) && (tlc_ !=0)"
**DIAG[optinfra/oiUtil.cpp:2137:getRiseDelay]: Assert "(ta !=0) && (tlc_ !=0)"
**DIAG[optinfra/oiUtil.cpp:2148:getFallDelay]: Assert "(ta !=0) && (tlc_ !=0)"
**DIAG[optinfra/oiUtil.cpp:2137:getRiseDelay]: Assert "(ta !=0) && (tlc_ !=0)"
**DIAG[optinfra/oiUtil.cpp:2148:getFallDelay]: Assert "(ta !=0) && (tlc_ !=0)"
**DIAG[optinfra/oiUtil.cpp:2137:getRiseDelay]: Assert "(ta !=0) && (tlc_ !=0)"
**DIAG[optinfra/oiUtil.cpp:2148:getFallDelay]: Assert "(ta !=0) && (tlc_ !=0)"
**DIAG[optinfra/oiUtil.cpp:2137:getRiseDelay]: Assert "(ta !=0) && (tlc_ !=0)"
**DIAG[optinfra/oiUtil.cpp:2148:getFallDelay]: Assert "(ta !=0) && (tlc_ !=0)"
**DIAG[optinfra/oiUtil.cpp:2137:getRiseDelay]: Assert "(ta !=0) && (tlc_ !=0)"
**DIAG[optinfra/oiUtil.cpp:2148:getFallDelay]: Assert "(ta !=0) && (tlc_ !=0)"
**DIAG[optinfra/oiUtil.cpp:2137:getRiseDelay]: Assert "(ta !=0) && (tlc_ !=0)"
**DIAG[optinfra/oiUtil.cpp:2148:getFallDelay]: Assert "(ta !=0) && (tlc_ !=0)"
**DIAG[../../include/oiTmVNetlist.hpp:287:oiTmVInstTermCL]: Assert "timeLibContext_"
**DIAG[../../include/oiTmVNetlist.hpp:287:oiTmVInstTermCL]: Assert "timeLibContext_"
**DIAG[../../include/oiTmVNetlist.hpp:287:oiTmVInstTermCL]: Assert "timeLibContext_"
**DIAG[../../include/oiTmVNetlist.hpp:287:oiTmVInstTermCL]: Assert "timeLibContext_"
**DIAG[../../include/oiTmVNetlist.hpp:287:oiTmVInstTermCL]: Assert "timeLibContext_"
**DIAG[optinfra/oiUtil.cpp:2137:getRiseDelay]: Assert "(ta !=0) && (tlc_ !=0)"
**DIAG[optinfra/oiUtil.cpp:2148:getFallDelay]: Assert "(ta !=0) && (tlc_ !=0)"
**DIAG[optinfra/oiUtil.cpp:2137:getRiseDelay]: Assert "(ta !=0) && (tlc_ !=0)"
**DIAG[optinfra/oiUtil.cpp:2148:getFallDelay]: Assert "(ta !=0) && (tlc_ !=0)"
**DIAG[optinfra/oiUtil.cpp:2137:getRiseDelay]: Assert "(ta !=0) && (tlc_ !=0)"
**DIAG[optinfra/oiUtil.cpp:2148:getFallDelay]: Assert "(ta !=0) && (tlc_ !=0)"
**DIAG[optinfra/oiUtil.cpp:2137:getRiseDelay]: Assert "(ta !=0) && (tlc_ !=0)"
**DIAG[optinfra/oiUtil.cpp:2148:getFallDelay]: Assert "(ta !=0) && (tlc_ !=0)"
**DIAG[optinfra/oiUtil.cpp:2137:getRiseDelay]: Assert "(ta !=0) && (tlc_ !=0)"
**DIAG[optinfra/oiUtil.cpp:2148:getFallDelay]: Assert "(ta !=0) && (tlc_ !=0)"
**DIAG[optinfra/oiUtil.cpp:2137:getRiseDelay]: Assert "(ta !=0) && (tlc_ !=0)"
**DIAG[optinfra/oiUtil.cpp:2148:getFallDelay]: Assert "(ta !=0) && (tlc_ !=0)"
**DIAG[optinfra/oiUtil.cpp:2137:getRiseDelay]: Assert "(ta !=0) && (tlc_ !=0)"
**DIAG[optinfra/oiUtil.cpp:2148:getFallDelay]: Assert "(ta !=0) && (tlc_ !=0)"
**DIAG[optinfra/oiUtil.cpp:2137:getRiseDelay]: Assert "(ta !=0) && (tlc_ !=0)"
**DIAG[optinfra/oiUtil.cpp:2148:getFallDelay]: Assert "(ta !=0) && (tlc_ !=0)"
**DIAG[../../include/oiTmVNetlist.hpp:287:oiTmVInstTermCL]: Assert "timeLibContext_"
**DIAG[../../include/oiTmVNetlist.hpp:287:oiTmVInstTermCL]: Assert "timeLibContext_"
**DIAG[../../include/oiTmVNetlist.hpp:287:oiTmVInstTermCL]: Assert "timeLibContext_"
**DIAG[../../include/oiTmVNetlist.hpp:287:oiTmVInstTermCL]: Assert "timeLibContext_"
**DIAG[../../include/oiTmVNetlist.hpp:287:oiTmVInstTermCL]: Assert "timeLibContext_"
**DIAG[../../include/oiTmVNetlist.hpp:287:oiTmVInstTermCL]: Assert "timeLibContext_"
**DIAG[../../include/oiTmVNetlist.hpp:287:oiTmVInstTermCL]: Assert "timeLibContext_"
**DIAG[optinfra/oiUtil.cpp:2137:getRiseDelay]: Assert "(ta !=0) && (tlc_ !=0)"
**DIAG[optinfra/oiUtil.cpp:2148:getFallDelay]: Assert "(ta !=0) && (tlc_ !=0)"
**DIAG[optinfra/oiUtil.cpp:2137:getRiseDelay]: Assert "(ta !=0) && (tlc_ !=0)"
**DIAG[optinfra/oiUtil.cpp:2148:getFallDelay]: Assert "(ta !=0) && (tlc_ !=0)"
**DIAG[optinfra/oiUtil.cpp:2137:getRiseDelay]: Assert "(ta !=0) && (tlc_ !=0)"
**DIAG[optinfra/oiUtil.cpp:2148:getFallDelay]: Assert "(ta !=0) && (tlc_ !=0)"
**DIAG[optinfra/oiUtil.cpp:2137:getRiseDelay]: Assert "(ta !=0) && (tlc_ !=0)"
**DIAG[optinfra/oiUtil.cpp:2148:getFallDelay]: Assert "(ta !=0) && (tlc_ !=0)"
**DIAG[optinfra/oiUtil.cpp:2137:getRiseDelay]: Assert "(ta !=0) && (tlc_ !=0)"
**DIAG[optinfra/oiUtil.cpp:2148:getFallDelay]: Assert "(ta !=0) && (tlc_ !=0)"
**DIAG[optinfra/oiUtil.cpp:2137:getRiseDelay]: Assert "(ta !=0) && (tlc_ !=0)"
**DIAG[optinfra/oiUtil.cpp:2148:getFallDelay]: Assert "(ta !=0) && (tlc_ !=0)"
**DIAG[optinfra/oiUtil.cpp:2137:getRiseDelay]: Assert "(ta !=0) && (tlc_ !=0)"
**DIAG[optinfra/oiUtil.cpp:2148:getFallDelay]: Assert "(ta !=0) && (tlc_ !=0)"
**DIAG[optinfra/oiUtil.cpp:2137:getRiseDelay]: Assert "(ta !=0) && (tlc_ !=0)"
**DIAG[optinfra/oiUtil.cpp:2148:getFallDelay]: Assert "(ta !=0) && (tlc_ !=0)"
**DIAG[optinfra/oiUtil.cpp:2137:getRiseDelay]: Assert "(ta !=0) && (tlc_ !=0)"
**DIAG[optinfra/oiUtil.cpp:2148:getFallDelay]: Assert "(ta !=0) && (tlc_ !=0)"
**DIAG[optinfra/oiUtil.cpp:2137:getRiseDelay]: Assert "(ta !=0) && (tlc_ !=0)"
**DIAG[optinfra/oiUtil.cpp:2148:getFallDelay]: Assert "(ta !=0) && (tlc_ !=0)"
**DIAG[optinfra/oiUtil.cpp:2137:getRiseDelay]: Assert "(ta !=0) && (tlc_ !=0)"
**DIAG[optinfra/oiUtil.cpp:2148:getFallDelay]: Assert "(ta !=0) && (tlc_ !=0)"
**DIAG[optinfra/oiUtil.cpp:2137:getRiseDelay]: Assert "(ta !=0) && (tlc_ !=0)"
**DIAG[optinfra/oiUtil.cpp:2148:getFallDelay]: Assert "(ta !=0) && (tlc_ !=0)"
**DIAG[../../include/oiTmVNetlist.hpp:287:oiTmVInstTermCL]: Assert "timeLibContext_"
**DIAG[../../include/oiTmVNetlist.hpp:287:oiTmVInstTermCL]: Assert "timeLibContext_"
**DIAG[../../include/oiTmVNetlist.hpp:287:oiTmVInstTermCL]: Assert "timeLibContext_"
**DIAG[../../include/oiTmVNetlist.hpp:287:oiTmVInstTermCL]: Assert "timeLibContext_"
**DIAG[../../include/oiTmVNetlist.hpp:287:oiTmVInstTermCL]: Assert "timeLibContext_"
**DIAG[../../include/oiTmVNetlist.hpp:287:oiTmVInstTermCL]: Assert "timeLibContext_"
**DIAG[../../include/oiTmVNetlist.hpp:287:oiTmVInstTermCL]: Assert "timeLibContext_"
**DIAG[optinfra/oiUtil.cpp:2137:getRiseDelay]: Assert "(ta !=0) && (tlc_ !=0)"
**DIAG[optinfra/oiUtil.cpp:2148:getFallDelay]: Assert "(ta !=0) && (tlc_ !=0)"
**DIAG[optinfra/oiUtil.cpp:2137:getRiseDelay]: Assert "(ta !=0) && (tlc_ !=0)"
**DIAG[optinfra/oiUtil.cpp:2148:getFallDelay]: Assert "(ta !=0) && (tlc_ !=0)"
**DIAG[optinfra/oiUtil.cpp:2137:getRiseDelay]: Assert "(ta !=0) && (tlc_ !=0)"
**DIAG[optinfra/oiUtil.cpp:2148:getFallDelay]: Assert "(ta !=0) && (tlc_ !=0)"
**DIAG[optinfra/oiUtil.cpp:2137:getRiseDelay]: Assert "(ta !=0) && (tlc_ !=0)"
**DIAG[optinfra/oiUtil.cpp:2148:getFallDelay]: Assert "(ta !=0) && (tlc_ !=0)"
**DIAG[optinfra/oiUtil.cpp:2137:getRiseDelay]: Assert "(ta !=0) && (tlc_ !=0)"
**DIAG[optinfra/oiUtil.cpp:2148:getFallDelay]: Assert "(ta !=0) && (tlc_ !=0)"
**DIAG[optinfra/oiUtil.cpp:2137:getRiseDelay]: Assert "(ta !=0) && (tlc_ !=0)"
**DIAG[optinfra/oiUtil.cpp:2148:getFallDelay]: Assert "(ta !=0) && (tlc_ !=0)"
**DIAG[optinfra/oiUtil.cpp:2137:getRiseDelay]: Assert "(ta !=0) && (tlc_ !=0)"
**DIAG[optinfra/oiUtil.cpp:2148:getFallDelay]: Assert "(ta !=0) && (tlc_ !=0)"
**DIAG[optinfra/oiUtil.cpp:2137:getRiseDelay]: Assert "(ta !=0) && (tlc_ !=0)"
**DIAG[optinfra/oiUtil.cpp:2148:getFallDelay]: Assert "(ta !=0) && (tlc_ !=0)"
**DIAG[optinfra/oiUtil.cpp:2137:getRiseDelay]: Assert "(ta !=0) && (tlc_ !=0)"
**DIAG[optinfra/oiUtil.cpp:2148:getFallDelay]: Assert "(ta !=0) && (tlc_ !=0)"
**DIAG[optinfra/oiUtil.cpp:2137:getRiseDelay]: Assert "(ta !=0) && (tlc_ !=0)"
**DIAG[optinfra/oiUtil.cpp:2148:getFallDelay]: Assert "(ta !=0) && (tlc_ !=0)"
**DIAG[optinfra/oiUtil.cpp:2137:getRiseDelay]: Assert "(ta !=0) && (tlc_ !=0)"
**DIAG[optinfra/oiUtil.cpp:2148:getFallDelay]: Assert "(ta !=0) && (tlc_ !=0)"
**DIAG[optinfra/oiUtil.cpp:2137:getRiseDelay]: Assert "(ta !=0) && (tlc_ !=0)"
**DIAG[optinfra/oiUtil.cpp:2148:getFallDelay]: Assert "(ta !=0) && (tlc_ !=0)"
**DIAG[../../include/oiTmVNetlist.hpp:287:oiTmVInstTermCL]: Assert "timeLibContext_"
**DIAG[../../include/oiTmVNetlist.hpp:287:oiTmVInstTermCL]: Assert "timeLibContext_"
**DIAG[../../include/oiTmVNetlist.hpp:287:oiTmVInstTermCL]: Assert "timeLibContext_"
**DIAG[../../include/oiTmVNetlist.hpp:287:oiTmVInstTermCL]: Assert "timeLibContext_"
**DIAG[../../include/oiTmVNetlist.hpp:287:oiTmVInstTermCL]: Assert "timeLibContext_"
**DIAG[optinfra/oiUtil.cpp:2137:getRiseDelay]: Assert "(ta !=0) && (tlc_ !=0)"
**DIAG[optinfra/oiUtil.cpp:2148:getFallDelay]: Assert "(ta !=0) && (tlc_ !=0)"
**DIAG[optinfra/oiUtil.cpp:2137:getRiseDelay]: Assert "(ta !=0) && (tlc_ !=0)"
**DIAG[optinfra/oiUtil.cpp:2148:getFallDelay]: Assert "(ta !=0) && (tlc_ !=0)"
**DIAG[optinfra/oiUtil.cpp:2137:getRiseDelay]: Assert "(ta !=0) && (tlc_ !=0)"
**DIAG[optinfra/oiUtil.cpp:2148:getFallDelay]: Assert "(ta !=0) && (tlc_ !=0)"
**DIAG[optinfra/oiUtil.cpp:2137:getRiseDelay]: Assert "(ta !=0) && (tlc_ !=0)"
**DIAG[optinfra/oiUtil.cpp:2148:getFallDelay]: Assert "(ta !=0) && (tlc_ !=0)"
**DIAG[optinfra/oiUtil.cpp:2137:getRiseDelay]: Assert "(ta !=0) && (tlc_ !=0)"
**DIAG[optinfra/oiUtil.cpp:2148:getFallDelay]: Assert "(ta !=0) && (tlc_ !=0)"
**DIAG[optinfra/oiUtil.cpp:2137:getRiseDelay]: Assert "(ta !=0) && (tlc_ !=0)"
**DIAG[optinfra/oiUtil.cpp:2148:getFallDelay]: Assert "(ta !=0) && (tlc_ !=0)"
**DIAG[optinfra/oiUtil.cpp:2137:getRiseDelay]: Assert "(ta !=0) && (tlc_ !=0)"
**DIAG[optinfra/oiUtil.cpp:2148:getFallDelay]: Assert "(ta !=0) && (tlc_ !=0)"
**DIAG[optinfra/oiUtil.cpp:2137:getRiseDelay]: Assert "(ta !=0) && (tlc_ !=0)"
**DIAG[optinfra/oiUtil.cpp:2148:getFallDelay]: Assert "(ta !=0) && (tlc_ !=0)"
**DIAG[../../include/oiTmVNetlist.hpp:287:oiTmVInstTermCL]: Assert "timeLibContext_"
**DIAG[../../include/oiTmVNetlist.hpp:287:oiTmVInstTermCL]: Assert "timeLibContext_"
**DIAG[../../include/oiTmVNetlist.hpp:287:oiTmVInstTermCL]: Assert "timeLibContext_"
**DIAG[../../include/oiTmVNetlist.hpp:287:oiTmVInstTermCL]: Assert "timeLibContext_"
**DIAG[../../include/oiTmVNetlist.hpp:287:oiTmVInstTermCL]: Assert "timeLibContext_"
**DIAG[optinfra/oiUtil.cpp:2137:getRiseDelay]: Assert "(ta !=0) && (tlc_ !=0)"
**DIAG[optinfra/oiUtil.cpp:2148:getFallDelay]: Assert "(ta !=0) && (tlc_ !=0)"
**DIAG[optinfra/oiUtil.cpp:2137:getRiseDelay]: Assert "(ta !=0) && (tlc_ !=0)"
**DIAG[optinfra/oiUtil.cpp:2148:getFallDelay]: Assert "(ta !=0) && (tlc_ !=0)"
**DIAG[optinfra/oiUtil.cpp:2137:getRiseDelay]: Assert "(ta !=0) && (tlc_ !=0)"
**DIAG[optinfra/oiUtil.cpp:2148:getFallDelay]: Assert "(ta !=0) && (tlc_ !=0)"
**DIAG[optinfra/oiUtil.cpp:2137:getRiseDelay]: Assert "(ta !=0) && (tlc_ !=0)"
**DIAG[optinfra/oiUtil.cpp:2148:getFallDelay]: Assert "(ta !=0) && (tlc_ !=0)"
**DIAG[optinfra/oiUtil.cpp:2137:getRiseDelay]: Assert "(ta !=0) && (tlc_ !=0)"
**DIAG[optinfra/oiUtil.cpp:2148:getFallDelay]: Assert "(ta !=0) && (tlc_ !=0)"
**DIAG[optinfra/oiUtil.cpp:2137:getRiseDelay]: Assert "(ta !=0) && (tlc_ !=0)"
**DIAG[optinfra/oiUtil.cpp:2148:getFallDelay]: Assert "(ta !=0) && (tlc_ !=0)"
**DIAG[optinfra/oiUtil.cpp:2137:getRiseDelay]: Assert "(ta !=0) && (tlc_ !=0)"
**DIAG[optinfra/oiUtil.cpp:2148:getFallDelay]: Assert "(ta !=0) && (tlc_ !=0)"
**DIAG[optinfra/oiUtil.cpp:2137:getRiseDelay]: Assert "(ta !=0) && (tlc_ !=0)"
**DIAG[optinfra/oiUtil.cpp:2148:getFallDelay]: Assert "(ta !=0) && (tlc_ !=0)"
**DIAG[../../include/oiTmVNetlist.hpp:287:oiTmVInstTermCL]: Assert "timeLibContext_"
**DIAG[../../include/oiTmVNetlist.hpp:287:oiTmVInstTermCL]: Assert "timeLibContext_"
**DIAG[../../include/oiTmVNetlist.hpp:287:oiTmVInstTermCL]: Assert "timeLibContext_"
**DIAG[../../include/oiTmVNetlist.hpp:287:oiTmVInstTermCL]: Assert "timeLibContext_"
**DIAG[../../include/oiTmVNetlist.hpp:287:oiTmVInstTermCL]: Assert "timeLibContext_"
**DIAG[optinfra/oiUtil.cpp:2137:getRiseDelay]: Assert "(ta !=0) && (tlc_ !=0)"
**DIAG[optinfra/oiUtil.cpp:2148:getFallDelay]: Assert "(ta !=0) && (tlc_ !=0)"
**DIAG[optinfra/oiUtil.cpp:2137:getRiseDelay]: Assert "(ta !=0) && (tlc_ !=0)"
**DIAG[optinfra/oiUtil.cpp:2148:getFallDelay]: Assert "(ta !=0) && (tlc_ !=0)"
**DIAG[optinfra/oiUtil.cpp:2137:getRiseDelay]: Assert "(ta !=0) && (tlc_ !=0)"
**DIAG[optinfra/oiUtil.cpp:2148:getFallDelay]: Assert "(ta !=0) && (tlc_ !=0)"
**DIAG[optinfra/oiUtil.cpp:2137:getRiseDelay]: Assert "(ta !=0) && (tlc_ !=0)"
**DIAG[optinfra/oiUtil.cpp:2148:getFallDelay]: Assert "(ta !=0) && (tlc_ !=0)"
**DIAG[optinfra/oiUtil.cpp:2137:getRiseDelay]: Assert "(ta !=0) && (tlc_ !=0)"
**DIAG[optinfra/oiUtil.cpp:2148:getFallDelay]: Assert "(ta !=0) && (tlc_ !=0)"
**DIAG[optinfra/oiUtil.cpp:2137:getRiseDelay]: Assert "(ta !=0) && (tlc_ !=0)"
**DIAG[optinfra/oiUtil.cpp:2148:getFallDelay]: Assert "(ta !=0) && (tlc_ !=0)"
**DIAG[optinfra/oiUtil.cpp:2137:getRiseDelay]: Assert "(ta !=0) && (tlc_ !=0)"
**DIAG[optinfra/oiUtil.cpp:2148:getFallDelay]: Assert "(ta !=0) && (tlc_ !=0)"
**DIAG[optinfra/oiUtil.cpp:2137:getRiseDelay]: Assert "(ta !=0) && (tlc_ !=0)"
**DIAG[optinfra/oiUtil.cpp:2148:getFallDelay]: Assert "(ta !=0) && (tlc_ !=0)"
**DIAG[../../include/oiTmVNetlist.hpp:287:oiTmVInstTermCL]: Assert "timeLibContext_"
**DIAG[../../include/oiTmVNetlist.hpp:287:oiTmVInstTermCL]: Assert "timeLibContext_"
**DIAG[../../include/oiTmVNetlist.hpp:287:oiTmVInstTermCL]: Assert "timeLibContext_"
**DIAG[../../include/oiTmVNetlist.hpp:287:oiTmVInstTermCL]: Assert "timeLibContext_"
**DIAG[../../include/oiTmVNetlist.hpp:287:oiTmVInstTermCL]: Assert "timeLibContext_"
**DIAG[optinfra/oiUtil.cpp:2137:getRiseDelay]: Assert "(ta !=0) && (tlc_ !=0)"
**DIAG[optinfra/oiUtil.cpp:2148:getFallDelay]: Assert "(ta !=0) && (tlc_ !=0)"
**DIAG[optinfra/oiUtil.cpp:2137:getRiseDelay]: Assert "(ta !=0) && (tlc_ !=0)"
**DIAG[optinfra/oiUtil.cpp:2148:getFallDelay]: Assert "(ta !=0) && (tlc_ !=0)"
**DIAG[optinfra/oiUtil.cpp:2137:getRiseDelay]: Assert "(ta !=0) && (tlc_ !=0)"
**DIAG[optinfra/oiUtil.cpp:2148:getFallDelay]: Assert "(ta !=0) && (tlc_ !=0)"
**DIAG[optinfra/oiUtil.cpp:2137:getRiseDelay]: Assert "(ta !=0) && (tlc_ !=0)"
**DIAG[optinfra/oiUtil.cpp:2148:getFallDelay]: Assert "(ta !=0) && (tlc_ !=0)"
**DIAG[optinfra/oiUtil.cpp:2137:getRiseDelay]: Assert "(ta !=0) && (tlc_ !=0)"
**DIAG[optinfra/oiUtil.cpp:2148:getFallDelay]: Assert "(ta !=0) && (tlc_ !=0)"
**DIAG[optinfra/oiUtil.cpp:2137:getRiseDelay]: Assert "(ta !=0) && (tlc_ !=0)"
**DIAG[optinfra/oiUtil.cpp:2148:getFallDelay]: Assert "(ta !=0) && (tlc_ !=0)"
**DIAG[optinfra/oiUtil.cpp:2137:getRiseDelay]: Assert "(ta !=0) && (tlc_ !=0)"
**DIAG[optinfra/oiUtil.cpp:2148:getFallDelay]: Assert "(ta !=0) && (tlc_ !=0)"
**DIAG[optinfra/oiUtil.cpp:2137:getRiseDelay]: Assert "(ta !=0) && (tlc_ !=0)"
**DIAG[optinfra/oiUtil.cpp:2148:getFallDelay]: Assert "(ta !=0) && (tlc_ !=0)"
**DIAG[../../include/oiTmVNetlist.hpp:287:oiTmVInstTermCL]: Assert "timeLibContext_"
**DIAG[../../include/oiTmVNetlist.hpp:287:oiTmVInstTermCL]: Assert "timeLibContext_"
**DIAG[../../include/oiTmVNetlist.hpp:287:oiTmVInstTermCL]: Assert "timeLibContext_"
**DIAG[../../include/oiTmVNetlist.hpp:287:oiTmVInstTermCL]: Assert "timeLibContext_"
**DIAG[../../include/oiTmVNetlist.hpp:287:oiTmVInstTermCL]: Assert "timeLibContext_"
**DIAG[../../include/oiTmVNetlist.hpp:287:oiTmVInstTermCL]: Assert "timeLibContext_"
**DIAG[../../include/oiTmVNetlist.hpp:287:oiTmVInstTermCL]: Assert "timeLibContext_"
**DIAG[optinfra/oiUtil.cpp:2137:getRiseDelay]: Assert "(ta !=0) && (tlc_ !=0)"
**DIAG[optinfra/oiUtil.cpp:2148:getFallDelay]: Assert "(ta !=0) && (tlc_ !=0)"
**DIAG[optinfra/oiUtil.cpp:2137:getRiseDelay]: Assert "(ta !=0) && (tlc_ !=0)"
**DIAG[optinfra/oiUtil.cpp:2148:getFallDelay]: Assert "(ta !=0) && (tlc_ !=0)"
**DIAG[optinfra/oiUtil.cpp:2137:getRiseDelay]: Assert "(ta !=0) && (tlc_ !=0)"
**DIAG[optinfra/oiUtil.cpp:2148:getFallDelay]: Assert "(ta !=0) && (tlc_ !=0)"
**DIAG[optinfra/oiUtil.cpp:2137:getRiseDelay]: Assert "(ta !=0) && (tlc_ !=0)"
**DIAG[optinfra/oiUtil.cpp:2148:getFallDelay]: Assert "(ta !=0) && (tlc_ !=0)"
**DIAG[optinfra/oiUtil.cpp:2137:getRiseDelay]: Assert "(ta !=0) && (tlc_ !=0)"
**DIAG[optinfra/oiUtil.cpp:2148:getFallDelay]: Assert "(ta !=0) && (tlc_ !=0)"
**DIAG[optinfra/oiUtil.cpp:2137:getRiseDelay]: Assert "(ta !=0) && (tlc_ !=0)"
**DIAG[optinfra/oiUtil.cpp:2148:getFallDelay]: Assert "(ta !=0) && (tlc_ !=0)"
**DIAG[optinfra/oiUtil.cpp:2137:getRiseDelay]: Assert "(ta !=0) && (tlc_ !=0)"
**DIAG[optinfra/oiUtil.cpp:2148:getFallDelay]: Assert "(ta !=0) && (tlc_ !=0)"
**DIAG[optinfra/oiUtil.cpp:2137:getRiseDelay]: Assert "(ta !=0) && (tlc_ !=0)"
**DIAG[optinfra/oiUtil.cpp:2148:getFallDelay]: Assert "(ta !=0) && (tlc_ !=0)"
**DIAG[optinfra/oiUtil.cpp:2137:getRiseDelay]: Assert "(ta !=0) && (tlc_ !=0)"
**DIAG[optinfra/oiUtil.cpp:2148:getFallDelay]: Assert "(ta !=0) && (tlc_ !=0)"
**DIAG[optinfra/oiUtil.cpp:2137:getRiseDelay]: Assert "(ta !=0) && (tlc_ !=0)"
**DIAG[optinfra/oiUtil.cpp:2148:getFallDelay]: Assert "(ta !=0) && (tlc_ !=0)"
**DIAG[optinfra/oiUtil.cpp:2137:getRiseDelay]: Assert "(ta !=0) && (tlc_ !=0)"
**DIAG[optinfra/oiUtil.cpp:2148:getFallDelay]: Assert "(ta !=0) && (tlc_ !=0)"
**DIAG[optinfra/oiUtil.cpp:2137:getRiseDelay]: Assert "(ta !=0) && (tlc_ !=0)"
**DIAG[optinfra/oiUtil.cpp:2148:getFallDelay]: Assert "(ta !=0) && (tlc_ !=0)"
**DIAG[../../include/oiTmVNetlist.hpp:287:oiTmVInstTermCL]: Assert "timeLibContext_"
**DIAG[../../include/oiTmVNetlist.hpp:287:oiTmVInstTermCL]: Assert "timeLibContext_"
**DIAG[../../include/oiTmVNetlist.hpp:287:oiTmVInstTermCL]: Assert "timeLibContext_"
**DIAG[../../include/oiTmVNetlist.hpp:287:oiTmVInstTermCL]: Assert "timeLibContext_"
**DIAG[../../include/oiTmVNetlist.hpp:287:oiTmVInstTermCL]: Assert "timeLibContext_"
**DIAG[../../include/oiTmVNetlist.hpp:287:oiTmVInstTermCL]: Assert "timeLibContext_"
**DIAG[../../include/oiTmVNetlist.hpp:287:oiTmVInstTermCL]: Assert "timeLibContext_"
**DIAG[optinfra/oiUtil.cpp:2137:getRiseDelay]: Assert "(ta !=0) && (tlc_ !=0)"
**DIAG[optinfra/oiUtil.cpp:2148:getFallDelay]: Assert "(ta !=0) && (tlc_ !=0)"
**DIAG[optinfra/oiUtil.cpp:2137:getRiseDelay]: Assert "(ta !=0) && (tlc_ !=0)"
**DIAG[optinfra/oiUtil.cpp:2148:getFallDelay]: Assert "(ta !=0) && (tlc_ !=0)"
**DIAG[optinfra/oiUtil.cpp:2137:getRiseDelay]: Assert "(ta !=0) && (tlc_ !=0)"
**DIAG[optinfra/oiUtil.cpp:2148:getFallDelay]: Assert "(ta !=0) && (tlc_ !=0)"
**DIAG[optinfra/oiUtil.cpp:2137:getRiseDelay]: Assert "(ta !=0) && (tlc_ !=0)"
**DIAG[optinfra/oiUtil.cpp:2148:getFallDelay]: Assert "(ta !=0) && (tlc_ !=0)"
**DIAG[optinfra/oiUtil.cpp:2137:getRiseDelay]: Assert "(ta !=0) && (tlc_ !=0)"
**DIAG[optinfra/oiUtil.cpp:2148:getFallDelay]: Assert "(ta !=0) && (tlc_ !=0)"
**DIAG[optinfra/oiUtil.cpp:2137:getRiseDelay]: Assert "(ta !=0) && (tlc_ !=0)"
**DIAG[optinfra/oiUtil.cpp:2148:getFallDelay]: Assert "(ta !=0) && (tlc_ !=0)"
**DIAG[optinfra/oiUtil.cpp:2137:getRiseDelay]: Assert "(ta !=0) && (tlc_ !=0)"
**DIAG[optinfra/oiUtil.cpp:2148:getFallDelay]: Assert "(ta !=0) && (tlc_ !=0)"
**DIAG[optinfra/oiUtil.cpp:2137:getRiseDelay]: Assert "(ta !=0) && (tlc_ !=0)"
**DIAG[optinfra/oiUtil.cpp:2148:getFallDelay]: Assert "(ta !=0) && (tlc_ !=0)"
**DIAG[optinfra/oiUtil.cpp:2137:getRiseDelay]: Assert "(ta !=0) && (tlc_ !=0)"
**DIAG[optinfra/oiUtil.cpp:2148:getFallDelay]: Assert "(ta !=0) && (tlc_ !=0)"
**DIAG[optinfra/oiUtil.cpp:2137:getRiseDelay]: Assert "(ta !=0) && (tlc_ !=0)"
**DIAG[optinfra/oiUtil.cpp:2148:getFallDelay]: Assert "(ta !=0) && (tlc_ !=0)"
**DIAG[optinfra/oiUtil.cpp:2137:getRiseDelay]: Assert "(ta !=0) && (tlc_ !=0)"
**DIAG[optinfra/oiUtil.cpp:2148:getFallDelay]: Assert "(ta !=0) && (tlc_ !=0)"
**DIAG[optinfra/oiUtil.cpp:2137:getRiseDelay]: Assert "(ta !=0) && (tlc_ !=0)"
**DIAG[optinfra/oiUtil.cpp:2148:getFallDelay]: Assert "(ta !=0) && (tlc_ !=0)"
**DIAG[../../include/oiTmVNetlist.hpp:287:oiTmVInstTermCL]: Assert "timeLibContext_"
**DIAG[../../include/oiTmVNetlist.hpp:287:oiTmVInstTermCL]: Assert "timeLibContext_"
**DIAG[../../include/oiTmVNetlist.hpp:287:oiTmVInstTermCL]: Assert "timeLibContext_"
**DIAG[../../include/oiTmVNetlist.hpp:287:oiTmVInstTermCL]: Assert "timeLibContext_"
**DIAG[../../include/oiTmVNetlist.hpp:287:oiTmVInstTermCL]: Assert "timeLibContext_"
**DIAG[optinfra/oiUtil.cpp:2137:getRiseDelay]: Assert "(ta !=0) && (tlc_ !=0)"
**DIAG[optinfra/oiUtil.cpp:2148:getFallDelay]: Assert "(ta !=0) && (tlc_ !=0)"
**DIAG[optinfra/oiUtil.cpp:2137:getRiseDelay]: Assert "(ta !=0) && (tlc_ !=0)"
**DIAG[optinfra/oiUtil.cpp:2148:getFallDelay]: Assert "(ta !=0) && (tlc_ !=0)"
**DIAG[optinfra/oiUtil.cpp:2137:getRiseDelay]: Assert "(ta !=0) && (tlc_ !=0)"
**DIAG[optinfra/oiUtil.cpp:2148:getFallDelay]: Assert "(ta !=0) && (tlc_ !=0)"
**DIAG[optinfra/oiUtil.cpp:2137:getRiseDelay]: Assert "(ta !=0) && (tlc_ !=0)"
**DIAG[optinfra/oiUtil.cpp:2148:getFallDelay]: Assert "(ta !=0) && (tlc_ !=0)"
**DIAG[../../include/oiTmVNetlist.hpp:287:oiTmVInstTermCL]: Assert "timeLibContext_"
**DIAG[../../include/oiTmVNetlist.hpp:287:oiTmVInstTermCL]: Assert "timeLibContext_"
**DIAG[../../include/oiTmVNetlist.hpp:287:oiTmVInstTermCL]: Assert "timeLibContext_"
**DIAG[../../include/oiTmVNetlist.hpp:287:oiTmVInstTermCL]: Assert "timeLibContext_"
**DIAG[../../include/oiTmVNetlist.hpp:287:oiTmVInstTermCL]: Assert "timeLibContext_"
**DIAG[optinfra/oiUtil.cpp:2137:getRiseDelay]: Assert "(ta !=0) && (tlc_ !=0)"
**DIAG[optinfra/oiUtil.cpp:2148:getFallDelay]: Assert "(ta !=0) && (tlc_ !=0)"
**DIAG[optinfra/oiUtil.cpp:2137:getRiseDelay]: Assert "(ta !=0) && (tlc_ !=0)"
**DIAG[optinfra/oiUtil.cpp:2148:getFallDelay]: Assert "(ta !=0) && (tlc_ !=0)"
**DIAG[optinfra/oiUtil.cpp:2137:getRiseDelay]: Assert "(ta !=0) && (tlc_ !=0)"
**DIAG[optinfra/oiUtil.cpp:2148:getFallDelay]: Assert "(ta !=0) && (tlc_ !=0)"
**DIAG[optinfra/oiUtil.cpp:2137:getRiseDelay]: Assert "(ta !=0) && (tlc_ !=0)"
**DIAG[optinfra/oiUtil.cpp:2148:getFallDelay]: Assert "(ta !=0) && (tlc_ !=0)"
**DIAG[../../include/oiTmVNetlist.hpp:287:oiTmVInstTermCL]: Assert "timeLibContext_"
**DIAG[../../include/oiTmVNetlist.hpp:287:oiTmVInstTermCL]: Assert "timeLibContext_"
**DIAG[../../include/oiTmVNetlist.hpp:287:oiTmVInstTermCL]: Assert "timeLibContext_"
**DIAG[../../include/oiTmVNetlist.hpp:287:oiTmVInstTermCL]: Assert "timeLibContext_"
**DIAG[../../include/oiTmVNetlist.hpp:287:oiTmVInstTermCL]: Assert "timeLibContext_"
**DIAG[optinfra/oiUtil.cpp:2137:getRiseDelay]: Assert "(ta !=0) && (tlc_ !=0)"
**DIAG[optinfra/oiUtil.cpp:2148:getFallDelay]: Assert "(ta !=0) && (tlc_ !=0)"
**DIAG[optinfra/oiUtil.cpp:2137:getRiseDelay]: Assert "(ta !=0) && (tlc_ !=0)"
**DIAG[optinfra/oiUtil.cpp:2148:getFallDelay]: Assert "(ta !=0) && (tlc_ !=0)"
**DIAG[optinfra/oiUtil.cpp:2137:getRiseDelay]: Assert "(ta !=0) && (tlc_ !=0)"
**DIAG[optinfra/oiUtil.cpp:2148:getFallDelay]: Assert "(ta !=0) && (tlc_ !=0)"
**DIAG[optinfra/oiUtil.cpp:2137:getRiseDelay]: Assert "(ta !=0) && (tlc_ !=0)"
**DIAG[optinfra/oiUtil.cpp:2148:getFallDelay]: Assert "(ta !=0) && (tlc_ !=0)"
**DIAG[../../include/oiTmVNetlist.hpp:287:oiTmVInstTermCL]: Assert "timeLibContext_"
**DIAG[../../include/oiTmVNetlist.hpp:287:oiTmVInstTermCL]: Assert "timeLibContext_"
**DIAG[../../include/oiTmVNetlist.hpp:287:oiTmVInstTermCL]: Assert "timeLibContext_"
**DIAG[../../include/oiTmVNetlist.hpp:287:oiTmVInstTermCL]: Assert "timeLibContext_"
**DIAG[../../include/oiTmVNetlist.hpp:287:oiTmVInstTermCL]: Assert "timeLibContext_"
**DIAG[optinfra/oiUtil.cpp:2137:getRiseDelay]: Assert "(ta !=0) && (tlc_ !=0)"
**DIAG[optinfra/oiUtil.cpp:2148:getFallDelay]: Assert "(ta !=0) && (tlc_ !=0)"
**DIAG[optinfra/oiUtil.cpp:2137:getRiseDelay]: Assert "(ta !=0) && (tlc_ !=0)"
**DIAG[optinfra/oiUtil.cpp:2148:getFallDelay]: Assert "(ta !=0) && (tlc_ !=0)"
**DIAG[optinfra/oiUtil.cpp:2137:getRiseDelay]: Assert "(ta !=0) && (tlc_ !=0)"
**DIAG[optinfra/oiUtil.cpp:2148:getFallDelay]: Assert "(ta !=0) && (tlc_ !=0)"
**DIAG[optinfra/oiUtil.cpp:2137:getRiseDelay]: Assert "(ta !=0) && (tlc_ !=0)"
**DIAG[optinfra/oiUtil.cpp:2148:getFallDelay]: Assert "(ta !=0) && (tlc_ !=0)"
**DIAG[../../include/oiTmVNetlist.hpp:287:oiTmVInstTermCL]: Assert "timeLibContext_"
**DIAG[../../include/oiTmVNetlist.hpp:287:oiTmVInstTermCL]: Assert "timeLibContext_"
**DIAG[../../include/oiTmVNetlist.hpp:287:oiTmVInstTermCL]: Assert "timeLibContext_"
**DIAG[../../include/oiTmVNetlist.hpp:287:oiTmVInstTermCL]: Assert "timeLibContext_"
**DIAG[../../include/oiTmVNetlist.hpp:287:oiTmVInstTermCL]: Assert "timeLibContext_"
**DIAG[../../include/oiTmVNetlist.hpp:287:oiTmVInstTermCL]: Assert "timeLibContext_"
**DIAG[../../include/oiTmVNetlist.hpp:287:oiTmVInstTermCL]: Assert "timeLibContext_"
**DIAG[optinfra/oiUtil.cpp:2137:getRiseDelay]: Assert "(ta !=0) && (tlc_ !=0)"
**DIAG[optinfra/oiUtil.cpp:2148:getFallDelay]: Assert "(ta !=0) && (tlc_ !=0)"
**DIAG[optinfra/oiUtil.cpp:2137:getRiseDelay]: Assert "(ta !=0) && (tlc_ !=0)"
**DIAG[optinfra/oiUtil.cpp:2148:getFallDelay]: Assert "(ta !=0) && (tlc_ !=0)"
**DIAG[optinfra/oiUtil.cpp:2137:getRiseDelay]: Assert "(ta !=0) && (tlc_ !=0)"
**DIAG[optinfra/oiUtil.cpp:2148:getFallDelay]: Assert "(ta !=0) && (tlc_ !=0)"
**DIAG[optinfra/oiUtil.cpp:2137:getRiseDelay]: Assert "(ta !=0) && (tlc_ !=0)"
**DIAG[optinfra/oiUtil.cpp:2148:getFallDelay]: Assert "(ta !=0) && (tlc_ !=0)"
**DIAG[optinfra/oiUtil.cpp:2137:getRiseDelay]: Assert "(ta !=0) && (tlc_ !=0)"
**DIAG[optinfra/oiUtil.cpp:2148:getFallDelay]: Assert "(ta !=0) && (tlc_ !=0)"
**DIAG[optinfra/oiUtil.cpp:2137:getRiseDelay]: Assert "(ta !=0) && (tlc_ !=0)"
**DIAG[optinfra/oiUtil.cpp:2148:getFallDelay]: Assert "(ta !=0) && (tlc_ !=0)"
**DIAG[../../include/oiTmVNetlist.hpp:287:oiTmVInstTermCL]: Assert "timeLibContext_"
**DIAG[../../include/oiTmVNetlist.hpp:287:oiTmVInstTermCL]: Assert "timeLibContext_"
**DIAG[../../include/oiTmVNetlist.hpp:287:oiTmVInstTermCL]: Assert "timeLibContext_"
**DIAG[../../include/oiTmVNetlist.hpp:287:oiTmVInstTermCL]: Assert "timeLibContext_"
**DIAG[../../include/oiTmVNetlist.hpp:287:oiTmVInstTermCL]: Assert "timeLibContext_"
**DIAG[../../include/oiTmVNetlist.hpp:287:oiTmVInstTermCL]: Assert "timeLibContext_"
**DIAG[../../include/oiTmVNetlist.hpp:287:oiTmVInstTermCL]: Assert "timeLibContext_"
**DIAG[optinfra/oiUtil.cpp:2137:getRiseDelay]: Assert "(ta !=0) && (tlc_ !=0)"
**DIAG[optinfra/oiUtil.cpp:2148:getFallDelay]: Assert "(ta !=0) && (tlc_ !=0)"
**DIAG[optinfra/oiUtil.cpp:2137:getRiseDelay]: Assert "(ta !=0) && (tlc_ !=0)"
**DIAG[optinfra/oiUtil.cpp:2148:getFallDelay]: Assert "(ta !=0) && (tlc_ !=0)"
**DIAG[optinfra/oiUtil.cpp:2137:getRiseDelay]: Assert "(ta !=0) && (tlc_ !=0)"
**DIAG[optinfra/oiUtil.cpp:2148:getFallDelay]: Assert "(ta !=0) && (tlc_ !=0)"
**DIAG[optinfra/oiUtil.cpp:2137:getRiseDelay]: Assert "(ta !=0) && (tlc_ !=0)"
**DIAG[optinfra/oiUtil.cpp:2148:getFallDelay]: Assert "(ta !=0) && (tlc_ !=0)"
**DIAG[optinfra/oiUtil.cpp:2137:getRiseDelay]: Assert "(ta !=0) && (tlc_ !=0)"
**DIAG[optinfra/oiUtil.cpp:2148:getFallDelay]: Assert "(ta !=0) && (tlc_ !=0)"
**DIAG[optinfra/oiUtil.cpp:2137:getRiseDelay]: Assert "(ta !=0) && (tlc_ !=0)"
**DIAG[optinfra/oiUtil.cpp:2148:getFallDelay]: Assert "(ta !=0) && (tlc_ !=0)"
**DIAG[../../include/oiTmVNetlist.hpp:287:oiTmVInstTermCL]: Assert "timeLibContext_"
**DIAG[../../include/oiTmVNetlist.hpp:287:oiTmVInstTermCL]: Assert "timeLibContext_"
**DIAG[../../include/oiTmVNetlist.hpp:287:oiTmVInstTermCL]: Assert "timeLibContext_"
**DIAG[../../include/oiTmVNetlist.hpp:287:oiTmVInstTermCL]: Assert "timeLibContext_"
**DIAG[../../include/oiTmVNetlist.hpp:287:oiTmVInstTermCL]: Assert "timeLibContext_"
**DIAG[../../include/oiTmVNetlist.hpp:287:oiTmVInstTermCL]: Assert "timeLibContext_"
**DIAG[../../include/oiTmVNetlist.hpp:287:oiTmVInstTermCL]: Assert "timeLibContext_"
**DIAG[optinfra/oiUtil.cpp:2137:getRiseDelay]: Assert "(ta !=0) && (tlc_ !=0)"
**DIAG[optinfra/oiUtil.cpp:2148:getFallDelay]: Assert "(ta !=0) && (tlc_ !=0)"
**DIAG[optinfra/oiUtil.cpp:2137:getRiseDelay]: Assert "(ta !=0) && (tlc_ !=0)"
**DIAG[optinfra/oiUtil.cpp:2148:getFallDelay]: Assert "(ta !=0) && (tlc_ !=0)"
**DIAG[optinfra/oiUtil.cpp:2137:getRiseDelay]: Assert "(ta !=0) && (tlc_ !=0)"
**DIAG[optinfra/oiUtil.cpp:2148:getFallDelay]: Assert "(ta !=0) && (tlc_ !=0)"
**DIAG[optinfra/oiUtil.cpp:2137:getRiseDelay]: Assert "(ta !=0) && (tlc_ !=0)"
**DIAG[optinfra/oiUtil.cpp:2148:getFallDelay]: Assert "(ta !=0) && (tlc_ !=0)"
**DIAG[optinfra/oiUtil.cpp:2137:getRiseDelay]: Assert "(ta !=0) && (tlc_ !=0)"
**DIAG[optinfra/oiUtil.cpp:2148:getFallDelay]: Assert "(ta !=0) && (tlc_ !=0)"
**DIAG[optinfra/oiUtil.cpp:2137:getRiseDelay]: Assert "(ta !=0) && (tlc_ !=0)"
**DIAG[optinfra/oiUtil.cpp:2148:getFallDelay]: Assert "(ta !=0) && (tlc_ !=0)"
**DIAG[../../include/oiTmVNetlist.hpp:287:oiTmVInstTermCL]: Assert "timeLibContext_"
**DIAG[../../include/oiTmVNetlist.hpp:287:oiTmVInstTermCL]: Assert "timeLibContext_"
**DIAG[../../include/oiTmVNetlist.hpp:287:oiTmVInstTermCL]: Assert "timeLibContext_"
**DIAG[../../include/oiTmVNetlist.hpp:287:oiTmVInstTermCL]: Assert "timeLibContext_"
**DIAG[../../include/oiTmVNetlist.hpp:287:oiTmVInstTermCL]: Assert "timeLibContext_"
**DIAG[../../include/oiTmVNetlist.hpp:287:oiTmVInstTermCL]: Assert "timeLibContext_"
**DIAG[../../include/oiTmVNetlist.hpp:287:oiTmVInstTermCL]: Assert "timeLibContext_"
**DIAG[optinfra/oiUtil.cpp:2137:getRiseDelay]: Assert "(ta !=0) && (tlc_ !=0)"
**DIAG[optinfra/oiUtil.cpp:2148:getFallDelay]: Assert "(ta !=0) && (tlc_ !=0)"
**DIAG[optinfra/oiUtil.cpp:2137:getRiseDelay]: Assert "(ta !=0) && (tlc_ !=0)"
**DIAG[optinfra/oiUtil.cpp:2148:getFallDelay]: Assert "(ta !=0) && (tlc_ !=0)"
**DIAG[optinfra/oiUtil.cpp:2137:getRiseDelay]: Assert "(ta !=0) && (tlc_ !=0)"
**DIAG[optinfra/oiUtil.cpp:2148:getFallDelay]: Assert "(ta !=0) && (tlc_ !=0)"
**DIAG[optinfra/oiUtil.cpp:2137:getRiseDelay]: Assert "(ta !=0) && (tlc_ !=0)"
**DIAG[optinfra/oiUtil.cpp:2148:getFallDelay]: Assert "(ta !=0) && (tlc_ !=0)"
**DIAG[optinfra/oiUtil.cpp:2137:getRiseDelay]: Assert "(ta !=0) && (tlc_ !=0)"
**DIAG[optinfra/oiUtil.cpp:2148:getFallDelay]: Assert "(ta !=0) && (tlc_ !=0)"
**DIAG[optinfra/oiUtil.cpp:2137:getRiseDelay]: Assert "(ta !=0) && (tlc_ !=0)"
**DIAG[optinfra/oiUtil.cpp:2148:getFallDelay]: Assert "(ta !=0) && (tlc_ !=0)"
**DIAG[../../include/oiTmVNetlist.hpp:287:oiTmVInstTermCL]: Assert "timeLibContext_"
**DIAG[../../include/oiTmVNetlist.hpp:287:oiTmVInstTermCL]: Assert "timeLibContext_"
**DIAG[../../include/oiTmVNetlist.hpp:287:oiTmVInstTermCL]: Assert "timeLibContext_"
**DIAG[../../include/oiTmVNetlist.hpp:287:oiTmVInstTermCL]: Assert "timeLibContext_"
**DIAG[../../include/oiTmVNetlist.hpp:287:oiTmVInstTermCL]: Assert "timeLibContext_"
**DIAG[../../include/oiTmVNetlist.hpp:287:oiTmVInstTermCL]: Assert "timeLibContext_"
**DIAG[../../include/oiTmVNetlist.hpp:287:oiTmVInstTermCL]: Assert "timeLibContext_"
**DIAG[optinfra/oiUtil.cpp:2137:getRiseDelay]: Assert "(ta !=0) && (tlc_ !=0)"
**DIAG[optinfra/oiUtil.cpp:2148:getFallDelay]: Assert "(ta !=0) && (tlc_ !=0)"
**DIAG[optinfra/oiUtil.cpp:2137:getRiseDelay]: Assert "(ta !=0) && (tlc_ !=0)"
**DIAG[optinfra/oiUtil.cpp:2148:getFallDelay]: Assert "(ta !=0) && (tlc_ !=0)"
**DIAG[optinfra/oiUtil.cpp:2137:getRiseDelay]: Assert "(ta !=0) && (tlc_ !=0)"
**DIAG[optinfra/oiUtil.cpp:2148:getFallDelay]: Assert "(ta !=0) && (tlc_ !=0)"
**DIAG[optinfra/oiUtil.cpp:2137:getRiseDelay]: Assert "(ta !=0) && (tlc_ !=0)"
**DIAG[optinfra/oiUtil.cpp:2148:getFallDelay]: Assert "(ta !=0) && (tlc_ !=0)"
**DIAG[optinfra/oiUtil.cpp:2137:getRiseDelay]: Assert "(ta !=0) && (tlc_ !=0)"
**DIAG[optinfra/oiUtil.cpp:2148:getFallDelay]: Assert "(ta !=0) && (tlc_ !=0)"
**DIAG[optinfra/oiUtil.cpp:2137:getRiseDelay]: Assert "(ta !=0) && (tlc_ !=0)"
**DIAG[optinfra/oiUtil.cpp:2148:getFallDelay]: Assert "(ta !=0) && (tlc_ !=0)"
**DIAG[../../include/oiTmVNetlist.hpp:287:oiTmVInstTermCL]: Assert "timeLibContext_"
**DIAG[../../include/oiTmVNetlist.hpp:287:oiTmVInstTermCL]: Assert "timeLibContext_"
**DIAG[../../include/oiTmVNetlist.hpp:287:oiTmVInstTermCL]: Assert "timeLibContext_"
**DIAG[../../include/oiTmVNetlist.hpp:287:oiTmVInstTermCL]: Assert "timeLibContext_"
**DIAG[../../include/oiTmVNetlist.hpp:287:oiTmVInstTermCL]: Assert "timeLibContext_"
**DIAG[../../include/oiTmVNetlist.hpp:287:oiTmVInstTermCL]: Assert "timeLibContext_"
**DIAG[../../include/oiTmVNetlist.hpp:287:oiTmVInstTermCL]: Assert "timeLibContext_"
**DIAG[optinfra/oiUtil.cpp:2137:getRiseDelay]: Assert "(ta !=0) && (tlc_ !=0)"
**DIAG[optinfra/oiUtil.cpp:2148:getFallDelay]: Assert "(ta !=0) && (tlc_ !=0)"
**DIAG[optinfra/oiUtil.cpp:2137:getRiseDelay]: Assert "(ta !=0) && (tlc_ !=0)"
**DIAG[optinfra/oiUtil.cpp:2148:getFallDelay]: Assert "(ta !=0) && (tlc_ !=0)"
**DIAG[optinfra/oiUtil.cpp:2137:getRiseDelay]: Assert "(ta !=0) && (tlc_ !=0)"
**DIAG[optinfra/oiUtil.cpp:2148:getFallDelay]: Assert "(ta !=0) && (tlc_ !=0)"
**DIAG[optinfra/oiUtil.cpp:2137:getRiseDelay]: Assert "(ta !=0) && (tlc_ !=0)"
**DIAG[optinfra/oiUtil.cpp:2148:getFallDelay]: Assert "(ta !=0) && (tlc_ !=0)"
**DIAG[optinfra/oiUtil.cpp:2137:getRiseDelay]: Assert "(ta !=0) && (tlc_ !=0)"
**DIAG[optinfra/oiUtil.cpp:2148:getFallDelay]: Assert "(ta !=0) && (tlc_ !=0)"
**DIAG[optinfra/oiUtil.cpp:2137:getRiseDelay]: Assert "(ta !=0) && (tlc_ !=0)"
**DIAG[optinfra/oiUtil.cpp:2148:getFallDelay]: Assert "(ta !=0) && (tlc_ !=0)"
**DIAG[../../include/oiTmVNetlist.hpp:287:oiTmVInstTermCL]: Assert "timeLibContext_"
**DIAG[../../include/oiTmVNetlist.hpp:287:oiTmVInstTermCL]: Assert "timeLibContext_"
**DIAG[../../include/oiTmVNetlist.hpp:287:oiTmVInstTermCL]: Assert "timeLibContext_"
**DIAG[../../include/oiTmVNetlist.hpp:287:oiTmVInstTermCL]: Assert "timeLibContext_"
**DIAG[../../include/oiTmVNetlist.hpp:287:oiTmVInstTermCL]: Assert "timeLibContext_"
**DIAG[../../include/oiTmVNetlist.hpp:287:oiTmVInstTermCL]: Assert "timeLibContext_"
**DIAG[../../include/oiTmVNetlist.hpp:287:oiTmVInstTermCL]: Assert "timeLibContext_"
**DIAG[optinfra/oiUtil.cpp:2137:getRiseDelay]: Assert "(ta !=0) && (tlc_ !=0)"
**DIAG[optinfra/oiUtil.cpp:2148:getFallDelay]: Assert "(ta !=0) && (tlc_ !=0)"
**DIAG[optinfra/oiUtil.cpp:2137:getRiseDelay]: Assert "(ta !=0) && (tlc_ !=0)"
**DIAG[optinfra/oiUtil.cpp:2148:getFallDelay]: Assert "(ta !=0) && (tlc_ !=0)"
**DIAG[optinfra/oiUtil.cpp:2137:getRiseDelay]: Assert "(ta !=0) && (tlc_ !=0)"
**DIAG[optinfra/oiUtil.cpp:2148:getFallDelay]: Assert "(ta !=0) && (tlc_ !=0)"
**DIAG[optinfra/oiUtil.cpp:2137:getRiseDelay]: Assert "(ta !=0) && (tlc_ !=0)"
**DIAG[optinfra/oiUtil.cpp:2148:getFallDelay]: Assert "(ta !=0) && (tlc_ !=0)"
**DIAG[optinfra/oiUtil.cpp:2137:getRiseDelay]: Assert "(ta !=0) && (tlc_ !=0)"
**DIAG[optinfra/oiUtil.cpp:2148:getFallDelay]: Assert "(ta !=0) && (tlc_ !=0)"
**DIAG[optinfra/oiUtil.cpp:2137:getRiseDelay]: Assert "(ta !=0) && (tlc_ !=0)"
**DIAG[optinfra/oiUtil.cpp:2148:getFallDelay]: Assert "(ta !=0) && (tlc_ !=0)"
**DIAG[../../include/oiTmVNetlist.hpp:287:oiTmVInstTermCL]: Assert "timeLibContext_"
**DIAG[../../include/oiTmVNetlist.hpp:287:oiTmVInstTermCL]: Assert "timeLibContext_"
**DIAG[../../include/oiTmVNetlist.hpp:287:oiTmVInstTermCL]: Assert "timeLibContext_"
**DIAG[../../include/oiTmVNetlist.hpp:287:oiTmVInstTermCL]: Assert "timeLibContext_"
**DIAG[../../include/oiTmVNetlist.hpp:287:oiTmVInstTermCL]: Assert "timeLibContext_"
**DIAG[../../include/oiTmVNetlist.hpp:287:oiTmVInstTermCL]: Assert "timeLibContext_"
**DIAG[../../include/oiTmVNetlist.hpp:287:oiTmVInstTermCL]: Assert "timeLibContext_"
**DIAG[optinfra/oiUtil.cpp:2137:getRiseDelay]: Assert "(ta !=0) && (tlc_ !=0)"
**DIAG[optinfra/oiUtil.cpp:2148:getFallDelay]: Assert "(ta !=0) && (tlc_ !=0)"
**DIAG[optinfra/oiUtil.cpp:2137:getRiseDelay]: Assert "(ta !=0) && (tlc_ !=0)"
**DIAG[optinfra/oiUtil.cpp:2148:getFallDelay]: Assert "(ta !=0) && (tlc_ !=0)"
**DIAG[optinfra/oiUtil.cpp:2137:getRiseDelay]: Assert "(ta !=0) && (tlc_ !=0)"
**DIAG[optinfra/oiUtil.cpp:2148:getFallDelay]: Assert "(ta !=0) && (tlc_ !=0)"
**DIAG[optinfra/oiUtil.cpp:2137:getRiseDelay]: Assert "(ta !=0) && (tlc_ !=0)"
**DIAG[optinfra/oiUtil.cpp:2148:getFallDelay]: Assert "(ta !=0) && (tlc_ !=0)"
**DIAG[optinfra/oiUtil.cpp:2137:getRiseDelay]: Assert "(ta !=0) && (tlc_ !=0)"
**DIAG[optinfra/oiUtil.cpp:2148:getFallDelay]: Assert "(ta !=0) && (tlc_ !=0)"
**DIAG[optinfra/oiUtil.cpp:2137:getRiseDelay]: Assert "(ta !=0) && (tlc_ !=0)"
**DIAG[optinfra/oiUtil.cpp:2148:getFallDelay]: Assert "(ta !=0) && (tlc_ !=0)"
**DIAG[../../include/oiTmVNetlist.hpp:287:oiTmVInstTermCL]: Assert "timeLibContext_"
**DIAG[../../include/oiTmVNetlist.hpp:287:oiTmVInstTermCL]: Assert "timeLibContext_"
**DIAG[../../include/oiTmVNetlist.hpp:287:oiTmVInstTermCL]: Assert "timeLibContext_"
**DIAG[../../include/oiTmVNetlist.hpp:287:oiTmVInstTermCL]: Assert "timeLibContext_"
**DIAG[../../include/oiTmVNetlist.hpp:287:oiTmVInstTermCL]: Assert "timeLibContext_"
**DIAG[../../include/oiTmVNetlist.hpp:287:oiTmVInstTermCL]: Assert "timeLibContext_"
**DIAG[../../include/oiTmVNetlist.hpp:287:oiTmVInstTermCL]: Assert "timeLibContext_"
**DIAG[optinfra/oiUtil.cpp:2137:getRiseDelay]: Assert "(ta !=0) && (tlc_ !=0)"
**DIAG[optinfra/oiUtil.cpp:2148:getFallDelay]: Assert "(ta !=0) && (tlc_ !=0)"
**DIAG[optinfra/oiUtil.cpp:2137:getRiseDelay]: Assert "(ta !=0) && (tlc_ !=0)"
**DIAG[optinfra/oiUtil.cpp:2148:getFallDelay]: Assert "(ta !=0) && (tlc_ !=0)"
**DIAG[optinfra/oiUtil.cpp:2137:getRiseDelay]: Assert "(ta !=0) && (tlc_ !=0)"
**DIAG[optinfra/oiUtil.cpp:2148:getFallDelay]: Assert "(ta !=0) && (tlc_ !=0)"
**DIAG[optinfra/oiUtil.cpp:2137:getRiseDelay]: Assert "(ta !=0) && (tlc_ !=0)"
**DIAG[optinfra/oiUtil.cpp:2148:getFallDelay]: Assert "(ta !=0) && (tlc_ !=0)"
**DIAG[optinfra/oiUtil.cpp:2137:getRiseDelay]: Assert "(ta !=0) && (tlc_ !=0)"
**DIAG[optinfra/oiUtil.cpp:2148:getFallDelay]: Assert "(ta !=0) && (tlc_ !=0)"
**DIAG[optinfra/oiUtil.cpp:2137:getRiseDelay]: Assert "(ta !=0) && (tlc_ !=0)"
**DIAG[optinfra/oiUtil.cpp:2148:getFallDelay]: Assert "(ta !=0) && (tlc_ !=0)"
**DIAG[../../include/oiTmVNetlist.hpp:287:oiTmVInstTermCL]: Assert "timeLibContext_"
**DIAG[../../include/oiTmVNetlist.hpp:287:oiTmVInstTermCL]: Assert "timeLibContext_"
**DIAG[../../include/oiTmVNetlist.hpp:287:oiTmVInstTermCL]: Assert "timeLibContext_"
**DIAG[../../include/oiTmVNetlist.hpp:287:oiTmVInstTermCL]: Assert "timeLibContext_"
**DIAG[../../include/oiTmVNetlist.hpp:287:oiTmVInstTermCL]: Assert "timeLibContext_"
**DIAG[../../include/oiTmVNetlist.hpp:287:oiTmVInstTermCL]: Assert "timeLibContext_"
**DIAG[../../include/oiTmVNetlist.hpp:287:oiTmVInstTermCL]: Assert "timeLibContext_"
**DIAG[optinfra/oiUtil.cpp:2137:getRiseDelay]: Assert "(ta !=0) && (tlc_ !=0)"
**DIAG[optinfra/oiUtil.cpp:2148:getFallDelay]: Assert "(ta !=0) && (tlc_ !=0)"
**DIAG[optinfra/oiUtil.cpp:2137:getRiseDelay]: Assert "(ta !=0) && (tlc_ !=0)"
**DIAG[optinfra/oiUtil.cpp:2148:getFallDelay]: Assert "(ta !=0) && (tlc_ !=0)"
**DIAG[optinfra/oiUtil.cpp:2137:getRiseDelay]: Assert "(ta !=0) && (tlc_ !=0)"
**DIAG[optinfra/oiUtil.cpp:2148:getFallDelay]: Assert "(ta !=0) && (tlc_ !=0)"
**DIAG[optinfra/oiUtil.cpp:2137:getRiseDelay]: Assert "(ta !=0) && (tlc_ !=0)"
**DIAG[optinfra/oiUtil.cpp:2148:getFallDelay]: Assert "(ta !=0) && (tlc_ !=0)"
**DIAG[optinfra/oiUtil.cpp:2137:getRiseDelay]: Assert "(ta !=0) && (tlc_ !=0)"
**DIAG[optinfra/oiUtil.cpp:2148:getFallDelay]: Assert "(ta !=0) && (tlc_ !=0)"
**DIAG[optinfra/oiUtil.cpp:2137:getRiseDelay]: Assert "(ta !=0) && (tlc_ !=0)"
**DIAG[optinfra/oiUtil.cpp:2148:getFallDelay]: Assert "(ta !=0) && (tlc_ !=0)"
**DIAG[../../include/oiTmVNetlist.hpp:287:oiTmVInstTermCL]: Assert "timeLibContext_"
**DIAG[../../include/oiTmVNetlist.hpp:287:oiTmVInstTermCL]: Assert "timeLibContext_"
**DIAG[../../include/oiTmVNetlist.hpp:287:oiTmVInstTermCL]: Assert "timeLibContext_"
**DIAG[../../include/oiTmVNetlist.hpp:287:oiTmVInstTermCL]: Assert "timeLibContext_"
**DIAG[../../include/oiTmVNetlist.hpp:287:oiTmVInstTermCL]: Assert "timeLibContext_"
**DIAG[../../include/oiTmVNetlist.hpp:287:oiTmVInstTermCL]: Assert "timeLibContext_"
**DIAG[../../include/oiTmVNetlist.hpp:287:oiTmVInstTermCL]: Assert "timeLibContext_"
**DIAG[optinfra/oiUtil.cpp:2137:getRiseDelay]: Assert "(ta !=0) && (tlc_ !=0)"
**DIAG[optinfra/oiUtil.cpp:2148:getFallDelay]: Assert "(ta !=0) && (tlc_ !=0)"
**DIAG[optinfra/oiUtil.cpp:2137:getRiseDelay]: Assert "(ta !=0) && (tlc_ !=0)"
**DIAG[optinfra/oiUtil.cpp:2148:getFallDelay]: Assert "(ta !=0) && (tlc_ !=0)"
**DIAG[optinfra/oiUtil.cpp:2137:getRiseDelay]: Assert "(ta !=0) && (tlc_ !=0)"
**DIAG[optinfra/oiUtil.cpp:2148:getFallDelay]: Assert "(ta !=0) && (tlc_ !=0)"
**DIAG[optinfra/oiUtil.cpp:2137:getRiseDelay]: Assert "(ta !=0) && (tlc_ !=0)"
**DIAG[optinfra/oiUtil.cpp:2148:getFallDelay]: Assert "(ta !=0) && (tlc_ !=0)"
**DIAG[optinfra/oiUtil.cpp:2137:getRiseDelay]: Assert "(ta !=0) && (tlc_ !=0)"
**DIAG[optinfra/oiUtil.cpp:2148:getFallDelay]: Assert "(ta !=0) && (tlc_ !=0)"
**DIAG[optinfra/oiUtil.cpp:2137:getRiseDelay]: Assert "(ta !=0) && (tlc_ !=0)"
**DIAG[optinfra/oiUtil.cpp:2148:getFallDelay]: Assert "(ta !=0) && (tlc_ !=0)"
**DIAG[../../include/oiTmVNetlist.hpp:287:oiTmVInstTermCL]: Assert "timeLibContext_"
**DIAG[../../include/oiTmVNetlist.hpp:287:oiTmVInstTermCL]: Assert "timeLibContext_"
**DIAG[../../include/oiTmVNetlist.hpp:287:oiTmVInstTermCL]: Assert "timeLibContext_"
**DIAG[../../include/oiTmVNetlist.hpp:287:oiTmVInstTermCL]: Assert "timeLibContext_"
**DIAG[../../include/oiTmVNetlist.hpp:287:oiTmVInstTermCL]: Assert "timeLibContext_"
**DIAG[../../include/oiTmVNetlist.hpp:287:oiTmVInstTermCL]: Assert "timeLibContext_"
**DIAG[../../include/oiTmVNetlist.hpp:287:oiTmVInstTermCL]: Assert "timeLibContext_"
**DIAG[optinfra/oiUtil.cpp:2137:getRiseDelay]: Assert "(ta !=0) && (tlc_ !=0)"
**DIAG[optinfra/oiUtil.cpp:2148:getFallDelay]: Assert "(ta !=0) && (tlc_ !=0)"
**DIAG[optinfra/oiUtil.cpp:2137:getRiseDelay]: Assert "(ta !=0) && (tlc_ !=0)"
**DIAG[optinfra/oiUtil.cpp:2148:getFallDelay]: Assert "(ta !=0) && (tlc_ !=0)"
**DIAG[optinfra/oiUtil.cpp:2137:getRiseDelay]: Assert "(ta !=0) && (tlc_ !=0)"
**DIAG[optinfra/oiUtil.cpp:2148:getFallDelay]: Assert "(ta !=0) && (tlc_ !=0)"
**DIAG[optinfra/oiUtil.cpp:2137:getRiseDelay]: Assert "(ta !=0) && (tlc_ !=0)"
**DIAG[optinfra/oiUtil.cpp:2148:getFallDelay]: Assert "(ta !=0) && (tlc_ !=0)"
**DIAG[optinfra/oiUtil.cpp:2137:getRiseDelay]: Assert "(ta !=0) && (tlc_ !=0)"
**DIAG[optinfra/oiUtil.cpp:2148:getFallDelay]: Assert "(ta !=0) && (tlc_ !=0)"
**DIAG[optinfra/oiUtil.cpp:2137:getRiseDelay]: Assert "(ta !=0) && (tlc_ !=0)"
**DIAG[optinfra/oiUtil.cpp:2148:getFallDelay]: Assert "(ta !=0) && (tlc_ !=0)"
**DIAG[../../include/oiTmVNetlist.hpp:287:oiTmVInstTermCL]: Assert "timeLibContext_"
**DIAG[../../include/oiTmVNetlist.hpp:287:oiTmVInstTermCL]: Assert "timeLibContext_"
**DIAG[../../include/oiTmVNetlist.hpp:287:oiTmVInstTermCL]: Assert "timeLibContext_"
**DIAG[../../include/oiTmVNetlist.hpp:287:oiTmVInstTermCL]: Assert "timeLibContext_"
**DIAG[../../include/oiTmVNetlist.hpp:287:oiTmVInstTermCL]: Assert "timeLibContext_"
**DIAG[../../include/oiTmVNetlist.hpp:287:oiTmVInstTermCL]: Assert "timeLibContext_"
**DIAG[../../include/oiTmVNetlist.hpp:287:oiTmVInstTermCL]: Assert "timeLibContext_"
**DIAG[optinfra/oiUtil.cpp:2137:getRiseDelay]: Assert "(ta !=0) && (tlc_ !=0)"
**DIAG[optinfra/oiUtil.cpp:2148:getFallDelay]: Assert "(ta !=0) && (tlc_ !=0)"
**DIAG[optinfra/oiUtil.cpp:2137:getRiseDelay]: Assert "(ta !=0) && (tlc_ !=0)"
**DIAG[optinfra/oiUtil.cpp:2148:getFallDelay]: Assert "(ta !=0) && (tlc_ !=0)"
**DIAG[optinfra/oiUtil.cpp:2137:getRiseDelay]: Assert "(ta !=0) && (tlc_ !=0)"
**DIAG[optinfra/oiUtil.cpp:2148:getFallDelay]: Assert "(ta !=0) && (tlc_ !=0)"
**DIAG[optinfra/oiUtil.cpp:2137:getRiseDelay]: Assert "(ta !=0) && (tlc_ !=0)"
**DIAG[optinfra/oiUtil.cpp:2148:getFallDelay]: Assert "(ta !=0) && (tlc_ !=0)"
**DIAG[optinfra/oiUtil.cpp:2137:getRiseDelay]: Assert "(ta !=0) && (tlc_ !=0)"
**DIAG[optinfra/oiUtil.cpp:2148:getFallDelay]: Assert "(ta !=0) && (tlc_ !=0)"
**DIAG[optinfra/oiUtil.cpp:2137:getRiseDelay]: Assert "(ta !=0) && (tlc_ !=0)"
**DIAG[optinfra/oiUtil.cpp:2148:getFallDelay]: Assert "(ta !=0) && (tlc_ !=0)"
**DIAG[../../include/oiTmVNetlist.hpp:287:oiTmVInstTermCL]: Assert "timeLibContext_"
**DIAG[../../include/oiTmVNetlist.hpp:287:oiTmVInstTermCL]: Assert "timeLibContext_"
**DIAG[../../include/oiTmVNetlist.hpp:287:oiTmVInstTermCL]: Assert "timeLibContext_"
**DIAG[../../include/oiTmVNetlist.hpp:287:oiTmVInstTermCL]: Assert "timeLibContext_"
**DIAG[../../include/oiTmVNetlist.hpp:287:oiTmVInstTermCL]: Assert "timeLibContext_"
**DIAG[../../include/oiTmVNetlist.hpp:287:oiTmVInstTermCL]: Assert "timeLibContext_"
**DIAG[../../include/oiTmVNetlist.hpp:287:oiTmVInstTermCL]: Assert "timeLibContext_"
**DIAG[optinfra/oiUtil.cpp:2137:getRiseDelay]: Assert "(ta !=0) && (tlc_ !=0)"
**DIAG[optinfra/oiUtil.cpp:2148:getFallDelay]: Assert "(ta !=0) && (tlc_ !=0)"
**DIAG[optinfra/oiUtil.cpp:2137:getRiseDelay]: Assert "(ta !=0) && (tlc_ !=0)"
**DIAG[optinfra/oiUtil.cpp:2148:getFallDelay]: Assert "(ta !=0) && (tlc_ !=0)"
**DIAG[optinfra/oiUtil.cpp:2137:getRiseDelay]: Assert "(ta !=0) && (tlc_ !=0)"
**DIAG[optinfra/oiUtil.cpp:2148:getFallDelay]: Assert "(ta !=0) && (tlc_ !=0)"
**DIAG[optinfra/oiUtil.cpp:2137:getRiseDelay]: Assert "(ta !=0) && (tlc_ !=0)"
**DIAG[optinfra/oiUtil.cpp:2148:getFallDelay]: Assert "(ta !=0) && (tlc_ !=0)"
**DIAG[optinfra/oiUtil.cpp:2137:getRiseDelay]: Assert "(ta !=0) && (tlc_ !=0)"
**DIAG[optinfra/oiUtil.cpp:2148:getFallDelay]: Assert "(ta !=0) && (tlc_ !=0)"
**DIAG[optinfra/oiUtil.cpp:2137:getRiseDelay]: Assert "(ta !=0) && (tlc_ !=0)"
**DIAG[optinfra/oiUtil.cpp:2148:getFallDelay]: Assert "(ta !=0) && (tlc_ !=0)"
**DIAG[../../include/oiTmVNetlist.hpp:287:oiTmVInstTermCL]: Assert "timeLibContext_"
**DIAG[../../include/oiTmVNetlist.hpp:287:oiTmVInstTermCL]: Assert "timeLibContext_"
**DIAG[../../include/oiTmVNetlist.hpp:287:oiTmVInstTermCL]: Assert "timeLibContext_"
**DIAG[../../include/oiTmVNetlist.hpp:287:oiTmVInstTermCL]: Assert "timeLibContext_"
**DIAG[../../include/oiTmVNetlist.hpp:287:oiTmVInstTermCL]: Assert "timeLibContext_"
**DIAG[../../include/oiTmVNetlist.hpp:287:oiTmVInstTermCL]: Assert "timeLibContext_"
**DIAG[../../include/oiTmVNetlist.hpp:287:oiTmVInstTermCL]: Assert "timeLibContext_"
**DIAG[optinfra/oiUtil.cpp:2137:getRiseDelay]: Assert "(ta !=0) && (tlc_ !=0)"
**DIAG[optinfra/oiUtil.cpp:2148:getFallDelay]: Assert "(ta !=0) && (tlc_ !=0)"
**DIAG[optinfra/oiUtil.cpp:2137:getRiseDelay]: Assert "(ta !=0) && (tlc_ !=0)"
**DIAG[optinfra/oiUtil.cpp:2148:getFallDelay]: Assert "(ta !=0) && (tlc_ !=0)"
**DIAG[optinfra/oiUtil.cpp:2137:getRiseDelay]: Assert "(ta !=0) && (tlc_ !=0)"
**DIAG[optinfra/oiUtil.cpp:2148:getFallDelay]: Assert "(ta !=0) && (tlc_ !=0)"
**DIAG[optinfra/oiUtil.cpp:2137:getRiseDelay]: Assert "(ta !=0) && (tlc_ !=0)"
**DIAG[optinfra/oiUtil.cpp:2148:getFallDelay]: Assert "(ta !=0) && (tlc_ !=0)"
**DIAG[optinfra/oiUtil.cpp:2137:getRiseDelay]: Assert "(ta !=0) && (tlc_ !=0)"
**DIAG[optinfra/oiUtil.cpp:2148:getFallDelay]: Assert "(ta !=0) && (tlc_ !=0)"
**DIAG[optinfra/oiUtil.cpp:2137:getRiseDelay]: Assert "(ta !=0) && (tlc_ !=0)"
**DIAG[optinfra/oiUtil.cpp:2148:getFallDelay]: Assert "(ta !=0) && (tlc_ !=0)"
**DIAG[../../include/oiTmVNetlist.hpp:287:oiTmVInstTermCL]: Assert "timeLibContext_"
**DIAG[../../include/oiTmVNetlist.hpp:287:oiTmVInstTermCL]: Assert "timeLibContext_"
**DIAG[../../include/oiTmVNetlist.hpp:287:oiTmVInstTermCL]: Assert "timeLibContext_"
**DIAG[../../include/oiTmVNetlist.hpp:287:oiTmVInstTermCL]: Assert "timeLibContext_"
**DIAG[../../include/oiTmVNetlist.hpp:287:oiTmVInstTermCL]: Assert "timeLibContext_"
**DIAG[../../include/oiTmVNetlist.hpp:287:oiTmVInstTermCL]: Assert "timeLibContext_"
**DIAG[../../include/oiTmVNetlist.hpp:287:oiTmVInstTermCL]: Assert "timeLibContext_"
**DIAG[optinfra/oiUtil.cpp:2137:getRiseDelay]: Assert "(ta !=0) && (tlc_ !=0)"
**DIAG[optinfra/oiUtil.cpp:2148:getFallDelay]: Assert "(ta !=0) && (tlc_ !=0)"
**DIAG[optinfra/oiUtil.cpp:2137:getRiseDelay]: Assert "(ta !=0) && (tlc_ !=0)"
**DIAG[optinfra/oiUtil.cpp:2148:getFallDelay]: Assert "(ta !=0) && (tlc_ !=0)"
**DIAG[optinfra/oiUtil.cpp:2137:getRiseDelay]: Assert "(ta !=0) && (tlc_ !=0)"
**DIAG[optinfra/oiUtil.cpp:2148:getFallDelay]: Assert "(ta !=0) && (tlc_ !=0)"
**DIAG[optinfra/oiUtil.cpp:2137:getRiseDelay]: Assert "(ta !=0) && (tlc_ !=0)"
**DIAG[optinfra/oiUtil.cpp:2148:getFallDelay]: Assert "(ta !=0) && (tlc_ !=0)"
**DIAG[optinfra/oiUtil.cpp:2137:getRiseDelay]: Assert "(ta !=0) && (tlc_ !=0)"
**DIAG[optinfra/oiUtil.cpp:2148:getFallDelay]: Assert "(ta !=0) && (tlc_ !=0)"
**DIAG[optinfra/oiUtil.cpp:2137:getRiseDelay]: Assert "(ta !=0) && (tlc_ !=0)"
**DIAG[optinfra/oiUtil.cpp:2148:getFallDelay]: Assert "(ta !=0) && (tlc_ !=0)"
**DIAG[../../include/oiTmVNetlist.hpp:287:oiTmVInstTermCL]: Assert "timeLibContext_"
**DIAG[../../include/oiTmVNetlist.hpp:287:oiTmVInstTermCL]: Assert "timeLibContext_"
**DIAG[../../include/oiTmVNetlist.hpp:287:oiTmVInstTermCL]: Assert "timeLibContext_"
**DIAG[../../include/oiTmVNetlist.hpp:287:oiTmVInstTermCL]: Assert "timeLibContext_"
**DIAG[../../include/oiTmVNetlist.hpp:287:oiTmVInstTermCL]: Assert "timeLibContext_"
**DIAG[../../include/oiTmVNetlist.hpp:287:oiTmVInstTermCL]: Assert "timeLibContext_"
**DIAG[../../include/oiTmVNetlist.hpp:287:oiTmVInstTermCL]: Assert "timeLibContext_"
**DIAG[../../include/oiTmVNetlist.hpp:287:oiTmVInstTermCL]: Assert "timeLibContext_"
**DIAG[../../include/oiTmVNetlist.hpp:287:oiTmVInstTermCL]: Assert "timeLibContext_"
**DIAG[optinfra/oiUtil.cpp:2137:getRiseDelay]: Assert "(ta !=0) && (tlc_ !=0)"
**DIAG[optinfra/oiUtil.cpp:2148:getFallDelay]: Assert "(ta !=0) && (tlc_ !=0)"
**DIAG[optinfra/oiUtil.cpp:2137:getRiseDelay]: Assert "(ta !=0) && (tlc_ !=0)"
**DIAG[optinfra/oiUtil.cpp:2148:getFallDelay]: Assert "(ta !=0) && (tlc_ !=0)"
**DIAG[optinfra/oiUtil.cpp:2137:getRiseDelay]: Assert "(ta !=0) && (tlc_ !=0)"
**DIAG[optinfra/oiUtil.cpp:2148:getFallDelay]: Assert "(ta !=0) && (tlc_ !=0)"
**DIAG[optinfra/oiUtil.cpp:2137:getRiseDelay]: Assert "(ta !=0) && (tlc_ !=0)"
**DIAG[optinfra/oiUtil.cpp:2148:getFallDelay]: Assert "(ta !=0) && (tlc_ !=0)"
**DIAG[optinfra/oiUtil.cpp:2137:getRiseDelay]: Assert "(ta !=0) && (tlc_ !=0)"
**DIAG[optinfra/oiUtil.cpp:2148:getFallDelay]: Assert "(ta !=0) && (tlc_ !=0)"
**DIAG[optinfra/oiUtil.cpp:2137:getRiseDelay]: Assert "(ta !=0) && (tlc_ !=0)"
**DIAG[optinfra/oiUtil.cpp:2148:getFallDelay]: Assert "(ta !=0) && (tlc_ !=0)"
**DIAG[optinfra/oiUtil.cpp:2137:getRiseDelay]: Assert "(ta !=0) && (tlc_ !=0)"
**DIAG[optinfra/oiUtil.cpp:2148:getFallDelay]: Assert "(ta !=0) && (tlc_ !=0)"
**DIAG[optinfra/oiUtil.cpp:2137:getRiseDelay]: Assert "(ta !=0) && (tlc_ !=0)"
**DIAG[optinfra/oiUtil.cpp:2148:getFallDelay]: Assert "(ta !=0) && (tlc_ !=0)"
**DIAG[../../include/oiTmVNetlist.hpp:287:oiTmVInstTermCL]: Assert "timeLibContext_"
**DIAG[../../include/oiTmVNetlist.hpp:287:oiTmVInstTermCL]: Assert "timeLibContext_"
**DIAG[../../include/oiTmVNetlist.hpp:287:oiTmVInstTermCL]: Assert "timeLibContext_"
**DIAG[../../include/oiTmVNetlist.hpp:287:oiTmVInstTermCL]: Assert "timeLibContext_"
**DIAG[../../include/oiTmVNetlist.hpp:287:oiTmVInstTermCL]: Assert "timeLibContext_"
**DIAG[../../include/oiTmVNetlist.hpp:287:oiTmVInstTermCL]: Assert "timeLibContext_"
**DIAG[../../include/oiTmVNetlist.hpp:287:oiTmVInstTermCL]: Assert "timeLibContext_"
**DIAG[../../include/oiTmVNetlist.hpp:287:oiTmVInstTermCL]: Assert "timeLibContext_"
**DIAG[../../include/oiTmVNetlist.hpp:287:oiTmVInstTermCL]: Assert "timeLibContext_"
**DIAG[optinfra/oiUtil.cpp:2137:getRiseDelay]: Assert "(ta !=0) && (tlc_ !=0)"
**DIAG[optinfra/oiUtil.cpp:2148:getFallDelay]: Assert "(ta !=0) && (tlc_ !=0)"
**DIAG[optinfra/oiUtil.cpp:2137:getRiseDelay]: Assert "(ta !=0) && (tlc_ !=0)"
**DIAG[optinfra/oiUtil.cpp:2148:getFallDelay]: Assert "(ta !=0) && (tlc_ !=0)"
**DIAG[optinfra/oiUtil.cpp:2137:getRiseDelay]: Assert "(ta !=0) && (tlc_ !=0)"
**DIAG[optinfra/oiUtil.cpp:2148:getFallDelay]: Assert "(ta !=0) && (tlc_ !=0)"
**DIAG[optinfra/oiUtil.cpp:2137:getRiseDelay]: Assert "(ta !=0) && (tlc_ !=0)"
**DIAG[optinfra/oiUtil.cpp:2148:getFallDelay]: Assert "(ta !=0) && (tlc_ !=0)"
**DIAG[optinfra/oiUtil.cpp:2137:getRiseDelay]: Assert "(ta !=0) && (tlc_ !=0)"
**DIAG[optinfra/oiUtil.cpp:2148:getFallDelay]: Assert "(ta !=0) && (tlc_ !=0)"
**DIAG[optinfra/oiUtil.cpp:2137:getRiseDelay]: Assert "(ta !=0) && (tlc_ !=0)"
**DIAG[optinfra/oiUtil.cpp:2148:getFallDelay]: Assert "(ta !=0) && (tlc_ !=0)"
**DIAG[optinfra/oiUtil.cpp:2137:getRiseDelay]: Assert "(ta !=0) && (tlc_ !=0)"
**DIAG[optinfra/oiUtil.cpp:2148:getFallDelay]: Assert "(ta !=0) && (tlc_ !=0)"
**DIAG[optinfra/oiUtil.cpp:2137:getRiseDelay]: Assert "(ta !=0) && (tlc_ !=0)"
**DIAG[optinfra/oiUtil.cpp:2148:getFallDelay]: Assert "(ta !=0) && (tlc_ !=0)"
**DIAG[../../include/oiTmVNetlist.hpp:287:oiTmVInstTermCL]: Assert "timeLibContext_"
**DIAG[../../include/oiTmVNetlist.hpp:287:oiTmVInstTermCL]: Assert "timeLibContext_"
**DIAG[../../include/oiTmVNetlist.hpp:287:oiTmVInstTermCL]: Assert "timeLibContext_"
**DIAG[../../include/oiTmVNetlist.hpp:287:oiTmVInstTermCL]: Assert "timeLibContext_"
**DIAG[../../include/oiTmVNetlist.hpp:287:oiTmVInstTermCL]: Assert "timeLibContext_"
**DIAG[../../include/oiTmVNetlist.hpp:287:oiTmVInstTermCL]: Assert "timeLibContext_"
**DIAG[../../include/oiTmVNetlist.hpp:287:oiTmVInstTermCL]: Assert "timeLibContext_"
**DIAG[../../include/oiTmVNetlist.hpp:287:oiTmVInstTermCL]: Assert "timeLibContext_"
**DIAG[../../include/oiTmVNetlist.hpp:287:oiTmVInstTermCL]: Assert "timeLibContext_"
**DIAG[optinfra/oiUtil.cpp:2137:getRiseDelay]: Assert "(ta !=0) && (tlc_ !=0)"
**DIAG[optinfra/oiUtil.cpp:2148:getFallDelay]: Assert "(ta !=0) && (tlc_ !=0)"
**DIAG[optinfra/oiUtil.cpp:2137:getRiseDelay]: Assert "(ta !=0) && (tlc_ !=0)"
**DIAG[optinfra/oiUtil.cpp:2148:getFallDelay]: Assert "(ta !=0) && (tlc_ !=0)"
**DIAG[optinfra/oiUtil.cpp:2137:getRiseDelay]: Assert "(ta !=0) && (tlc_ !=0)"
**DIAG[optinfra/oiUtil.cpp:2148:getFallDelay]: Assert "(ta !=0) && (tlc_ !=0)"
**DIAG[optinfra/oiUtil.cpp:2137:getRiseDelay]: Assert "(ta !=0) && (tlc_ !=0)"
**DIAG[optinfra/oiUtil.cpp:2148:getFallDelay]: Assert "(ta !=0) && (tlc_ !=0)"
**DIAG[optinfra/oiUtil.cpp:2137:getRiseDelay]: Assert "(ta !=0) && (tlc_ !=0)"
**DIAG[optinfra/oiUtil.cpp:2148:getFallDelay]: Assert "(ta !=0) && (tlc_ !=0)"
**DIAG[optinfra/oiUtil.cpp:2137:getRiseDelay]: Assert "(ta !=0) && (tlc_ !=0)"
**DIAG[optinfra/oiUtil.cpp:2148:getFallDelay]: Assert "(ta !=0) && (tlc_ !=0)"
**DIAG[optinfra/oiUtil.cpp:2137:getRiseDelay]: Assert "(ta !=0) && (tlc_ !=0)"
**DIAG[optinfra/oiUtil.cpp:2148:getFallDelay]: Assert "(ta !=0) && (tlc_ !=0)"
**DIAG[optinfra/oiUtil.cpp:2137:getRiseDelay]: Assert "(ta !=0) && (tlc_ !=0)"
**DIAG[optinfra/oiUtil.cpp:2148:getFallDelay]: Assert "(ta !=0) && (tlc_ !=0)"
**DIAG[../../include/oiTmVNetlist.hpp:287:oiTmVInstTermCL]: Assert "timeLibContext_"
**DIAG[../../include/oiTmVNetlist.hpp:287:oiTmVInstTermCL]: Assert "timeLibContext_"
**DIAG[../../include/oiTmVNetlist.hpp:287:oiTmVInstTermCL]: Assert "timeLibContext_"
**DIAG[../../include/oiTmVNetlist.hpp:287:oiTmVInstTermCL]: Assert "timeLibContext_"
**DIAG[../../include/oiTmVNetlist.hpp:287:oiTmVInstTermCL]: Assert "timeLibContext_"
**DIAG[../../include/oiTmVNetlist.hpp:287:oiTmVInstTermCL]: Assert "timeLibContext_"
**DIAG[../../include/oiTmVNetlist.hpp:287:oiTmVInstTermCL]: Assert "timeLibContext_"
**DIAG[../../include/oiTmVNetlist.hpp:287:oiTmVInstTermCL]: Assert "timeLibContext_"
**DIAG[../../include/oiTmVNetlist.hpp:287:oiTmVInstTermCL]: Assert "timeLibContext_"
**DIAG[optinfra/oiUtil.cpp:2137:getRiseDelay]: Assert "(ta !=0) && (tlc_ !=0)"
**DIAG[optinfra/oiUtil.cpp:2148:getFallDelay]: Assert "(ta !=0) && (tlc_ !=0)"
**DIAG[optinfra/oiUtil.cpp:2137:getRiseDelay]: Assert "(ta !=0) && (tlc_ !=0)"
**DIAG[optinfra/oiUtil.cpp:2148:getFallDelay]: Assert "(ta !=0) && (tlc_ !=0)"
**DIAG[optinfra/oiUtil.cpp:2137:getRiseDelay]: Assert "(ta !=0) && (tlc_ !=0)"
**DIAG[optinfra/oiUtil.cpp:2148:getFallDelay]: Assert "(ta !=0) && (tlc_ !=0)"
**DIAG[optinfra/oiUtil.cpp:2137:getRiseDelay]: Assert "(ta !=0) && (tlc_ !=0)"
**DIAG[optinfra/oiUtil.cpp:2148:getFallDelay]: Assert "(ta !=0) && (tlc_ !=0)"
**DIAG[optinfra/oiUtil.cpp:2137:getRiseDelay]: Assert "(ta !=0) && (tlc_ !=0)"
**DIAG[optinfra/oiUtil.cpp:2148:getFallDelay]: Assert "(ta !=0) && (tlc_ !=0)"
**DIAG[optinfra/oiUtil.cpp:2137:getRiseDelay]: Assert "(ta !=0) && (tlc_ !=0)"
**DIAG[optinfra/oiUtil.cpp:2148:getFallDelay]: Assert "(ta !=0) && (tlc_ !=0)"
**DIAG[optinfra/oiUtil.cpp:2137:getRiseDelay]: Assert "(ta !=0) && (tlc_ !=0)"
**DIAG[optinfra/oiUtil.cpp:2148:getFallDelay]: Assert "(ta !=0) && (tlc_ !=0)"
**DIAG[optinfra/oiUtil.cpp:2137:getRiseDelay]: Assert "(ta !=0) && (tlc_ !=0)"
**DIAG[optinfra/oiUtil.cpp:2148:getFallDelay]: Assert "(ta !=0) && (tlc_ !=0)"
**DIAG[../../include/oiTmVNetlist.hpp:287:oiTmVInstTermCL]: Assert "timeLibContext_"
**DIAG[../../include/oiTmVNetlist.hpp:287:oiTmVInstTermCL]: Assert "timeLibContext_"
**DIAG[../../include/oiTmVNetlist.hpp:287:oiTmVInstTermCL]: Assert "timeLibContext_"
**DIAG[../../include/oiTmVNetlist.hpp:287:oiTmVInstTermCL]: Assert "timeLibContext_"
**DIAG[../../include/oiTmVNetlist.hpp:287:oiTmVInstTermCL]: Assert "timeLibContext_"
**DIAG[../../include/oiTmVNetlist.hpp:287:oiTmVInstTermCL]: Assert "timeLibContext_"
**DIAG[../../include/oiTmVNetlist.hpp:287:oiTmVInstTermCL]: Assert "timeLibContext_"
**DIAG[../../include/oiTmVNetlist.hpp:287:oiTmVInstTermCL]: Assert "timeLibContext_"
**DIAG[../../include/oiTmVNetlist.hpp:287:oiTmVInstTermCL]: Assert "timeLibContext_"
**DIAG[optinfra/oiUtil.cpp:2137:getRiseDelay]: Assert "(ta !=0) && (tlc_ !=0)"
**DIAG[optinfra/oiUtil.cpp:2148:getFallDelay]: Assert "(ta !=0) && (tlc_ !=0)"
**DIAG[optinfra/oiUtil.cpp:2137:getRiseDelay]: Assert "(ta !=0) && (tlc_ !=0)"
**DIAG[optinfra/oiUtil.cpp:2148:getFallDelay]: Assert "(ta !=0) && (tlc_ !=0)"
**DIAG[optinfra/oiUtil.cpp:2137:getRiseDelay]: Assert "(ta !=0) && (tlc_ !=0)"
**DIAG[optinfra/oiUtil.cpp:2148:getFallDelay]: Assert "(ta !=0) && (tlc_ !=0)"
**DIAG[optinfra/oiUtil.cpp:2137:getRiseDelay]: Assert "(ta !=0) && (tlc_ !=0)"
**DIAG[optinfra/oiUtil.cpp:2148:getFallDelay]: Assert "(ta !=0) && (tlc_ !=0)"
**DIAG[optinfra/oiUtil.cpp:2137:getRiseDelay]: Assert "(ta !=0) && (tlc_ !=0)"
**DIAG[optinfra/oiUtil.cpp:2148:getFallDelay]: Assert "(ta !=0) && (tlc_ !=0)"
**DIAG[optinfra/oiUtil.cpp:2137:getRiseDelay]: Assert "(ta !=0) && (tlc_ !=0)"
**DIAG[optinfra/oiUtil.cpp:2148:getFallDelay]: Assert "(ta !=0) && (tlc_ !=0)"
**DIAG[optinfra/oiUtil.cpp:2137:getRiseDelay]: Assert "(ta !=0) && (tlc_ !=0)"
**DIAG[optinfra/oiUtil.cpp:2148:getFallDelay]: Assert "(ta !=0) && (tlc_ !=0)"
**DIAG[optinfra/oiUtil.cpp:2137:getRiseDelay]: Assert "(ta !=0) && (tlc_ !=0)"
**DIAG[optinfra/oiUtil.cpp:2148:getFallDelay]: Assert "(ta !=0) && (tlc_ !=0)"
**DIAG[../../include/oiTmVNetlist.hpp:287:oiTmVInstTermCL]: Assert "timeLibContext_"
**DIAG[../../include/oiTmVNetlist.hpp:287:oiTmVInstTermCL]: Assert "timeLibContext_"
**DIAG[../../include/oiTmVNetlist.hpp:287:oiTmVInstTermCL]: Assert "timeLibContext_"
**DIAG[../../include/oiTmVNetlist.hpp:287:oiTmVInstTermCL]: Assert "timeLibContext_"
**DIAG[../../include/oiTmVNetlist.hpp:287:oiTmVInstTermCL]: Assert "timeLibContext_"
**DIAG[../../include/oiTmVNetlist.hpp:287:oiTmVInstTermCL]: Assert "timeLibContext_"
**DIAG[../../include/oiTmVNetlist.hpp:287:oiTmVInstTermCL]: Assert "timeLibContext_"
**DIAG[../../include/oiTmVNetlist.hpp:287:oiTmVInstTermCL]: Assert "timeLibContext_"
**DIAG[../../include/oiTmVNetlist.hpp:287:oiTmVInstTermCL]: Assert "timeLibContext_"
**DIAG[optinfra/oiUtil.cpp:2137:getRiseDelay]: Assert "(ta !=0) && (tlc_ !=0)"
**DIAG[optinfra/oiUtil.cpp:2148:getFallDelay]: Assert "(ta !=0) && (tlc_ !=0)"
**DIAG[optinfra/oiUtil.cpp:2137:getRiseDelay]: Assert "(ta !=0) && (tlc_ !=0)"
**DIAG[optinfra/oiUtil.cpp:2148:getFallDelay]: Assert "(ta !=0) && (tlc_ !=0)"
**DIAG[optinfra/oiUtil.cpp:2137:getRiseDelay]: Assert "(ta !=0) && (tlc_ !=0)"
**DIAG[optinfra/oiUtil.cpp:2148:getFallDelay]: Assert "(ta !=0) && (tlc_ !=0)"
**DIAG[optinfra/oiUtil.cpp:2137:getRiseDelay]: Assert "(ta !=0) && (tlc_ !=0)"
**DIAG[optinfra/oiUtil.cpp:2148:getFallDelay]: Assert "(ta !=0) && (tlc_ !=0)"
**DIAG[optinfra/oiUtil.cpp:2137:getRiseDelay]: Assert "(ta !=0) && (tlc_ !=0)"
**DIAG[optinfra/oiUtil.cpp:2148:getFallDelay]: Assert "(ta !=0) && (tlc_ !=0)"
**DIAG[optinfra/oiUtil.cpp:2137:getRiseDelay]: Assert "(ta !=0) && (tlc_ !=0)"
**DIAG[optinfra/oiUtil.cpp:2148:getFallDelay]: Assert "(ta !=0) && (tlc_ !=0)"
**DIAG[optinfra/oiUtil.cpp:2137:getRiseDelay]: Assert "(ta !=0) && (tlc_ !=0)"
**DIAG[optinfra/oiUtil.cpp:2148:getFallDelay]: Assert "(ta !=0) && (tlc_ !=0)"
**DIAG[optinfra/oiUtil.cpp:2137:getRiseDelay]: Assert "(ta !=0) && (tlc_ !=0)"
**DIAG[optinfra/oiUtil.cpp:2148:getFallDelay]: Assert "(ta !=0) && (tlc_ !=0)"
**DIAG[../../include/oiTmVNetlist.hpp:287:oiTmVInstTermCL]: Assert "timeLibContext_"
**DIAG[../../include/oiTmVNetlist.hpp:287:oiTmVInstTermCL]: Assert "timeLibContext_"
**DIAG[../../include/oiTmVNetlist.hpp:287:oiTmVInstTermCL]: Assert "timeLibContext_"
**DIAG[../../include/oiTmVNetlist.hpp:287:oiTmVInstTermCL]: Assert "timeLibContext_"
**DIAG[../../include/oiTmVNetlist.hpp:287:oiTmVInstTermCL]: Assert "timeLibContext_"
**DIAG[../../include/oiTmVNetlist.hpp:287:oiTmVInstTermCL]: Assert "timeLibContext_"
**DIAG[../../include/oiTmVNetlist.hpp:287:oiTmVInstTermCL]: Assert "timeLibContext_"
**DIAG[../../include/oiTmVNetlist.hpp:287:oiTmVInstTermCL]: Assert "timeLibContext_"
**DIAG[../../include/oiTmVNetlist.hpp:287:oiTmVInstTermCL]: Assert "timeLibContext_"
**DIAG[optinfra/oiUtil.cpp:2137:getRiseDelay]: Assert "(ta !=0) && (tlc_ !=0)"
**DIAG[optinfra/oiUtil.cpp:2148:getFallDelay]: Assert "(ta !=0) && (tlc_ !=0)"
**DIAG[optinfra/oiUtil.cpp:2137:getRiseDelay]: Assert "(ta !=0) && (tlc_ !=0)"
**DIAG[optinfra/oiUtil.cpp:2148:getFallDelay]: Assert "(ta !=0) && (tlc_ !=0)"
**DIAG[optinfra/oiUtil.cpp:2137:getRiseDelay]: Assert "(ta !=0) && (tlc_ !=0)"
**DIAG[optinfra/oiUtil.cpp:2148:getFallDelay]: Assert "(ta !=0) && (tlc_ !=0)"
**DIAG[optinfra/oiUtil.cpp:2137:getRiseDelay]: Assert "(ta !=0) && (tlc_ !=0)"
**DIAG[optinfra/oiUtil.cpp:2148:getFallDelay]: Assert "(ta !=0) && (tlc_ !=0)"
**DIAG[optinfra/oiUtil.cpp:2137:getRiseDelay]: Assert "(ta !=0) && (tlc_ !=0)"
**DIAG[optinfra/oiUtil.cpp:2148:getFallDelay]: Assert "(ta !=0) && (tlc_ !=0)"
**DIAG[optinfra/oiUtil.cpp:2137:getRiseDelay]: Assert "(ta !=0) && (tlc_ !=0)"
**DIAG[optinfra/oiUtil.cpp:2148:getFallDelay]: Assert "(ta !=0) && (tlc_ !=0)"
**DIAG[optinfra/oiUtil.cpp:2137:getRiseDelay]: Assert "(ta !=0) && (tlc_ !=0)"
**DIAG[optinfra/oiUtil.cpp:2148:getFallDelay]: Assert "(ta !=0) && (tlc_ !=0)"
**DIAG[optinfra/oiUtil.cpp:2137:getRiseDelay]: Assert "(ta !=0) && (tlc_ !=0)"
**DIAG[optinfra/oiUtil.cpp:2148:getFallDelay]: Assert "(ta !=0) && (tlc_ !=0)"
**DIAG[../../include/oiTmVNetlist.hpp:287:oiTmVInstTermCL]: Assert "timeLibContext_"
**DIAG[../../include/oiTmVNetlist.hpp:287:oiTmVInstTermCL]: Assert "timeLibContext_"
**DIAG[../../include/oiTmVNetlist.hpp:287:oiTmVInstTermCL]: Assert "timeLibContext_"
**DIAG[../../include/oiTmVNetlist.hpp:287:oiTmVInstTermCL]: Assert "timeLibContext_"
**DIAG[../../include/oiTmVNetlist.hpp:287:oiTmVInstTermCL]: Assert "timeLibContext_"
**DIAG[../../include/oiTmVNetlist.hpp:287:oiTmVInstTermCL]: Assert "timeLibContext_"
**DIAG[../../include/oiTmVNetlist.hpp:287:oiTmVInstTermCL]: Assert "timeLibContext_"
**DIAG[../../include/oiTmVNetlist.hpp:287:oiTmVInstTermCL]: Assert "timeLibContext_"
**DIAG[../../include/oiTmVNetlist.hpp:287:oiTmVInstTermCL]: Assert "timeLibContext_"
**DIAG[optinfra/oiUtil.cpp:2137:getRiseDelay]: Assert "(ta !=0) && (tlc_ !=0)"
**DIAG[optinfra/oiUtil.cpp:2148:getFallDelay]: Assert "(ta !=0) && (tlc_ !=0)"
**DIAG[optinfra/oiUtil.cpp:2137:getRiseDelay]: Assert "(ta !=0) && (tlc_ !=0)"
**DIAG[optinfra/oiUtil.cpp:2148:getFallDelay]: Assert "(ta !=0) && (tlc_ !=0)"
**DIAG[optinfra/oiUtil.cpp:2137:getRiseDelay]: Assert "(ta !=0) && (tlc_ !=0)"
**DIAG[optinfra/oiUtil.cpp:2148:getFallDelay]: Assert "(ta !=0) && (tlc_ !=0)"
**DIAG[optinfra/oiUtil.cpp:2137:getRiseDelay]: Assert "(ta !=0) && (tlc_ !=0)"
**DIAG[optinfra/oiUtil.cpp:2148:getFallDelay]: Assert "(ta !=0) && (tlc_ !=0)"
**DIAG[optinfra/oiUtil.cpp:2137:getRiseDelay]: Assert "(ta !=0) && (tlc_ !=0)"
**DIAG[optinfra/oiUtil.cpp:2148:getFallDelay]: Assert "(ta !=0) && (tlc_ !=0)"
**DIAG[optinfra/oiUtil.cpp:2137:getRiseDelay]: Assert "(ta !=0) && (tlc_ !=0)"
**DIAG[optinfra/oiUtil.cpp:2148:getFallDelay]: Assert "(ta !=0) && (tlc_ !=0)"
**DIAG[optinfra/oiUtil.cpp:2137:getRiseDelay]: Assert "(ta !=0) && (tlc_ !=0)"
**DIAG[optinfra/oiUtil.cpp:2148:getFallDelay]: Assert "(ta !=0) && (tlc_ !=0)"
**DIAG[optinfra/oiUtil.cpp:2137:getRiseDelay]: Assert "(ta !=0) && (tlc_ !=0)"
**DIAG[optinfra/oiUtil.cpp:2148:getFallDelay]: Assert "(ta !=0) && (tlc_ !=0)"
**DIAG[../../include/oiTmVNetlist.hpp:287:oiTmVInstTermCL]: Assert "timeLibContext_"
**DIAG[../../include/oiTmVNetlist.hpp:287:oiTmVInstTermCL]: Assert "timeLibContext_"
**DIAG[../../include/oiTmVNetlist.hpp:287:oiTmVInstTermCL]: Assert "timeLibContext_"
**DIAG[../../include/oiTmVNetlist.hpp:287:oiTmVInstTermCL]: Assert "timeLibContext_"
**DIAG[../../include/oiTmVNetlist.hpp:287:oiTmVInstTermCL]: Assert "timeLibContext_"
**DIAG[../../include/oiTmVNetlist.hpp:287:oiTmVInstTermCL]: Assert "timeLibContext_"
**DIAG[../../include/oiTmVNetlist.hpp:287:oiTmVInstTermCL]: Assert "timeLibContext_"
**DIAG[../../include/oiTmVNetlist.hpp:287:oiTmVInstTermCL]: Assert "timeLibContext_"
**DIAG[../../include/oiTmVNetlist.hpp:287:oiTmVInstTermCL]: Assert "timeLibContext_"
**DIAG[optinfra/oiUtil.cpp:2137:getRiseDelay]: Assert "(ta !=0) && (tlc_ !=0)"
**DIAG[optinfra/oiUtil.cpp:2148:getFallDelay]: Assert "(ta !=0) && (tlc_ !=0)"
**DIAG[optinfra/oiUtil.cpp:2137:getRiseDelay]: Assert "(ta !=0) && (tlc_ !=0)"
**DIAG[optinfra/oiUtil.cpp:2148:getFallDelay]: Assert "(ta !=0) && (tlc_ !=0)"
**DIAG[optinfra/oiUtil.cpp:2137:getRiseDelay]: Assert "(ta !=0) && (tlc_ !=0)"
**DIAG[optinfra/oiUtil.cpp:2148:getFallDelay]: Assert "(ta !=0) && (tlc_ !=0)"
**DIAG[optinfra/oiUtil.cpp:2137:getRiseDelay]: Assert "(ta !=0) && (tlc_ !=0)"
**DIAG[optinfra/oiUtil.cpp:2148:getFallDelay]: Assert "(ta !=0) && (tlc_ !=0)"
**DIAG[optinfra/oiUtil.cpp:2137:getRiseDelay]: Assert "(ta !=0) && (tlc_ !=0)"
**DIAG[optinfra/oiUtil.cpp:2148:getFallDelay]: Assert "(ta !=0) && (tlc_ !=0)"
**DIAG[optinfra/oiUtil.cpp:2137:getRiseDelay]: Assert "(ta !=0) && (tlc_ !=0)"
**DIAG[optinfra/oiUtil.cpp:2148:getFallDelay]: Assert "(ta !=0) && (tlc_ !=0)"
**DIAG[optinfra/oiUtil.cpp:2137:getRiseDelay]: Assert "(ta !=0) && (tlc_ !=0)"
**DIAG[optinfra/oiUtil.cpp:2148:getFallDelay]: Assert "(ta !=0) && (tlc_ !=0)"
**DIAG[optinfra/oiUtil.cpp:2137:getRiseDelay]: Assert "(ta !=0) && (tlc_ !=0)"
**DIAG[optinfra/oiUtil.cpp:2148:getFallDelay]: Assert "(ta !=0) && (tlc_ !=0)"
**DIAG[../../include/oiTmVNetlist.hpp:287:oiTmVInstTermCL]: Assert "timeLibContext_"
**DIAG[../../include/oiTmVNetlist.hpp:287:oiTmVInstTermCL]: Assert "timeLibContext_"
**DIAG[../../include/oiTmVNetlist.hpp:287:oiTmVInstTermCL]: Assert "timeLibContext_"
**DIAG[../../include/oiTmVNetlist.hpp:287:oiTmVInstTermCL]: Assert "timeLibContext_"
**DIAG[../../include/oiTmVNetlist.hpp:287:oiTmVInstTermCL]: Assert "timeLibContext_"
**DIAG[../../include/oiTmVNetlist.hpp:287:oiTmVInstTermCL]: Assert "timeLibContext_"
**DIAG[../../include/oiTmVNetlist.hpp:287:oiTmVInstTermCL]: Assert "timeLibContext_"
**DIAG[../../include/oiTmVNetlist.hpp:287:oiTmVInstTermCL]: Assert "timeLibContext_"
**DIAG[../../include/oiTmVNetlist.hpp:287:oiTmVInstTermCL]: Assert "timeLibContext_"
**DIAG[optinfra/oiUtil.cpp:2137:getRiseDelay]: Assert "(ta !=0) && (tlc_ !=0)"
**DIAG[optinfra/oiUtil.cpp:2148:getFallDelay]: Assert "(ta !=0) && (tlc_ !=0)"
**DIAG[optinfra/oiUtil.cpp:2137:getRiseDelay]: Assert "(ta !=0) && (tlc_ !=0)"
**DIAG[optinfra/oiUtil.cpp:2148:getFallDelay]: Assert "(ta !=0) && (tlc_ !=0)"
**DIAG[optinfra/oiUtil.cpp:2137:getRiseDelay]: Assert "(ta !=0) && (tlc_ !=0)"
**DIAG[optinfra/oiUtil.cpp:2148:getFallDelay]: Assert "(ta !=0) && (tlc_ !=0)"
**DIAG[optinfra/oiUtil.cpp:2137:getRiseDelay]: Assert "(ta !=0) && (tlc_ !=0)"
**DIAG[optinfra/oiUtil.cpp:2148:getFallDelay]: Assert "(ta !=0) && (tlc_ !=0)"
**DIAG[optinfra/oiUtil.cpp:2137:getRiseDelay]: Assert "(ta !=0) && (tlc_ !=0)"
**DIAG[optinfra/oiUtil.cpp:2148:getFallDelay]: Assert "(ta !=0) && (tlc_ !=0)"
**DIAG[optinfra/oiUtil.cpp:2137:getRiseDelay]: Assert "(ta !=0) && (tlc_ !=0)"
**DIAG[optinfra/oiUtil.cpp:2148:getFallDelay]: Assert "(ta !=0) && (tlc_ !=0)"
**DIAG[optinfra/oiUtil.cpp:2137:getRiseDelay]: Assert "(ta !=0) && (tlc_ !=0)"
**DIAG[optinfra/oiUtil.cpp:2148:getFallDelay]: Assert "(ta !=0) && (tlc_ !=0)"
**DIAG[optinfra/oiUtil.cpp:2137:getRiseDelay]: Assert "(ta !=0) && (tlc_ !=0)"
**DIAG[optinfra/oiUtil.cpp:2148:getFallDelay]: Assert "(ta !=0) && (tlc_ !=0)"
**DIAG[../../include/oiTmVNetlist.hpp:287:oiTmVInstTermCL]: Assert "timeLibContext_"
**DIAG[../../include/oiTmVNetlist.hpp:287:oiTmVInstTermCL]: Assert "timeLibContext_"
**DIAG[../../include/oiTmVNetlist.hpp:287:oiTmVInstTermCL]: Assert "timeLibContext_"
**DIAG[../../include/oiTmVNetlist.hpp:287:oiTmVInstTermCL]: Assert "timeLibContext_"
**DIAG[../../include/oiTmVNetlist.hpp:287:oiTmVInstTermCL]: Assert "timeLibContext_"
**DIAG[../../include/oiTmVNetlist.hpp:287:oiTmVInstTermCL]: Assert "timeLibContext_"
**DIAG[../../include/oiTmVNetlist.hpp:287:oiTmVInstTermCL]: Assert "timeLibContext_"
**DIAG[../../include/oiTmVNetlist.hpp:287:oiTmVInstTermCL]: Assert "timeLibContext_"
**DIAG[../../include/oiTmVNetlist.hpp:287:oiTmVInstTermCL]: Assert "timeLibContext_"
**DIAG[optinfra/oiUtil.cpp:2137:getRiseDelay]: Assert "(ta !=0) && (tlc_ !=0)"
**DIAG[optinfra/oiUtil.cpp:2148:getFallDelay]: Assert "(ta !=0) && (tlc_ !=0)"
**DIAG[optinfra/oiUtil.cpp:2137:getRiseDelay]: Assert "(ta !=0) && (tlc_ !=0)"
**DIAG[optinfra/oiUtil.cpp:2148:getFallDelay]: Assert "(ta !=0) && (tlc_ !=0)"
**DIAG[optinfra/oiUtil.cpp:2137:getRiseDelay]: Assert "(ta !=0) && (tlc_ !=0)"
**DIAG[optinfra/oiUtil.cpp:2148:getFallDelay]: Assert "(ta !=0) && (tlc_ !=0)"
**DIAG[optinfra/oiUtil.cpp:2137:getRiseDelay]: Assert "(ta !=0) && (tlc_ !=0)"
**DIAG[optinfra/oiUtil.cpp:2148:getFallDelay]: Assert "(ta !=0) && (tlc_ !=0)"
**DIAG[optinfra/oiUtil.cpp:2137:getRiseDelay]: Assert "(ta !=0) && (tlc_ !=0)"
**DIAG[optinfra/oiUtil.cpp:2148:getFallDelay]: Assert "(ta !=0) && (tlc_ !=0)"
**DIAG[optinfra/oiUtil.cpp:2137:getRiseDelay]: Assert "(ta !=0) && (tlc_ !=0)"
**DIAG[optinfra/oiUtil.cpp:2148:getFallDelay]: Assert "(ta !=0) && (tlc_ !=0)"
**DIAG[optinfra/oiUtil.cpp:2137:getRiseDelay]: Assert "(ta !=0) && (tlc_ !=0)"
**DIAG[optinfra/oiUtil.cpp:2148:getFallDelay]: Assert "(ta !=0) && (tlc_ !=0)"
**DIAG[optinfra/oiUtil.cpp:2137:getRiseDelay]: Assert "(ta !=0) && (tlc_ !=0)"
**DIAG[optinfra/oiUtil.cpp:2148:getFallDelay]: Assert "(ta !=0) && (tlc_ !=0)"
**DIAG[../../include/oiTmVNetlist.hpp:287:oiTmVInstTermCL]: Assert "timeLibContext_"
**DIAG[../../include/oiTmVNetlist.hpp:287:oiTmVInstTermCL]: Assert "timeLibContext_"
**DIAG[../../include/oiTmVNetlist.hpp:287:oiTmVInstTermCL]: Assert "timeLibContext_"
**DIAG[../../include/oiTmVNetlist.hpp:287:oiTmVInstTermCL]: Assert "timeLibContext_"
**DIAG[../../include/oiTmVNetlist.hpp:287:oiTmVInstTermCL]: Assert "timeLibContext_"
**DIAG[../../include/oiTmVNetlist.hpp:287:oiTmVInstTermCL]: Assert "timeLibContext_"
**DIAG[../../include/oiTmVNetlist.hpp:287:oiTmVInstTermCL]: Assert "timeLibContext_"
**DIAG[../../include/oiTmVNetlist.hpp:287:oiTmVInstTermCL]: Assert "timeLibContext_"
**DIAG[../../include/oiTmVNetlist.hpp:287:oiTmVInstTermCL]: Assert "timeLibContext_"
**DIAG[optinfra/oiUtil.cpp:2137:getRiseDelay]: Assert "(ta !=0) && (tlc_ !=0)"
**DIAG[optinfra/oiUtil.cpp:2148:getFallDelay]: Assert "(ta !=0) && (tlc_ !=0)"
**DIAG[optinfra/oiUtil.cpp:2137:getRiseDelay]: Assert "(ta !=0) && (tlc_ !=0)"
**DIAG[optinfra/oiUtil.cpp:2148:getFallDelay]: Assert "(ta !=0) && (tlc_ !=0)"
**DIAG[optinfra/oiUtil.cpp:2137:getRiseDelay]: Assert "(ta !=0) && (tlc_ !=0)"
**DIAG[optinfra/oiUtil.cpp:2148:getFallDelay]: Assert "(ta !=0) && (tlc_ !=0)"
**DIAG[optinfra/oiUtil.cpp:2137:getRiseDelay]: Assert "(ta !=0) && (tlc_ !=0)"
**DIAG[optinfra/oiUtil.cpp:2148:getFallDelay]: Assert "(ta !=0) && (tlc_ !=0)"
**DIAG[optinfra/oiUtil.cpp:2137:getRiseDelay]: Assert "(ta !=0) && (tlc_ !=0)"
**DIAG[optinfra/oiUtil.cpp:2148:getFallDelay]: Assert "(ta !=0) && (tlc_ !=0)"
**DIAG[optinfra/oiUtil.cpp:2137:getRiseDelay]: Assert "(ta !=0) && (tlc_ !=0)"
**DIAG[optinfra/oiUtil.cpp:2148:getFallDelay]: Assert "(ta !=0) && (tlc_ !=0)"
**DIAG[optinfra/oiUtil.cpp:2137:getRiseDelay]: Assert "(ta !=0) && (tlc_ !=0)"
**DIAG[optinfra/oiUtil.cpp:2148:getFallDelay]: Assert "(ta !=0) && (tlc_ !=0)"
**DIAG[optinfra/oiUtil.cpp:2137:getRiseDelay]: Assert "(ta !=0) && (tlc_ !=0)"
**DIAG[optinfra/oiUtil.cpp:2148:getFallDelay]: Assert "(ta !=0) && (tlc_ !=0)"
**DIAG[../../include/oiTmVNetlist.hpp:287:oiTmVInstTermCL]: Assert "timeLibContext_"
**DIAG[../../include/oiTmVNetlist.hpp:287:oiTmVInstTermCL]: Assert "timeLibContext_"
**DIAG[../../include/oiTmVNetlist.hpp:287:oiTmVInstTermCL]: Assert "timeLibContext_"
**DIAG[../../include/oiTmVNetlist.hpp:287:oiTmVInstTermCL]: Assert "timeLibContext_"
**DIAG[../../include/oiTmVNetlist.hpp:287:oiTmVInstTermCL]: Assert "timeLibContext_"
**DIAG[../../include/oiTmVNetlist.hpp:287:oiTmVInstTermCL]: Assert "timeLibContext_"
**DIAG[../../include/oiTmVNetlist.hpp:287:oiTmVInstTermCL]: Assert "timeLibContext_"
**DIAG[../../include/oiTmVNetlist.hpp:287:oiTmVInstTermCL]: Assert "timeLibContext_"
**DIAG[../../include/oiTmVNetlist.hpp:287:oiTmVInstTermCL]: Assert "timeLibContext_"
**DIAG[optinfra/oiUtil.cpp:2137:getRiseDelay]: Assert "(ta !=0) && (tlc_ !=0)"
**DIAG[optinfra/oiUtil.cpp:2148:getFallDelay]: Assert "(ta !=0) && (tlc_ !=0)"
**DIAG[optinfra/oiUtil.cpp:2137:getRiseDelay]: Assert "(ta !=0) && (tlc_ !=0)"
**DIAG[optinfra/oiUtil.cpp:2148:getFallDelay]: Assert "(ta !=0) && (tlc_ !=0)"
**DIAG[optinfra/oiUtil.cpp:2137:getRiseDelay]: Assert "(ta !=0) && (tlc_ !=0)"
**DIAG[optinfra/oiUtil.cpp:2148:getFallDelay]: Assert "(ta !=0) && (tlc_ !=0)"
**DIAG[optinfra/oiUtil.cpp:2137:getRiseDelay]: Assert "(ta !=0) && (tlc_ !=0)"
**DIAG[optinfra/oiUtil.cpp:2148:getFallDelay]: Assert "(ta !=0) && (tlc_ !=0)"
**DIAG[optinfra/oiUtil.cpp:2137:getRiseDelay]: Assert "(ta !=0) && (tlc_ !=0)"
**DIAG[optinfra/oiUtil.cpp:2148:getFallDelay]: Assert "(ta !=0) && (tlc_ !=0)"
**DIAG[optinfra/oiUtil.cpp:2137:getRiseDelay]: Assert "(ta !=0) && (tlc_ !=0)"
**DIAG[optinfra/oiUtil.cpp:2148:getFallDelay]: Assert "(ta !=0) && (tlc_ !=0)"
**DIAG[optinfra/oiUtil.cpp:2137:getRiseDelay]: Assert "(ta !=0) && (tlc_ !=0)"
**DIAG[optinfra/oiUtil.cpp:2148:getFallDelay]: Assert "(ta !=0) && (tlc_ !=0)"
**DIAG[optinfra/oiUtil.cpp:2137:getRiseDelay]: Assert "(ta !=0) && (tlc_ !=0)"
**DIAG[optinfra/oiUtil.cpp:2148:getFallDelay]: Assert "(ta !=0) && (tlc_ !=0)"
**DIAG[../../include/oiTmVNetlist.hpp:287:oiTmVInstTermCL]: Assert "timeLibContext_"
**DIAG[../../include/oiTmVNetlist.hpp:287:oiTmVInstTermCL]: Assert "timeLibContext_"
**DIAG[../../include/oiTmVNetlist.hpp:287:oiTmVInstTermCL]: Assert "timeLibContext_"
**DIAG[../../include/oiTmVNetlist.hpp:287:oiTmVInstTermCL]: Assert "timeLibContext_"
**DIAG[../../include/oiTmVNetlist.hpp:287:oiTmVInstTermCL]: Assert "timeLibContext_"
**DIAG[../../include/oiTmVNetlist.hpp:287:oiTmVInstTermCL]: Assert "timeLibContext_"
**DIAG[../../include/oiTmVNetlist.hpp:287:oiTmVInstTermCL]: Assert "timeLibContext_"
**DIAG[../../include/oiTmVNetlist.hpp:287:oiTmVInstTermCL]: Assert "timeLibContext_"
**DIAG[../../include/oiTmVNetlist.hpp:287:oiTmVInstTermCL]: Assert "timeLibContext_"
**DIAG[optinfra/oiUtil.cpp:2137:getRiseDelay]: Assert "(ta !=0) && (tlc_ !=0)"
**DIAG[optinfra/oiUtil.cpp:2148:getFallDelay]: Assert "(ta !=0) && (tlc_ !=0)"
**DIAG[optinfra/oiUtil.cpp:2137:getRiseDelay]: Assert "(ta !=0) && (tlc_ !=0)"
**DIAG[optinfra/oiUtil.cpp:2148:getFallDelay]: Assert "(ta !=0) && (tlc_ !=0)"
**DIAG[optinfra/oiUtil.cpp:2137:getRiseDelay]: Assert "(ta !=0) && (tlc_ !=0)"
**DIAG[optinfra/oiUtil.cpp:2148:getFallDelay]: Assert "(ta !=0) && (tlc_ !=0)"
**DIAG[optinfra/oiUtil.cpp:2137:getRiseDelay]: Assert "(ta !=0) && (tlc_ !=0)"
**DIAG[optinfra/oiUtil.cpp:2148:getFallDelay]: Assert "(ta !=0) && (tlc_ !=0)"
**DIAG[optinfra/oiUtil.cpp:2137:getRiseDelay]: Assert "(ta !=0) && (tlc_ !=0)"
**DIAG[optinfra/oiUtil.cpp:2148:getFallDelay]: Assert "(ta !=0) && (tlc_ !=0)"
**DIAG[optinfra/oiUtil.cpp:2137:getRiseDelay]: Assert "(ta !=0) && (tlc_ !=0)"
**DIAG[optinfra/oiUtil.cpp:2148:getFallDelay]: Assert "(ta !=0) && (tlc_ !=0)"
**DIAG[optinfra/oiUtil.cpp:2137:getRiseDelay]: Assert "(ta !=0) && (tlc_ !=0)"
**DIAG[optinfra/oiUtil.cpp:2148:getFallDelay]: Assert "(ta !=0) && (tlc_ !=0)"
**DIAG[optinfra/oiUtil.cpp:2137:getRiseDelay]: Assert "(ta !=0) && (tlc_ !=0)"
**DIAG[optinfra/oiUtil.cpp:2148:getFallDelay]: Assert "(ta !=0) && (tlc_ !=0)"
**DIAG[../../include/oiTmVNetlist.hpp:287:oiTmVInstTermCL]: Assert "timeLibContext_"
**DIAG[../../include/oiTmVNetlist.hpp:287:oiTmVInstTermCL]: Assert "timeLibContext_"
**DIAG[../../include/oiTmVNetlist.hpp:287:oiTmVInstTermCL]: Assert "timeLibContext_"
**DIAG[../../include/oiTmVNetlist.hpp:287:oiTmVInstTermCL]: Assert "timeLibContext_"
**DIAG[../../include/oiTmVNetlist.hpp:287:oiTmVInstTermCL]: Assert "timeLibContext_"
**DIAG[../../include/oiTmVNetlist.hpp:287:oiTmVInstTermCL]: Assert "timeLibContext_"
**DIAG[../../include/oiTmVNetlist.hpp:287:oiTmVInstTermCL]: Assert "timeLibContext_"
**DIAG[../../include/oiTmVNetlist.hpp:287:oiTmVInstTermCL]: Assert "timeLibContext_"
**DIAG[../../include/oiTmVNetlist.hpp:287:oiTmVInstTermCL]: Assert "timeLibContext_"
**DIAG[optinfra/oiUtil.cpp:2137:getRiseDelay]: Assert "(ta !=0) && (tlc_ !=0)"
**DIAG[optinfra/oiUtil.cpp:2148:getFallDelay]: Assert "(ta !=0) && (tlc_ !=0)"
**DIAG[optinfra/oiUtil.cpp:2137:getRiseDelay]: Assert "(ta !=0) && (tlc_ !=0)"
**DIAG[optinfra/oiUtil.cpp:2148:getFallDelay]: Assert "(ta !=0) && (tlc_ !=0)"
**DIAG[optinfra/oiUtil.cpp:2137:getRiseDelay]: Assert "(ta !=0) && (tlc_ !=0)"
**DIAG[optinfra/oiUtil.cpp:2148:getFallDelay]: Assert "(ta !=0) && (tlc_ !=0)"
**DIAG[optinfra/oiUtil.cpp:2137:getRiseDelay]: Assert "(ta !=0) && (tlc_ !=0)"
**DIAG[optinfra/oiUtil.cpp:2148:getFallDelay]: Assert "(ta !=0) && (tlc_ !=0)"
**DIAG[optinfra/oiUtil.cpp:2137:getRiseDelay]: Assert "(ta !=0) && (tlc_ !=0)"
**DIAG[optinfra/oiUtil.cpp:2148:getFallDelay]: Assert "(ta !=0) && (tlc_ !=0)"
**DIAG[optinfra/oiUtil.cpp:2137:getRiseDelay]: Assert "(ta !=0) && (tlc_ !=0)"
**DIAG[optinfra/oiUtil.cpp:2148:getFallDelay]: Assert "(ta !=0) && (tlc_ !=0)"
**DIAG[optinfra/oiUtil.cpp:2137:getRiseDelay]: Assert "(ta !=0) && (tlc_ !=0)"
**DIAG[optinfra/oiUtil.cpp:2148:getFallDelay]: Assert "(ta !=0) && (tlc_ !=0)"
**DIAG[optinfra/oiUtil.cpp:2137:getRiseDelay]: Assert "(ta !=0) && (tlc_ !=0)"
**DIAG[optinfra/oiUtil.cpp:2148:getFallDelay]: Assert "(ta !=0) && (tlc_ !=0)"
**DIAG[../../include/oiTmVNetlist.hpp:287:oiTmVInstTermCL]: Assert "timeLibContext_"
**DIAG[../../include/oiTmVNetlist.hpp:287:oiTmVInstTermCL]: Assert "timeLibContext_"
**DIAG[../../include/oiTmVNetlist.hpp:287:oiTmVInstTermCL]: Assert "timeLibContext_"
**DIAG[../../include/oiTmVNetlist.hpp:287:oiTmVInstTermCL]: Assert "timeLibContext_"
**DIAG[../../include/oiTmVNetlist.hpp:287:oiTmVInstTermCL]: Assert "timeLibContext_"
**DIAG[../../include/oiTmVNetlist.hpp:287:oiTmVInstTermCL]: Assert "timeLibContext_"
**DIAG[../../include/oiTmVNetlist.hpp:287:oiTmVInstTermCL]: Assert "timeLibContext_"
**DIAG[../../include/oiTmVNetlist.hpp:287:oiTmVInstTermCL]: Assert "timeLibContext_"
**DIAG[../../include/oiTmVNetlist.hpp:287:oiTmVInstTermCL]: Assert "timeLibContext_"
**DIAG[optinfra/oiUtil.cpp:2137:getRiseDelay]: Assert "(ta !=0) && (tlc_ !=0)"
**DIAG[optinfra/oiUtil.cpp:2148:getFallDelay]: Assert "(ta !=0) && (tlc_ !=0)"
**DIAG[optinfra/oiUtil.cpp:2137:getRiseDelay]: Assert "(ta !=0) && (tlc_ !=0)"
**DIAG[optinfra/oiUtil.cpp:2148:getFallDelay]: Assert "(ta !=0) && (tlc_ !=0)"
**DIAG[optinfra/oiUtil.cpp:2137:getRiseDelay]: Assert "(ta !=0) && (tlc_ !=0)"
**DIAG[optinfra/oiUtil.cpp:2148:getFallDelay]: Assert "(ta !=0) && (tlc_ !=0)"
**DIAG[optinfra/oiUtil.cpp:2137:getRiseDelay]: Assert "(ta !=0) && (tlc_ !=0)"
**DIAG[optinfra/oiUtil.cpp:2148:getFallDelay]: Assert "(ta !=0) && (tlc_ !=0)"
**DIAG[optinfra/oiUtil.cpp:2137:getRiseDelay]: Assert "(ta !=0) && (tlc_ !=0)"
**DIAG[optinfra/oiUtil.cpp:2148:getFallDelay]: Assert "(ta !=0) && (tlc_ !=0)"
**DIAG[optinfra/oiUtil.cpp:2137:getRiseDelay]: Assert "(ta !=0) && (tlc_ !=0)"
**DIAG[optinfra/oiUtil.cpp:2148:getFallDelay]: Assert "(ta !=0) && (tlc_ !=0)"
**DIAG[optinfra/oiUtil.cpp:2137:getRiseDelay]: Assert "(ta !=0) && (tlc_ !=0)"
**DIAG[optinfra/oiUtil.cpp:2148:getFallDelay]: Assert "(ta !=0) && (tlc_ !=0)"
**DIAG[optinfra/oiUtil.cpp:2137:getRiseDelay]: Assert "(ta !=0) && (tlc_ !=0)"
**DIAG[optinfra/oiUtil.cpp:2148:getFallDelay]: Assert "(ta !=0) && (tlc_ !=0)"
**DIAG[../../include/oiTmVNetlist.hpp:287:oiTmVInstTermCL]: Assert "timeLibContext_"
**DIAG[../../include/oiTmVNetlist.hpp:287:oiTmVInstTermCL]: Assert "timeLibContext_"
**DIAG[../../include/oiTmVNetlist.hpp:287:oiTmVInstTermCL]: Assert "timeLibContext_"
**DIAG[../../include/oiTmVNetlist.hpp:287:oiTmVInstTermCL]: Assert "timeLibContext_"
**DIAG[../../include/oiTmVNetlist.hpp:287:oiTmVInstTermCL]: Assert "timeLibContext_"
**DIAG[../../include/oiTmVNetlist.hpp:287:oiTmVInstTermCL]: Assert "timeLibContext_"
**DIAG[../../include/oiTmVNetlist.hpp:287:oiTmVInstTermCL]: Assert "timeLibContext_"
**DIAG[../../include/oiTmVNetlist.hpp:287:oiTmVInstTermCL]: Assert "timeLibContext_"
**DIAG[../../include/oiTmVNetlist.hpp:287:oiTmVInstTermCL]: Assert "timeLibContext_"
**DIAG[optinfra/oiUtil.cpp:2137:getRiseDelay]: Assert "(ta !=0) && (tlc_ !=0)"
**DIAG[optinfra/oiUtil.cpp:2148:getFallDelay]: Assert "(ta !=0) && (tlc_ !=0)"
**DIAG[optinfra/oiUtil.cpp:2137:getRiseDelay]: Assert "(ta !=0) && (tlc_ !=0)"
**DIAG[optinfra/oiUtil.cpp:2148:getFallDelay]: Assert "(ta !=0) && (tlc_ !=0)"
**DIAG[optinfra/oiUtil.cpp:2137:getRiseDelay]: Assert "(ta !=0) && (tlc_ !=0)"
**DIAG[optinfra/oiUtil.cpp:2148:getFallDelay]: Assert "(ta !=0) && (tlc_ !=0)"
**DIAG[optinfra/oiUtil.cpp:2137:getRiseDelay]: Assert "(ta !=0) && (tlc_ !=0)"
**DIAG[optinfra/oiUtil.cpp:2148:getFallDelay]: Assert "(ta !=0) && (tlc_ !=0)"
**DIAG[optinfra/oiUtil.cpp:2137:getRiseDelay]: Assert "(ta !=0) && (tlc_ !=0)"
**DIAG[optinfra/oiUtil.cpp:2148:getFallDelay]: Assert "(ta !=0) && (tlc_ !=0)"
**DIAG[optinfra/oiUtil.cpp:2137:getRiseDelay]: Assert "(ta !=0) && (tlc_ !=0)"
**DIAG[optinfra/oiUtil.cpp:2148:getFallDelay]: Assert "(ta !=0) && (tlc_ !=0)"
**DIAG[optinfra/oiUtil.cpp:2137:getRiseDelay]: Assert "(ta !=0) && (tlc_ !=0)"
**DIAG[optinfra/oiUtil.cpp:2148:getFallDelay]: Assert "(ta !=0) && (tlc_ !=0)"
**DIAG[optinfra/oiUtil.cpp:2137:getRiseDelay]: Assert "(ta !=0) && (tlc_ !=0)"
**DIAG[optinfra/oiUtil.cpp:2148:getFallDelay]: Assert "(ta !=0) && (tlc_ !=0)"
**DIAG[../../include/oiTmVNetlist.hpp:287:oiTmVInstTermCL]: Assert "timeLibContext_"
**DIAG[../../include/oiTmVNetlist.hpp:287:oiTmVInstTermCL]: Assert "timeLibContext_"
**DIAG[../../include/oiTmVNetlist.hpp:287:oiTmVInstTermCL]: Assert "timeLibContext_"
**DIAG[../../include/oiTmVNetlist.hpp:287:oiTmVInstTermCL]: Assert "timeLibContext_"
**DIAG[../../include/oiTmVNetlist.hpp:287:oiTmVInstTermCL]: Assert "timeLibContext_"
**DIAG[../../include/oiTmVNetlist.hpp:287:oiTmVInstTermCL]: Assert "timeLibContext_"
**DIAG[../../include/oiTmVNetlist.hpp:287:oiTmVInstTermCL]: Assert "timeLibContext_"
**DIAG[../../include/oiTmVNetlist.hpp:287:oiTmVInstTermCL]: Assert "timeLibContext_"
**DIAG[../../include/oiTmVNetlist.hpp:287:oiTmVInstTermCL]: Assert "timeLibContext_"
**DIAG[optinfra/oiUtil.cpp:2137:getRiseDelay]: Assert "(ta !=0) && (tlc_ !=0)"
**DIAG[optinfra/oiUtil.cpp:2148:getFallDelay]: Assert "(ta !=0) && (tlc_ !=0)"
**DIAG[optinfra/oiUtil.cpp:2137:getRiseDelay]: Assert "(ta !=0) && (tlc_ !=0)"
**DIAG[optinfra/oiUtil.cpp:2148:getFallDelay]: Assert "(ta !=0) && (tlc_ !=0)"
**DIAG[optinfra/oiUtil.cpp:2137:getRiseDelay]: Assert "(ta !=0) && (tlc_ !=0)"
**DIAG[optinfra/oiUtil.cpp:2148:getFallDelay]: Assert "(ta !=0) && (tlc_ !=0)"
**DIAG[optinfra/oiUtil.cpp:2137:getRiseDelay]: Assert "(ta !=0) && (tlc_ !=0)"
**DIAG[optinfra/oiUtil.cpp:2148:getFallDelay]: Assert "(ta !=0) && (tlc_ !=0)"
**DIAG[optinfra/oiUtil.cpp:2137:getRiseDelay]: Assert "(ta !=0) && (tlc_ !=0)"
**DIAG[optinfra/oiUtil.cpp:2148:getFallDelay]: Assert "(ta !=0) && (tlc_ !=0)"
**DIAG[optinfra/oiUtil.cpp:2137:getRiseDelay]: Assert "(ta !=0) && (tlc_ !=0)"
**DIAG[optinfra/oiUtil.cpp:2148:getFallDelay]: Assert "(ta !=0) && (tlc_ !=0)"
**DIAG[optinfra/oiUtil.cpp:2137:getRiseDelay]: Assert "(ta !=0) && (tlc_ !=0)"
**DIAG[optinfra/oiUtil.cpp:2148:getFallDelay]: Assert "(ta !=0) && (tlc_ !=0)"
**DIAG[optinfra/oiUtil.cpp:2137:getRiseDelay]: Assert "(ta !=0) && (tlc_ !=0)"
**DIAG[optinfra/oiUtil.cpp:2148:getFallDelay]: Assert "(ta !=0) && (tlc_ !=0)"
**DIAG[../../include/oiTmVNetlist.hpp:287:oiTmVInstTermCL]: Assert "timeLibContext_"
**DIAG[../../include/oiTmVNetlist.hpp:287:oiTmVInstTermCL]: Assert "timeLibContext_"
**DIAG[../../include/oiTmVNetlist.hpp:287:oiTmVInstTermCL]: Assert "timeLibContext_"
**DIAG[../../include/oiTmVNetlist.hpp:287:oiTmVInstTermCL]: Assert "timeLibContext_"
**DIAG[../../include/oiTmVNetlist.hpp:287:oiTmVInstTermCL]: Assert "timeLibContext_"
**DIAG[../../include/oiTmVNetlist.hpp:287:oiTmVInstTermCL]: Assert "timeLibContext_"
**DIAG[../../include/oiTmVNetlist.hpp:287:oiTmVInstTermCL]: Assert "timeLibContext_"
**DIAG[../../include/oiTmVNetlist.hpp:287:oiTmVInstTermCL]: Assert "timeLibContext_"
**DIAG[../../include/oiTmVNetlist.hpp:287:oiTmVInstTermCL]: Assert "timeLibContext_"
**DIAG[optinfra/oiUtil.cpp:2137:getRiseDelay]: Assert "(ta !=0) && (tlc_ !=0)"
**DIAG[optinfra/oiUtil.cpp:2148:getFallDelay]: Assert "(ta !=0) && (tlc_ !=0)"
**DIAG[optinfra/oiUtil.cpp:2137:getRiseDelay]: Assert "(ta !=0) && (tlc_ !=0)"
**DIAG[optinfra/oiUtil.cpp:2148:getFallDelay]: Assert "(ta !=0) && (tlc_ !=0)"
**DIAG[optinfra/oiUtil.cpp:2137:getRiseDelay]: Assert "(ta !=0) && (tlc_ !=0)"
**DIAG[optinfra/oiUtil.cpp:2148:getFallDelay]: Assert "(ta !=0) && (tlc_ !=0)"
**DIAG[optinfra/oiUtil.cpp:2137:getRiseDelay]: Assert "(ta !=0) && (tlc_ !=0)"
**DIAG[optinfra/oiUtil.cpp:2148:getFallDelay]: Assert "(ta !=0) && (tlc_ !=0)"
**DIAG[optinfra/oiUtil.cpp:2137:getRiseDelay]: Assert "(ta !=0) && (tlc_ !=0)"
**DIAG[optinfra/oiUtil.cpp:2148:getFallDelay]: Assert "(ta !=0) && (tlc_ !=0)"
**DIAG[optinfra/oiUtil.cpp:2137:getRiseDelay]: Assert "(ta !=0) && (tlc_ !=0)"
**DIAG[optinfra/oiUtil.cpp:2148:getFallDelay]: Assert "(ta !=0) && (tlc_ !=0)"
**DIAG[optinfra/oiUtil.cpp:2137:getRiseDelay]: Assert "(ta !=0) && (tlc_ !=0)"
**DIAG[optinfra/oiUtil.cpp:2148:getFallDelay]: Assert "(ta !=0) && (tlc_ !=0)"
**DIAG[optinfra/oiUtil.cpp:2137:getRiseDelay]: Assert "(ta !=0) && (tlc_ !=0)"
**DIAG[optinfra/oiUtil.cpp:2148:getFallDelay]: Assert "(ta !=0) && (tlc_ !=0)"
**DIAG[../../include/oiTmVNetlist.hpp:287:oiTmVInstTermCL]: Assert "timeLibContext_"
**DIAG[../../include/oiTmVNetlist.hpp:287:oiTmVInstTermCL]: Assert "timeLibContext_"
**DIAG[../../include/oiTmVNetlist.hpp:287:oiTmVInstTermCL]: Assert "timeLibContext_"
**DIAG[../../include/oiTmVNetlist.hpp:287:oiTmVInstTermCL]: Assert "timeLibContext_"
**DIAG[../../include/oiTmVNetlist.hpp:287:oiTmVInstTermCL]: Assert "timeLibContext_"
**DIAG[../../include/oiTmVNetlist.hpp:287:oiTmVInstTermCL]: Assert "timeLibContext_"
**DIAG[../../include/oiTmVNetlist.hpp:287:oiTmVInstTermCL]: Assert "timeLibContext_"
**DIAG[../../include/oiTmVNetlist.hpp:287:oiTmVInstTermCL]: Assert "timeLibContext_"
**DIAG[../../include/oiTmVNetlist.hpp:287:oiTmVInstTermCL]: Assert "timeLibContext_"
**DIAG[optinfra/oiUtil.cpp:2137:getRiseDelay]: Assert "(ta !=0) && (tlc_ !=0)"
**DIAG[optinfra/oiUtil.cpp:2148:getFallDelay]: Assert "(ta !=0) && (tlc_ !=0)"
**DIAG[optinfra/oiUtil.cpp:2137:getRiseDelay]: Assert "(ta !=0) && (tlc_ !=0)"
**DIAG[optinfra/oiUtil.cpp:2148:getFallDelay]: Assert "(ta !=0) && (tlc_ !=0)"
**DIAG[optinfra/oiUtil.cpp:2137:getRiseDelay]: Assert "(ta !=0) && (tlc_ !=0)"
**DIAG[optinfra/oiUtil.cpp:2148:getFallDelay]: Assert "(ta !=0) && (tlc_ !=0)"
**DIAG[optinfra/oiUtil.cpp:2137:getRiseDelay]: Assert "(ta !=0) && (tlc_ !=0)"
**DIAG[optinfra/oiUtil.cpp:2148:getFallDelay]: Assert "(ta !=0) && (tlc_ !=0)"
**DIAG[optinfra/oiUtil.cpp:2137:getRiseDelay]: Assert "(ta !=0) && (tlc_ !=0)"
**DIAG[optinfra/oiUtil.cpp:2148:getFallDelay]: Assert "(ta !=0) && (tlc_ !=0)"
**DIAG[optinfra/oiUtil.cpp:2137:getRiseDelay]: Assert "(ta !=0) && (tlc_ !=0)"
**DIAG[optinfra/oiUtil.cpp:2148:getFallDelay]: Assert "(ta !=0) && (tlc_ !=0)"
**DIAG[optinfra/oiUtil.cpp:2137:getRiseDelay]: Assert "(ta !=0) && (tlc_ !=0)"
**DIAG[optinfra/oiUtil.cpp:2148:getFallDelay]: Assert "(ta !=0) && (tlc_ !=0)"
**DIAG[optinfra/oiUtil.cpp:2137:getRiseDelay]: Assert "(ta !=0) && (tlc_ !=0)"
**DIAG[optinfra/oiUtil.cpp:2148:getFallDelay]: Assert "(ta !=0) && (tlc_ !=0)"
**DIAG[../../include/oiTmVNetlist.hpp:287:oiTmVInstTermCL]: Assert "timeLibContext_"
**DIAG[../../include/oiTmVNetlist.hpp:287:oiTmVInstTermCL]: Assert "timeLibContext_"
**DIAG[../../include/oiTmVNetlist.hpp:287:oiTmVInstTermCL]: Assert "timeLibContext_"
**DIAG[../../include/oiTmVNetlist.hpp:287:oiTmVInstTermCL]: Assert "timeLibContext_"
**DIAG[../../include/oiTmVNetlist.hpp:287:oiTmVInstTermCL]: Assert "timeLibContext_"
**DIAG[../../include/oiTmVNetlist.hpp:287:oiTmVInstTermCL]: Assert "timeLibContext_"
**DIAG[../../include/oiTmVNetlist.hpp:287:oiTmVInstTermCL]: Assert "timeLibContext_"
**DIAG[../../include/oiTmVNetlist.hpp:287:oiTmVInstTermCL]: Assert "timeLibContext_"
**DIAG[../../include/oiTmVNetlist.hpp:287:oiTmVInstTermCL]: Assert "timeLibContext_"
**DIAG[optinfra/oiUtil.cpp:2137:getRiseDelay]: Assert "(ta !=0) && (tlc_ !=0)"
**DIAG[optinfra/oiUtil.cpp:2148:getFallDelay]: Assert "(ta !=0) && (tlc_ !=0)"
**DIAG[optinfra/oiUtil.cpp:2137:getRiseDelay]: Assert "(ta !=0) && (tlc_ !=0)"
**DIAG[optinfra/oiUtil.cpp:2148:getFallDelay]: Assert "(ta !=0) && (tlc_ !=0)"
**DIAG[optinfra/oiUtil.cpp:2137:getRiseDelay]: Assert "(ta !=0) && (tlc_ !=0)"
**DIAG[optinfra/oiUtil.cpp:2148:getFallDelay]: Assert "(ta !=0) && (tlc_ !=0)"
**DIAG[optinfra/oiUtil.cpp:2137:getRiseDelay]: Assert "(ta !=0) && (tlc_ !=0)"
**DIAG[optinfra/oiUtil.cpp:2148:getFallDelay]: Assert "(ta !=0) && (tlc_ !=0)"
**DIAG[optinfra/oiUtil.cpp:2137:getRiseDelay]: Assert "(ta !=0) && (tlc_ !=0)"
**DIAG[optinfra/oiUtil.cpp:2148:getFallDelay]: Assert "(ta !=0) && (tlc_ !=0)"
**DIAG[optinfra/oiUtil.cpp:2137:getRiseDelay]: Assert "(ta !=0) && (tlc_ !=0)"
**DIAG[optinfra/oiUtil.cpp:2148:getFallDelay]: Assert "(ta !=0) && (tlc_ !=0)"
**DIAG[optinfra/oiUtil.cpp:2137:getRiseDelay]: Assert "(ta !=0) && (tlc_ !=0)"
**DIAG[optinfra/oiUtil.cpp:2148:getFallDelay]: Assert "(ta !=0) && (tlc_ !=0)"
**DIAG[optinfra/oiUtil.cpp:2137:getRiseDelay]: Assert "(ta !=0) && (tlc_ !=0)"
**DIAG[optinfra/oiUtil.cpp:2148:getFallDelay]: Assert "(ta !=0) && (tlc_ !=0)"
**DIAG[../../include/oiTmVNetlist.hpp:287:oiTmVInstTermCL]: Assert "timeLibContext_"
**DIAG[../../include/oiTmVNetlist.hpp:287:oiTmVInstTermCL]: Assert "timeLibContext_"
**DIAG[../../include/oiTmVNetlist.hpp:287:oiTmVInstTermCL]: Assert "timeLibContext_"
**DIAG[../../include/oiTmVNetlist.hpp:287:oiTmVInstTermCL]: Assert "timeLibContext_"
**DIAG[../../include/oiTmVNetlist.hpp:287:oiTmVInstTermCL]: Assert "timeLibContext_"
**DIAG[../../include/oiTmVNetlist.hpp:287:oiTmVInstTermCL]: Assert "timeLibContext_"
**DIAG[../../include/oiTmVNetlist.hpp:287:oiTmVInstTermCL]: Assert "timeLibContext_"
**DIAG[../../include/oiTmVNetlist.hpp:287:oiTmVInstTermCL]: Assert "timeLibContext_"
**DIAG[../../include/oiTmVNetlist.hpp:287:oiTmVInstTermCL]: Assert "timeLibContext_"
**DIAG[optinfra/oiUtil.cpp:2137:getRiseDelay]: Assert "(ta !=0) && (tlc_ !=0)"
**DIAG[optinfra/oiUtil.cpp:2148:getFallDelay]: Assert "(ta !=0) && (tlc_ !=0)"
**DIAG[optinfra/oiUtil.cpp:2137:getRiseDelay]: Assert "(ta !=0) && (tlc_ !=0)"
**DIAG[optinfra/oiUtil.cpp:2148:getFallDelay]: Assert "(ta !=0) && (tlc_ !=0)"
**DIAG[optinfra/oiUtil.cpp:2137:getRiseDelay]: Assert "(ta !=0) && (tlc_ !=0)"
**DIAG[optinfra/oiUtil.cpp:2148:getFallDelay]: Assert "(ta !=0) && (tlc_ !=0)"
**DIAG[optinfra/oiUtil.cpp:2137:getRiseDelay]: Assert "(ta !=0) && (tlc_ !=0)"
**DIAG[optinfra/oiUtil.cpp:2148:getFallDelay]: Assert "(ta !=0) && (tlc_ !=0)"
**DIAG[optinfra/oiUtil.cpp:2137:getRiseDelay]: Assert "(ta !=0) && (tlc_ !=0)"
**DIAG[optinfra/oiUtil.cpp:2148:getFallDelay]: Assert "(ta !=0) && (tlc_ !=0)"
**DIAG[optinfra/oiUtil.cpp:2137:getRiseDelay]: Assert "(ta !=0) && (tlc_ !=0)"
**DIAG[optinfra/oiUtil.cpp:2148:getFallDelay]: Assert "(ta !=0) && (tlc_ !=0)"
**DIAG[optinfra/oiUtil.cpp:2137:getRiseDelay]: Assert "(ta !=0) && (tlc_ !=0)"
**DIAG[optinfra/oiUtil.cpp:2148:getFallDelay]: Assert "(ta !=0) && (tlc_ !=0)"
**DIAG[optinfra/oiUtil.cpp:2137:getRiseDelay]: Assert "(ta !=0) && (tlc_ !=0)"
**DIAG[optinfra/oiUtil.cpp:2148:getFallDelay]: Assert "(ta !=0) && (tlc_ !=0)"
**DIAG[../../include/oiTmVNetlist.hpp:287:oiTmVInstTermCL]: Assert "timeLibContext_"
**DIAG[../../include/oiTmVNetlist.hpp:287:oiTmVInstTermCL]: Assert "timeLibContext_"
**DIAG[../../include/oiTmVNetlist.hpp:287:oiTmVInstTermCL]: Assert "timeLibContext_"
**DIAG[../../include/oiTmVNetlist.hpp:287:oiTmVInstTermCL]: Assert "timeLibContext_"
**DIAG[../../include/oiTmVNetlist.hpp:287:oiTmVInstTermCL]: Assert "timeLibContext_"
**DIAG[../../include/oiTmVNetlist.hpp:287:oiTmVInstTermCL]: Assert "timeLibContext_"
**DIAG[../../include/oiTmVNetlist.hpp:287:oiTmVInstTermCL]: Assert "timeLibContext_"
**DIAG[../../include/oiTmVNetlist.hpp:287:oiTmVInstTermCL]: Assert "timeLibContext_"
**DIAG[../../include/oiTmVNetlist.hpp:287:oiTmVInstTermCL]: Assert "timeLibContext_"
**DIAG[optinfra/oiUtil.cpp:2137:getRiseDelay]: Assert "(ta !=0) && (tlc_ !=0)"
**DIAG[optinfra/oiUtil.cpp:2148:getFallDelay]: Assert "(ta !=0) && (tlc_ !=0)"
**DIAG[optinfra/oiUtil.cpp:2137:getRiseDelay]: Assert "(ta !=0) && (tlc_ !=0)"
**DIAG[optinfra/oiUtil.cpp:2148:getFallDelay]: Assert "(ta !=0) && (tlc_ !=0)"
**DIAG[optinfra/oiUtil.cpp:2137:getRiseDelay]: Assert "(ta !=0) && (tlc_ !=0)"
**DIAG[optinfra/oiUtil.cpp:2148:getFallDelay]: Assert "(ta !=0) && (tlc_ !=0)"
**DIAG[optinfra/oiUtil.cpp:2137:getRiseDelay]: Assert "(ta !=0) && (tlc_ !=0)"
**DIAG[optinfra/oiUtil.cpp:2148:getFallDelay]: Assert "(ta !=0) && (tlc_ !=0)"
**DIAG[optinfra/oiUtil.cpp:2137:getRiseDelay]: Assert "(ta !=0) && (tlc_ !=0)"
**DIAG[optinfra/oiUtil.cpp:2148:getFallDelay]: Assert "(ta !=0) && (tlc_ !=0)"
**DIAG[optinfra/oiUtil.cpp:2137:getRiseDelay]: Assert "(ta !=0) && (tlc_ !=0)"
**DIAG[optinfra/oiUtil.cpp:2148:getFallDelay]: Assert "(ta !=0) && (tlc_ !=0)"
**DIAG[optinfra/oiUtil.cpp:2137:getRiseDelay]: Assert "(ta !=0) && (tlc_ !=0)"
**DIAG[optinfra/oiUtil.cpp:2148:getFallDelay]: Assert "(ta !=0) && (tlc_ !=0)"
**DIAG[optinfra/oiUtil.cpp:2137:getRiseDelay]: Assert "(ta !=0) && (tlc_ !=0)"
**DIAG[optinfra/oiUtil.cpp:2148:getFallDelay]: Assert "(ta !=0) && (tlc_ !=0)"
**DIAG[../../include/oiTmVNetlist.hpp:287:oiTmVInstTermCL]: Assert "timeLibContext_"
**DIAG[../../include/oiTmVNetlist.hpp:287:oiTmVInstTermCL]: Assert "timeLibContext_"
**DIAG[../../include/oiTmVNetlist.hpp:287:oiTmVInstTermCL]: Assert "timeLibContext_"
**DIAG[../../include/oiTmVNetlist.hpp:287:oiTmVInstTermCL]: Assert "timeLibContext_"
**DIAG[../../include/oiTmVNetlist.hpp:287:oiTmVInstTermCL]: Assert "timeLibContext_"
**DIAG[../../include/oiTmVNetlist.hpp:287:oiTmVInstTermCL]: Assert "timeLibContext_"
**DIAG[../../include/oiTmVNetlist.hpp:287:oiTmVInstTermCL]: Assert "timeLibContext_"
**DIAG[../../include/oiTmVNetlist.hpp:287:oiTmVInstTermCL]: Assert "timeLibContext_"
**DIAG[../../include/oiTmVNetlist.hpp:287:oiTmVInstTermCL]: Assert "timeLibContext_"
**DIAG[optinfra/oiUtil.cpp:2137:getRiseDelay]: Assert "(ta !=0) && (tlc_ !=0)"
**DIAG[optinfra/oiUtil.cpp:2148:getFallDelay]: Assert "(ta !=0) && (tlc_ !=0)"
**DIAG[optinfra/oiUtil.cpp:2137:getRiseDelay]: Assert "(ta !=0) && (tlc_ !=0)"
**DIAG[optinfra/oiUtil.cpp:2148:getFallDelay]: Assert "(ta !=0) && (tlc_ !=0)"
**DIAG[optinfra/oiUtil.cpp:2137:getRiseDelay]: Assert "(ta !=0) && (tlc_ !=0)"
**DIAG[optinfra/oiUtil.cpp:2148:getFallDelay]: Assert "(ta !=0) && (tlc_ !=0)"
**DIAG[optinfra/oiUtil.cpp:2137:getRiseDelay]: Assert "(ta !=0) && (tlc_ !=0)"
**DIAG[optinfra/oiUtil.cpp:2148:getFallDelay]: Assert "(ta !=0) && (tlc_ !=0)"
**DIAG[optinfra/oiUtil.cpp:2137:getRiseDelay]: Assert "(ta !=0) && (tlc_ !=0)"
**DIAG[optinfra/oiUtil.cpp:2148:getFallDelay]: Assert "(ta !=0) && (tlc_ !=0)"
**DIAG[optinfra/oiUtil.cpp:2137:getRiseDelay]: Assert "(ta !=0) && (tlc_ !=0)"
**DIAG[optinfra/oiUtil.cpp:2148:getFallDelay]: Assert "(ta !=0) && (tlc_ !=0)"
**DIAG[optinfra/oiUtil.cpp:2137:getRiseDelay]: Assert "(ta !=0) && (tlc_ !=0)"
**DIAG[optinfra/oiUtil.cpp:2148:getFallDelay]: Assert "(ta !=0) && (tlc_ !=0)"
**DIAG[optinfra/oiUtil.cpp:2137:getRiseDelay]: Assert "(ta !=0) && (tlc_ !=0)"
**DIAG[optinfra/oiUtil.cpp:2148:getFallDelay]: Assert "(ta !=0) && (tlc_ !=0)"
**DIAG[../../include/oiTmVNetlist.hpp:287:oiTmVInstTermCL]: Assert "timeLibContext_"
**DIAG[../../include/oiTmVNetlist.hpp:287:oiTmVInstTermCL]: Assert "timeLibContext_"
**DIAG[../../include/oiTmVNetlist.hpp:287:oiTmVInstTermCL]: Assert "timeLibContext_"
**DIAG[../../include/oiTmVNetlist.hpp:287:oiTmVInstTermCL]: Assert "timeLibContext_"
**DIAG[../../include/oiTmVNetlist.hpp:287:oiTmVInstTermCL]: Assert "timeLibContext_"
**DIAG[../../include/oiTmVNetlist.hpp:287:oiTmVInstTermCL]: Assert "timeLibContext_"
**DIAG[../../include/oiTmVNetlist.hpp:287:oiTmVInstTermCL]: Assert "timeLibContext_"
**DIAG[../../include/oiTmVNetlist.hpp:287:oiTmVInstTermCL]: Assert "timeLibContext_"
**DIAG[../../include/oiTmVNetlist.hpp:287:oiTmVInstTermCL]: Assert "timeLibContext_"
**DIAG[optinfra/oiUtil.cpp:2137:getRiseDelay]: Assert "(ta !=0) && (tlc_ !=0)"
**DIAG[optinfra/oiUtil.cpp:2148:getFallDelay]: Assert "(ta !=0) && (tlc_ !=0)"
**DIAG[optinfra/oiUtil.cpp:2137:getRiseDelay]: Assert "(ta !=0) && (tlc_ !=0)"
**DIAG[optinfra/oiUtil.cpp:2148:getFallDelay]: Assert "(ta !=0) && (tlc_ !=0)"
**DIAG[optinfra/oiUtil.cpp:2137:getRiseDelay]: Assert "(ta !=0) && (tlc_ !=0)"
**DIAG[optinfra/oiUtil.cpp:2148:getFallDelay]: Assert "(ta !=0) && (tlc_ !=0)"
**DIAG[optinfra/oiUtil.cpp:2137:getRiseDelay]: Assert "(ta !=0) && (tlc_ !=0)"
**DIAG[optinfra/oiUtil.cpp:2148:getFallDelay]: Assert "(ta !=0) && (tlc_ !=0)"
**DIAG[optinfra/oiUtil.cpp:2137:getRiseDelay]: Assert "(ta !=0) && (tlc_ !=0)"
**DIAG[optinfra/oiUtil.cpp:2148:getFallDelay]: Assert "(ta !=0) && (tlc_ !=0)"
**DIAG[optinfra/oiUtil.cpp:2137:getRiseDelay]: Assert "(ta !=0) && (tlc_ !=0)"
**DIAG[optinfra/oiUtil.cpp:2148:getFallDelay]: Assert "(ta !=0) && (tlc_ !=0)"
**DIAG[optinfra/oiUtil.cpp:2137:getRiseDelay]: Assert "(ta !=0) && (tlc_ !=0)"
**DIAG[optinfra/oiUtil.cpp:2148:getFallDelay]: Assert "(ta !=0) && (tlc_ !=0)"
**DIAG[optinfra/oiUtil.cpp:2137:getRiseDelay]: Assert "(ta !=0) && (tlc_ !=0)"
**DIAG[optinfra/oiUtil.cpp:2148:getFallDelay]: Assert "(ta !=0) && (tlc_ !=0)"
**DIAG[../../include/oiTmVNetlist.hpp:287:oiTmVInstTermCL]: Assert "timeLibContext_"
**DIAG[../../include/oiTmVNetlist.hpp:287:oiTmVInstTermCL]: Assert "timeLibContext_"
**DIAG[../../include/oiTmVNetlist.hpp:287:oiTmVInstTermCL]: Assert "timeLibContext_"
**DIAG[../../include/oiTmVNetlist.hpp:287:oiTmVInstTermCL]: Assert "timeLibContext_"
**DIAG[../../include/oiTmVNetlist.hpp:287:oiTmVInstTermCL]: Assert "timeLibContext_"
**DIAG[../../include/oiTmVNetlist.hpp:287:oiTmVInstTermCL]: Assert "timeLibContext_"
**DIAG[../../include/oiTmVNetlist.hpp:287:oiTmVInstTermCL]: Assert "timeLibContext_"
**DIAG[../../include/oiTmVNetlist.hpp:287:oiTmVInstTermCL]: Assert "timeLibContext_"
**DIAG[../../include/oiTmVNetlist.hpp:287:oiTmVInstTermCL]: Assert "timeLibContext_"
**DIAG[optinfra/oiUtil.cpp:2137:getRiseDelay]: Assert "(ta !=0) && (tlc_ !=0)"
**DIAG[optinfra/oiUtil.cpp:2148:getFallDelay]: Assert "(ta !=0) && (tlc_ !=0)"
**DIAG[optinfra/oiUtil.cpp:2137:getRiseDelay]: Assert "(ta !=0) && (tlc_ !=0)"
**DIAG[optinfra/oiUtil.cpp:2148:getFallDelay]: Assert "(ta !=0) && (tlc_ !=0)"
**DIAG[optinfra/oiUtil.cpp:2137:getRiseDelay]: Assert "(ta !=0) && (tlc_ !=0)"
**DIAG[optinfra/oiUtil.cpp:2148:getFallDelay]: Assert "(ta !=0) && (tlc_ !=0)"
**DIAG[optinfra/oiUtil.cpp:2137:getRiseDelay]: Assert "(ta !=0) && (tlc_ !=0)"
**DIAG[optinfra/oiUtil.cpp:2148:getFallDelay]: Assert "(ta !=0) && (tlc_ !=0)"
**DIAG[optinfra/oiUtil.cpp:2137:getRiseDelay]: Assert "(ta !=0) && (tlc_ !=0)"
**DIAG[optinfra/oiUtil.cpp:2148:getFallDelay]: Assert "(ta !=0) && (tlc_ !=0)"
**DIAG[optinfra/oiUtil.cpp:2137:getRiseDelay]: Assert "(ta !=0) && (tlc_ !=0)"
**DIAG[optinfra/oiUtil.cpp:2148:getFallDelay]: Assert "(ta !=0) && (tlc_ !=0)"
**DIAG[optinfra/oiUtil.cpp:2137:getRiseDelay]: Assert "(ta !=0) && (tlc_ !=0)"
**DIAG[optinfra/oiUtil.cpp:2148:getFallDelay]: Assert "(ta !=0) && (tlc_ !=0)"
**DIAG[optinfra/oiUtil.cpp:2137:getRiseDelay]: Assert "(ta !=0) && (tlc_ !=0)"
**DIAG[optinfra/oiUtil.cpp:2148:getFallDelay]: Assert "(ta !=0) && (tlc_ !=0)"
**DIAG[../../include/oiTmVNetlist.hpp:287:oiTmVInstTermCL]: Assert "timeLibContext_"
**DIAG[../../include/oiTmVNetlist.hpp:287:oiTmVInstTermCL]: Assert "timeLibContext_"
**DIAG[../../include/oiTmVNetlist.hpp:287:oiTmVInstTermCL]: Assert "timeLibContext_"
**DIAG[../../include/oiTmVNetlist.hpp:287:oiTmVInstTermCL]: Assert "timeLibContext_"
**DIAG[../../include/oiTmVNetlist.hpp:287:oiTmVInstTermCL]: Assert "timeLibContext_"
**DIAG[../../include/oiTmVNetlist.hpp:287:oiTmVInstTermCL]: Assert "timeLibContext_"
**DIAG[../../include/oiTmVNetlist.hpp:287:oiTmVInstTermCL]: Assert "timeLibContext_"
**DIAG[../../include/oiTmVNetlist.hpp:287:oiTmVInstTermCL]: Assert "timeLibContext_"
**DIAG[../../include/oiTmVNetlist.hpp:287:oiTmVInstTermCL]: Assert "timeLibContext_"
**DIAG[optinfra/oiUtil.cpp:2137:getRiseDelay]: Assert "(ta !=0) && (tlc_ !=0)"
**DIAG[optinfra/oiUtil.cpp:2148:getFallDelay]: Assert "(ta !=0) && (tlc_ !=0)"
**DIAG[optinfra/oiUtil.cpp:2137:getRiseDelay]: Assert "(ta !=0) && (tlc_ !=0)"
**DIAG[optinfra/oiUtil.cpp:2148:getFallDelay]: Assert "(ta !=0) && (tlc_ !=0)"
**DIAG[optinfra/oiUtil.cpp:2137:getRiseDelay]: Assert "(ta !=0) && (tlc_ !=0)"
**DIAG[optinfra/oiUtil.cpp:2148:getFallDelay]: Assert "(ta !=0) && (tlc_ !=0)"
**DIAG[optinfra/oiUtil.cpp:2137:getRiseDelay]: Assert "(ta !=0) && (tlc_ !=0)"
**DIAG[optinfra/oiUtil.cpp:2148:getFallDelay]: Assert "(ta !=0) && (tlc_ !=0)"
**DIAG[optinfra/oiUtil.cpp:2137:getRiseDelay]: Assert "(ta !=0) && (tlc_ !=0)"
**DIAG[optinfra/oiUtil.cpp:2148:getFallDelay]: Assert "(ta !=0) && (tlc_ !=0)"
**DIAG[optinfra/oiUtil.cpp:2137:getRiseDelay]: Assert "(ta !=0) && (tlc_ !=0)"
**DIAG[optinfra/oiUtil.cpp:2148:getFallDelay]: Assert "(ta !=0) && (tlc_ !=0)"
**DIAG[optinfra/oiUtil.cpp:2137:getRiseDelay]: Assert "(ta !=0) && (tlc_ !=0)"
**DIAG[optinfra/oiUtil.cpp:2148:getFallDelay]: Assert "(ta !=0) && (tlc_ !=0)"
**DIAG[optinfra/oiUtil.cpp:2137:getRiseDelay]: Assert "(ta !=0) && (tlc_ !=0)"
**DIAG[optinfra/oiUtil.cpp:2148:getFallDelay]: Assert "(ta !=0) && (tlc_ !=0)"
**DIAG[../../include/oiTmVNetlist.hpp:287:oiTmVInstTermCL]: Assert "timeLibContext_"
**DIAG[../../include/oiTmVNetlist.hpp:287:oiTmVInstTermCL]: Assert "timeLibContext_"
**DIAG[../../include/oiTmVNetlist.hpp:287:oiTmVInstTermCL]: Assert "timeLibContext_"
**DIAG[../../include/oiTmVNetlist.hpp:287:oiTmVInstTermCL]: Assert "timeLibContext_"
**DIAG[../../include/oiTmVNetlist.hpp:287:oiTmVInstTermCL]: Assert "timeLibContext_"
**DIAG[../../include/oiTmVNetlist.hpp:287:oiTmVInstTermCL]: Assert "timeLibContext_"
**DIAG[../../include/oiTmVNetlist.hpp:287:oiTmVInstTermCL]: Assert "timeLibContext_"
**DIAG[../../include/oiTmVNetlist.hpp:287:oiTmVInstTermCL]: Assert "timeLibContext_"
**DIAG[../../include/oiTmVNetlist.hpp:287:oiTmVInstTermCL]: Assert "timeLibContext_"
**DIAG[optinfra/oiUtil.cpp:2137:getRiseDelay]: Assert "(ta !=0) && (tlc_ !=0)"
**DIAG[optinfra/oiUtil.cpp:2148:getFallDelay]: Assert "(ta !=0) && (tlc_ !=0)"
**DIAG[optinfra/oiUtil.cpp:2137:getRiseDelay]: Assert "(ta !=0) && (tlc_ !=0)"
**DIAG[optinfra/oiUtil.cpp:2148:getFallDelay]: Assert "(ta !=0) && (tlc_ !=0)"
**DIAG[optinfra/oiUtil.cpp:2137:getRiseDelay]: Assert "(ta !=0) && (tlc_ !=0)"
**DIAG[optinfra/oiUtil.cpp:2148:getFallDelay]: Assert "(ta !=0) && (tlc_ !=0)"
**DIAG[optinfra/oiUtil.cpp:2137:getRiseDelay]: Assert "(ta !=0) && (tlc_ !=0)"
**DIAG[optinfra/oiUtil.cpp:2148:getFallDelay]: Assert "(ta !=0) && (tlc_ !=0)"
**DIAG[optinfra/oiUtil.cpp:2137:getRiseDelay]: Assert "(ta !=0) && (tlc_ !=0)"
**DIAG[optinfra/oiUtil.cpp:2148:getFallDelay]: Assert "(ta !=0) && (tlc_ !=0)"
**DIAG[optinfra/oiUtil.cpp:2137:getRiseDelay]: Assert "(ta !=0) && (tlc_ !=0)"
**DIAG[optinfra/oiUtil.cpp:2148:getFallDelay]: Assert "(ta !=0) && (tlc_ !=0)"
**DIAG[optinfra/oiUtil.cpp:2137:getRiseDelay]: Assert "(ta !=0) && (tlc_ !=0)"
**DIAG[optinfra/oiUtil.cpp:2148:getFallDelay]: Assert "(ta !=0) && (tlc_ !=0)"
**DIAG[optinfra/oiUtil.cpp:2137:getRiseDelay]: Assert "(ta !=0) && (tlc_ !=0)"
**DIAG[optinfra/oiUtil.cpp:2148:getFallDelay]: Assert "(ta !=0) && (tlc_ !=0)"
**DIAG[../../include/oiTmVNetlist.hpp:287:oiTmVInstTermCL]: Assert "timeLibContext_"
**DIAG[../../include/oiTmVNetlist.hpp:287:oiTmVInstTermCL]: Assert "timeLibContext_"
**DIAG[../../include/oiTmVNetlist.hpp:287:oiTmVInstTermCL]: Assert "timeLibContext_"
**DIAG[../../include/oiTmVNetlist.hpp:287:oiTmVInstTermCL]: Assert "timeLibContext_"
**DIAG[../../include/oiTmVNetlist.hpp:287:oiTmVInstTermCL]: Assert "timeLibContext_"
**DIAG[../../include/oiTmVNetlist.hpp:287:oiTmVInstTermCL]: Assert "timeLibContext_"
**DIAG[../../include/oiTmVNetlist.hpp:287:oiTmVInstTermCL]: Assert "timeLibContext_"
**DIAG[../../include/oiTmVNetlist.hpp:287:oiTmVInstTermCL]: Assert "timeLibContext_"
**DIAG[../../include/oiTmVNetlist.hpp:287:oiTmVInstTermCL]: Assert "timeLibContext_"
**DIAG[../../include/oiTmVNetlist.hpp:287:oiTmVInstTermCL]: Assert "timeLibContext_"
**DIAG[../../include/oiTmVNetlist.hpp:287:oiTmVInstTermCL]: Assert "timeLibContext_"
**DIAG[optinfra/oiUtil.cpp:2137:getRiseDelay]: Assert "(ta !=0) && (tlc_ !=0)"
**DIAG[optinfra/oiUtil.cpp:2148:getFallDelay]: Assert "(ta !=0) && (tlc_ !=0)"
**DIAG[optinfra/oiUtil.cpp:2137:getRiseDelay]: Assert "(ta !=0) && (tlc_ !=0)"
**DIAG[optinfra/oiUtil.cpp:2148:getFallDelay]: Assert "(ta !=0) && (tlc_ !=0)"
**DIAG[optinfra/oiUtil.cpp:2137:getRiseDelay]: Assert "(ta !=0) && (tlc_ !=0)"
**DIAG[optinfra/oiUtil.cpp:2148:getFallDelay]: Assert "(ta !=0) && (tlc_ !=0)"
**DIAG[optinfra/oiUtil.cpp:2137:getRiseDelay]: Assert "(ta !=0) && (tlc_ !=0)"
**DIAG[optinfra/oiUtil.cpp:2148:getFallDelay]: Assert "(ta !=0) && (tlc_ !=0)"
**DIAG[optinfra/oiUtil.cpp:2137:getRiseDelay]: Assert "(ta !=0) && (tlc_ !=0)"
**DIAG[optinfra/oiUtil.cpp:2148:getFallDelay]: Assert "(ta !=0) && (tlc_ !=0)"
**DIAG[optinfra/oiUtil.cpp:2137:getRiseDelay]: Assert "(ta !=0) && (tlc_ !=0)"
**DIAG[optinfra/oiUtil.cpp:2148:getFallDelay]: Assert "(ta !=0) && (tlc_ !=0)"
**DIAG[optinfra/oiUtil.cpp:2137:getRiseDelay]: Assert "(ta !=0) && (tlc_ !=0)"
**DIAG[optinfra/oiUtil.cpp:2148:getFallDelay]: Assert "(ta !=0) && (tlc_ !=0)"
**DIAG[optinfra/oiUtil.cpp:2137:getRiseDelay]: Assert "(ta !=0) && (tlc_ !=0)"
**DIAG[optinfra/oiUtil.cpp:2148:getFallDelay]: Assert "(ta !=0) && (tlc_ !=0)"
**DIAG[optinfra/oiUtil.cpp:2137:getRiseDelay]: Assert "(ta !=0) && (tlc_ !=0)"
**DIAG[optinfra/oiUtil.cpp:2148:getFallDelay]: Assert "(ta !=0) && (tlc_ !=0)"
**DIAG[optinfra/oiUtil.cpp:2137:getRiseDelay]: Assert "(ta !=0) && (tlc_ !=0)"
**DIAG[optinfra/oiUtil.cpp:2148:getFallDelay]: Assert "(ta !=0) && (tlc_ !=0)"
**DIAG[../../include/oiTmVNetlist.hpp:287:oiTmVInstTermCL]: Assert "timeLibContext_"
**DIAG[../../include/oiTmVNetlist.hpp:287:oiTmVInstTermCL]: Assert "timeLibContext_"
**DIAG[../../include/oiTmVNetlist.hpp:287:oiTmVInstTermCL]: Assert "timeLibContext_"
**DIAG[../../include/oiTmVNetlist.hpp:287:oiTmVInstTermCL]: Assert "timeLibContext_"
**DIAG[../../include/oiTmVNetlist.hpp:287:oiTmVInstTermCL]: Assert "timeLibContext_"
**DIAG[../../include/oiTmVNetlist.hpp:287:oiTmVInstTermCL]: Assert "timeLibContext_"
**DIAG[../../include/oiTmVNetlist.hpp:287:oiTmVInstTermCL]: Assert "timeLibContext_"
**DIAG[../../include/oiTmVNetlist.hpp:287:oiTmVInstTermCL]: Assert "timeLibContext_"
**DIAG[../../include/oiTmVNetlist.hpp:287:oiTmVInstTermCL]: Assert "timeLibContext_"
**DIAG[../../include/oiTmVNetlist.hpp:287:oiTmVInstTermCL]: Assert "timeLibContext_"
**DIAG[../../include/oiTmVNetlist.hpp:287:oiTmVInstTermCL]: Assert "timeLibContext_"
**DIAG[optinfra/oiUtil.cpp:2137:getRiseDelay]: Assert "(ta !=0) && (tlc_ !=0)"
**DIAG[optinfra/oiUtil.cpp:2148:getFallDelay]: Assert "(ta !=0) && (tlc_ !=0)"
**DIAG[optinfra/oiUtil.cpp:2137:getRiseDelay]: Assert "(ta !=0) && (tlc_ !=0)"
**DIAG[optinfra/oiUtil.cpp:2148:getFallDelay]: Assert "(ta !=0) && (tlc_ !=0)"
**DIAG[optinfra/oiUtil.cpp:2137:getRiseDelay]: Assert "(ta !=0) && (tlc_ !=0)"
**DIAG[optinfra/oiUtil.cpp:2148:getFallDelay]: Assert "(ta !=0) && (tlc_ !=0)"
**DIAG[optinfra/oiUtil.cpp:2137:getRiseDelay]: Assert "(ta !=0) && (tlc_ !=0)"
**DIAG[optinfra/oiUtil.cpp:2148:getFallDelay]: Assert "(ta !=0) && (tlc_ !=0)"
**DIAG[optinfra/oiUtil.cpp:2137:getRiseDelay]: Assert "(ta !=0) && (tlc_ !=0)"
**DIAG[optinfra/oiUtil.cpp:2148:getFallDelay]: Assert "(ta !=0) && (tlc_ !=0)"
**DIAG[optinfra/oiUtil.cpp:2137:getRiseDelay]: Assert "(ta !=0) && (tlc_ !=0)"
**DIAG[optinfra/oiUtil.cpp:2148:getFallDelay]: Assert "(ta !=0) && (tlc_ !=0)"
**DIAG[optinfra/oiUtil.cpp:2137:getRiseDelay]: Assert "(ta !=0) && (tlc_ !=0)"
**DIAG[optinfra/oiUtil.cpp:2148:getFallDelay]: Assert "(ta !=0) && (tlc_ !=0)"
**DIAG[optinfra/oiUtil.cpp:2137:getRiseDelay]: Assert "(ta !=0) && (tlc_ !=0)"
**DIAG[optinfra/oiUtil.cpp:2148:getFallDelay]: Assert "(ta !=0) && (tlc_ !=0)"
**DIAG[optinfra/oiUtil.cpp:2137:getRiseDelay]: Assert "(ta !=0) && (tlc_ !=0)"
**DIAG[optinfra/oiUtil.cpp:2148:getFallDelay]: Assert "(ta !=0) && (tlc_ !=0)"
**DIAG[optinfra/oiUtil.cpp:2137:getRiseDelay]: Assert "(ta !=0) && (tlc_ !=0)"
**DIAG[optinfra/oiUtil.cpp:2148:getFallDelay]: Assert "(ta !=0) && (tlc_ !=0)"
**DIAG[../../include/oiTmVNetlist.hpp:287:oiTmVInstTermCL]: Assert "timeLibContext_"
**DIAG[../../include/oiTmVNetlist.hpp:287:oiTmVInstTermCL]: Assert "timeLibContext_"
**DIAG[../../include/oiTmVNetlist.hpp:287:oiTmVInstTermCL]: Assert "timeLibContext_"
**DIAG[../../include/oiTmVNetlist.hpp:287:oiTmVInstTermCL]: Assert "timeLibContext_"
**DIAG[../../include/oiTmVNetlist.hpp:287:oiTmVInstTermCL]: Assert "timeLibContext_"
**DIAG[../../include/oiTmVNetlist.hpp:287:oiTmVInstTermCL]: Assert "timeLibContext_"
**DIAG[../../include/oiTmVNetlist.hpp:287:oiTmVInstTermCL]: Assert "timeLibContext_"
**DIAG[../../include/oiTmVNetlist.hpp:287:oiTmVInstTermCL]: Assert "timeLibContext_"
**DIAG[../../include/oiTmVNetlist.hpp:287:oiTmVInstTermCL]: Assert "timeLibContext_"
**DIAG[../../include/oiTmVNetlist.hpp:287:oiTmVInstTermCL]: Assert "timeLibContext_"
**DIAG[../../include/oiTmVNetlist.hpp:287:oiTmVInstTermCL]: Assert "timeLibContext_"
**DIAG[optinfra/oiUtil.cpp:2137:getRiseDelay]: Assert "(ta !=0) && (tlc_ !=0)"
**DIAG[optinfra/oiUtil.cpp:2148:getFallDelay]: Assert "(ta !=0) && (tlc_ !=0)"
**DIAG[optinfra/oiUtil.cpp:2137:getRiseDelay]: Assert "(ta !=0) && (tlc_ !=0)"
**DIAG[optinfra/oiUtil.cpp:2148:getFallDelay]: Assert "(ta !=0) && (tlc_ !=0)"
**DIAG[optinfra/oiUtil.cpp:2137:getRiseDelay]: Assert "(ta !=0) && (tlc_ !=0)"
**DIAG[optinfra/oiUtil.cpp:2148:getFallDelay]: Assert "(ta !=0) && (tlc_ !=0)"
**DIAG[optinfra/oiUtil.cpp:2137:getRiseDelay]: Assert "(ta !=0) && (tlc_ !=0)"
**DIAG[optinfra/oiUtil.cpp:2148:getFallDelay]: Assert "(ta !=0) && (tlc_ !=0)"
**DIAG[optinfra/oiUtil.cpp:2137:getRiseDelay]: Assert "(ta !=0) && (tlc_ !=0)"
**DIAG[optinfra/oiUtil.cpp:2148:getFallDelay]: Assert "(ta !=0) && (tlc_ !=0)"
**DIAG[optinfra/oiUtil.cpp:2137:getRiseDelay]: Assert "(ta !=0) && (tlc_ !=0)"
**DIAG[optinfra/oiUtil.cpp:2148:getFallDelay]: Assert "(ta !=0) && (tlc_ !=0)"
**DIAG[optinfra/oiUtil.cpp:2137:getRiseDelay]: Assert "(ta !=0) && (tlc_ !=0)"
**DIAG[optinfra/oiUtil.cpp:2148:getFallDelay]: Assert "(ta !=0) && (tlc_ !=0)"
**DIAG[optinfra/oiUtil.cpp:2137:getRiseDelay]: Assert "(ta !=0) && (tlc_ !=0)"
**DIAG[optinfra/oiUtil.cpp:2148:getFallDelay]: Assert "(ta !=0) && (tlc_ !=0)"
**DIAG[optinfra/oiUtil.cpp:2137:getRiseDelay]: Assert "(ta !=0) && (tlc_ !=0)"
**DIAG[optinfra/oiUtil.cpp:2148:getFallDelay]: Assert "(ta !=0) && (tlc_ !=0)"
**DIAG[optinfra/oiUtil.cpp:2137:getRiseDelay]: Assert "(ta !=0) && (tlc_ !=0)"
**DIAG[optinfra/oiUtil.cpp:2148:getFallDelay]: Assert "(ta !=0) && (tlc_ !=0)"
**DIAG[../../include/oiTmVNetlist.hpp:287:oiTmVInstTermCL]: Assert "timeLibContext_"
**DIAG[../../include/oiTmVNetlist.hpp:287:oiTmVInstTermCL]: Assert "timeLibContext_"
**DIAG[../../include/oiTmVNetlist.hpp:287:oiTmVInstTermCL]: Assert "timeLibContext_"
**DIAG[../../include/oiTmVNetlist.hpp:287:oiTmVInstTermCL]: Assert "timeLibContext_"
**DIAG[../../include/oiTmVNetlist.hpp:287:oiTmVInstTermCL]: Assert "timeLibContext_"
**DIAG[../../include/oiTmVNetlist.hpp:287:oiTmVInstTermCL]: Assert "timeLibContext_"
**DIAG[../../include/oiTmVNetlist.hpp:287:oiTmVInstTermCL]: Assert "timeLibContext_"
**DIAG[../../include/oiTmVNetlist.hpp:287:oiTmVInstTermCL]: Assert "timeLibContext_"
**DIAG[../../include/oiTmVNetlist.hpp:287:oiTmVInstTermCL]: Assert "timeLibContext_"
**DIAG[../../include/oiTmVNetlist.hpp:287:oiTmVInstTermCL]: Assert "timeLibContext_"
**DIAG[../../include/oiTmVNetlist.hpp:287:oiTmVInstTermCL]: Assert "timeLibContext_"
**DIAG[optinfra/oiUtil.cpp:2137:getRiseDelay]: Assert "(ta !=0) && (tlc_ !=0)"
**DIAG[optinfra/oiUtil.cpp:2148:getFallDelay]: Assert "(ta !=0) && (tlc_ !=0)"
**DIAG[optinfra/oiUtil.cpp:2137:getRiseDelay]: Assert "(ta !=0) && (tlc_ !=0)"
**DIAG[optinfra/oiUtil.cpp:2148:getFallDelay]: Assert "(ta !=0) && (tlc_ !=0)"
**DIAG[optinfra/oiUtil.cpp:2137:getRiseDelay]: Assert "(ta !=0) && (tlc_ !=0)"
**DIAG[optinfra/oiUtil.cpp:2148:getFallDelay]: Assert "(ta !=0) && (tlc_ !=0)"
**DIAG[optinfra/oiUtil.cpp:2137:getRiseDelay]: Assert "(ta !=0) && (tlc_ !=0)"
**DIAG[optinfra/oiUtil.cpp:2148:getFallDelay]: Assert "(ta !=0) && (tlc_ !=0)"
**DIAG[optinfra/oiUtil.cpp:2137:getRiseDelay]: Assert "(ta !=0) && (tlc_ !=0)"
**DIAG[optinfra/oiUtil.cpp:2148:getFallDelay]: Assert "(ta !=0) && (tlc_ !=0)"
**DIAG[optinfra/oiUtil.cpp:2137:getRiseDelay]: Assert "(ta !=0) && (tlc_ !=0)"
**DIAG[optinfra/oiUtil.cpp:2148:getFallDelay]: Assert "(ta !=0) && (tlc_ !=0)"
**DIAG[optinfra/oiUtil.cpp:2137:getRiseDelay]: Assert "(ta !=0) && (tlc_ !=0)"
**DIAG[optinfra/oiUtil.cpp:2148:getFallDelay]: Assert "(ta !=0) && (tlc_ !=0)"
**DIAG[optinfra/oiUtil.cpp:2137:getRiseDelay]: Assert "(ta !=0) && (tlc_ !=0)"
**DIAG[optinfra/oiUtil.cpp:2148:getFallDelay]: Assert "(ta !=0) && (tlc_ !=0)"
**DIAG[optinfra/oiUtil.cpp:2137:getRiseDelay]: Assert "(ta !=0) && (tlc_ !=0)"
**DIAG[optinfra/oiUtil.cpp:2148:getFallDelay]: Assert "(ta !=0) && (tlc_ !=0)"
**DIAG[optinfra/oiUtil.cpp:2137:getRiseDelay]: Assert "(ta !=0) && (tlc_ !=0)"
**DIAG[optinfra/oiUtil.cpp:2148:getFallDelay]: Assert "(ta !=0) && (tlc_ !=0)"
**DIAG[../../include/oiTmVNetlist.hpp:287:oiTmVInstTermCL]: Assert "timeLibContext_"
**DIAG[../../include/oiTmVNetlist.hpp:287:oiTmVInstTermCL]: Assert "timeLibContext_"
**DIAG[../../include/oiTmVNetlist.hpp:287:oiTmVInstTermCL]: Assert "timeLibContext_"
**DIAG[../../include/oiTmVNetlist.hpp:287:oiTmVInstTermCL]: Assert "timeLibContext_"
**DIAG[../../include/oiTmVNetlist.hpp:287:oiTmVInstTermCL]: Assert "timeLibContext_"
**DIAG[../../include/oiTmVNetlist.hpp:287:oiTmVInstTermCL]: Assert "timeLibContext_"
**DIAG[../../include/oiTmVNetlist.hpp:287:oiTmVInstTermCL]: Assert "timeLibContext_"
**DIAG[../../include/oiTmVNetlist.hpp:287:oiTmVInstTermCL]: Assert "timeLibContext_"
**DIAG[../../include/oiTmVNetlist.hpp:287:oiTmVInstTermCL]: Assert "timeLibContext_"
**DIAG[../../include/oiTmVNetlist.hpp:287:oiTmVInstTermCL]: Assert "timeLibContext_"
**DIAG[../../include/oiTmVNetlist.hpp:287:oiTmVInstTermCL]: Assert "timeLibContext_"
**DIAG[optinfra/oiUtil.cpp:2137:getRiseDelay]: Assert "(ta !=0) && (tlc_ !=0)"
**DIAG[optinfra/oiUtil.cpp:2148:getFallDelay]: Assert "(ta !=0) && (tlc_ !=0)"
**DIAG[optinfra/oiUtil.cpp:2137:getRiseDelay]: Assert "(ta !=0) && (tlc_ !=0)"
**DIAG[optinfra/oiUtil.cpp:2148:getFallDelay]: Assert "(ta !=0) && (tlc_ !=0)"
**DIAG[optinfra/oiUtil.cpp:2137:getRiseDelay]: Assert "(ta !=0) && (tlc_ !=0)"
**DIAG[optinfra/oiUtil.cpp:2148:getFallDelay]: Assert "(ta !=0) && (tlc_ !=0)"
**DIAG[optinfra/oiUtil.cpp:2137:getRiseDelay]: Assert "(ta !=0) && (tlc_ !=0)"
**DIAG[optinfra/oiUtil.cpp:2148:getFallDelay]: Assert "(ta !=0) && (tlc_ !=0)"
**DIAG[optinfra/oiUtil.cpp:2137:getRiseDelay]: Assert "(ta !=0) && (tlc_ !=0)"
**DIAG[optinfra/oiUtil.cpp:2148:getFallDelay]: Assert "(ta !=0) && (tlc_ !=0)"
**DIAG[optinfra/oiUtil.cpp:2137:getRiseDelay]: Assert "(ta !=0) && (tlc_ !=0)"
**DIAG[optinfra/oiUtil.cpp:2148:getFallDelay]: Assert "(ta !=0) && (tlc_ !=0)"
**DIAG[optinfra/oiUtil.cpp:2137:getRiseDelay]: Assert "(ta !=0) && (tlc_ !=0)"
**DIAG[optinfra/oiUtil.cpp:2148:getFallDelay]: Assert "(ta !=0) && (tlc_ !=0)"
**DIAG[optinfra/oiUtil.cpp:2137:getRiseDelay]: Assert "(ta !=0) && (tlc_ !=0)"
**DIAG[optinfra/oiUtil.cpp:2148:getFallDelay]: Assert "(ta !=0) && (tlc_ !=0)"
**DIAG[optinfra/oiUtil.cpp:2137:getRiseDelay]: Assert "(ta !=0) && (tlc_ !=0)"
**DIAG[optinfra/oiUtil.cpp:2148:getFallDelay]: Assert "(ta !=0) && (tlc_ !=0)"
**DIAG[optinfra/oiUtil.cpp:2137:getRiseDelay]: Assert "(ta !=0) && (tlc_ !=0)"
**DIAG[optinfra/oiUtil.cpp:2148:getFallDelay]: Assert "(ta !=0) && (tlc_ !=0)"
**DIAG[../../include/oiTmVNetlist.hpp:287:oiTmVInstTermCL]: Assert "timeLibContext_"
**DIAG[../../include/oiTmVNetlist.hpp:287:oiTmVInstTermCL]: Assert "timeLibContext_"
**DIAG[../../include/oiTmVNetlist.hpp:287:oiTmVInstTermCL]: Assert "timeLibContext_"
**DIAG[../../include/oiTmVNetlist.hpp:287:oiTmVInstTermCL]: Assert "timeLibContext_"
**DIAG[../../include/oiTmVNetlist.hpp:287:oiTmVInstTermCL]: Assert "timeLibContext_"
**DIAG[../../include/oiTmVNetlist.hpp:287:oiTmVInstTermCL]: Assert "timeLibContext_"
**DIAG[../../include/oiTmVNetlist.hpp:287:oiTmVInstTermCL]: Assert "timeLibContext_"
**DIAG[../../include/oiTmVNetlist.hpp:287:oiTmVInstTermCL]: Assert "timeLibContext_"
**DIAG[../../include/oiTmVNetlist.hpp:287:oiTmVInstTermCL]: Assert "timeLibContext_"
**DIAG[../../include/oiTmVNetlist.hpp:287:oiTmVInstTermCL]: Assert "timeLibContext_"
**DIAG[../../include/oiTmVNetlist.hpp:287:oiTmVInstTermCL]: Assert "timeLibContext_"
**DIAG[optinfra/oiUtil.cpp:2137:getRiseDelay]: Assert "(ta !=0) && (tlc_ !=0)"
**DIAG[optinfra/oiUtil.cpp:2148:getFallDelay]: Assert "(ta !=0) && (tlc_ !=0)"
**DIAG[optinfra/oiUtil.cpp:2137:getRiseDelay]: Assert "(ta !=0) && (tlc_ !=0)"
**DIAG[optinfra/oiUtil.cpp:2148:getFallDelay]: Assert "(ta !=0) && (tlc_ !=0)"
**DIAG[optinfra/oiUtil.cpp:2137:getRiseDelay]: Assert "(ta !=0) && (tlc_ !=0)"
**DIAG[optinfra/oiUtil.cpp:2148:getFallDelay]: Assert "(ta !=0) && (tlc_ !=0)"
**DIAG[optinfra/oiUtil.cpp:2137:getRiseDelay]: Assert "(ta !=0) && (tlc_ !=0)"
**DIAG[optinfra/oiUtil.cpp:2148:getFallDelay]: Assert "(ta !=0) && (tlc_ !=0)"
**DIAG[optinfra/oiUtil.cpp:2137:getRiseDelay]: Assert "(ta !=0) && (tlc_ !=0)"
**DIAG[optinfra/oiUtil.cpp:2148:getFallDelay]: Assert "(ta !=0) && (tlc_ !=0)"
**DIAG[optinfra/oiUtil.cpp:2137:getRiseDelay]: Assert "(ta !=0) && (tlc_ !=0)"
**DIAG[optinfra/oiUtil.cpp:2148:getFallDelay]: Assert "(ta !=0) && (tlc_ !=0)"
**DIAG[optinfra/oiUtil.cpp:2137:getRiseDelay]: Assert "(ta !=0) && (tlc_ !=0)"
**DIAG[optinfra/oiUtil.cpp:2148:getFallDelay]: Assert "(ta !=0) && (tlc_ !=0)"
**DIAG[optinfra/oiUtil.cpp:2137:getRiseDelay]: Assert "(ta !=0) && (tlc_ !=0)"
**DIAG[optinfra/oiUtil.cpp:2148:getFallDelay]: Assert "(ta !=0) && (tlc_ !=0)"
**DIAG[optinfra/oiUtil.cpp:2137:getRiseDelay]: Assert "(ta !=0) && (tlc_ !=0)"
**DIAG[optinfra/oiUtil.cpp:2148:getFallDelay]: Assert "(ta !=0) && (tlc_ !=0)"
**DIAG[optinfra/oiUtil.cpp:2137:getRiseDelay]: Assert "(ta !=0) && (tlc_ !=0)"
**DIAG[optinfra/oiUtil.cpp:2148:getFallDelay]: Assert "(ta !=0) && (tlc_ !=0)"
**DIAG[../../include/oiTmVNetlist.hpp:287:oiTmVInstTermCL]: Assert "timeLibContext_"
**DIAG[../../include/oiTmVNetlist.hpp:287:oiTmVInstTermCL]: Assert "timeLibContext_"
**DIAG[../../include/oiTmVNetlist.hpp:287:oiTmVInstTermCL]: Assert "timeLibContext_"
**DIAG[../../include/oiTmVNetlist.hpp:287:oiTmVInstTermCL]: Assert "timeLibContext_"
**DIAG[../../include/oiTmVNetlist.hpp:287:oiTmVInstTermCL]: Assert "timeLibContext_"
**DIAG[../../include/oiTmVNetlist.hpp:287:oiTmVInstTermCL]: Assert "timeLibContext_"
**DIAG[../../include/oiTmVNetlist.hpp:287:oiTmVInstTermCL]: Assert "timeLibContext_"
**DIAG[../../include/oiTmVNetlist.hpp:287:oiTmVInstTermCL]: Assert "timeLibContext_"
**DIAG[../../include/oiTmVNetlist.hpp:287:oiTmVInstTermCL]: Assert "timeLibContext_"
**DIAG[../../include/oiTmVNetlist.hpp:287:oiTmVInstTermCL]: Assert "timeLibContext_"
**DIAG[../../include/oiTmVNetlist.hpp:287:oiTmVInstTermCL]: Assert "timeLibContext_"
**DIAG[optinfra/oiUtil.cpp:2137:getRiseDelay]: Assert "(ta !=0) && (tlc_ !=0)"
**DIAG[optinfra/oiUtil.cpp:2148:getFallDelay]: Assert "(ta !=0) && (tlc_ !=0)"
**DIAG[optinfra/oiUtil.cpp:2137:getRiseDelay]: Assert "(ta !=0) && (tlc_ !=0)"
**DIAG[optinfra/oiUtil.cpp:2148:getFallDelay]: Assert "(ta !=0) && (tlc_ !=0)"
**DIAG[optinfra/oiUtil.cpp:2137:getRiseDelay]: Assert "(ta !=0) && (tlc_ !=0)"
**DIAG[optinfra/oiUtil.cpp:2148:getFallDelay]: Assert "(ta !=0) && (tlc_ !=0)"
**DIAG[optinfra/oiUtil.cpp:2137:getRiseDelay]: Assert "(ta !=0) && (tlc_ !=0)"
**DIAG[optinfra/oiUtil.cpp:2148:getFallDelay]: Assert "(ta !=0) && (tlc_ !=0)"
**DIAG[optinfra/oiUtil.cpp:2137:getRiseDelay]: Assert "(ta !=0) && (tlc_ !=0)"
**DIAG[optinfra/oiUtil.cpp:2148:getFallDelay]: Assert "(ta !=0) && (tlc_ !=0)"
**DIAG[optinfra/oiUtil.cpp:2137:getRiseDelay]: Assert "(ta !=0) && (tlc_ !=0)"
**DIAG[optinfra/oiUtil.cpp:2148:getFallDelay]: Assert "(ta !=0) && (tlc_ !=0)"
**DIAG[optinfra/oiUtil.cpp:2137:getRiseDelay]: Assert "(ta !=0) && (tlc_ !=0)"
**DIAG[optinfra/oiUtil.cpp:2148:getFallDelay]: Assert "(ta !=0) && (tlc_ !=0)"
**DIAG[optinfra/oiUtil.cpp:2137:getRiseDelay]: Assert "(ta !=0) && (tlc_ !=0)"
**DIAG[optinfra/oiUtil.cpp:2148:getFallDelay]: Assert "(ta !=0) && (tlc_ !=0)"
**DIAG[optinfra/oiUtil.cpp:2137:getRiseDelay]: Assert "(ta !=0) && (tlc_ !=0)"
**DIAG[optinfra/oiUtil.cpp:2148:getFallDelay]: Assert "(ta !=0) && (tlc_ !=0)"
**DIAG[optinfra/oiUtil.cpp:2137:getRiseDelay]: Assert "(ta !=0) && (tlc_ !=0)"
**DIAG[optinfra/oiUtil.cpp:2148:getFallDelay]: Assert "(ta !=0) && (tlc_ !=0)"
**DIAG[../../include/oiTmVNetlist.hpp:287:oiTmVInstTermCL]: Assert "timeLibContext_"
**DIAG[../../include/oiTmVNetlist.hpp:287:oiTmVInstTermCL]: Assert "timeLibContext_"
**DIAG[../../include/oiTmVNetlist.hpp:287:oiTmVInstTermCL]: Assert "timeLibContext_"
**DIAG[../../include/oiTmVNetlist.hpp:287:oiTmVInstTermCL]: Assert "timeLibContext_"
**DIAG[../../include/oiTmVNetlist.hpp:287:oiTmVInstTermCL]: Assert "timeLibContext_"
**DIAG[../../include/oiTmVNetlist.hpp:287:oiTmVInstTermCL]: Assert "timeLibContext_"
**DIAG[../../include/oiTmVNetlist.hpp:287:oiTmVInstTermCL]: Assert "timeLibContext_"
**DIAG[../../include/oiTmVNetlist.hpp:287:oiTmVInstTermCL]: Assert "timeLibContext_"
**DIAG[../../include/oiTmVNetlist.hpp:287:oiTmVInstTermCL]: Assert "timeLibContext_"
**DIAG[../../include/oiTmVNetlist.hpp:287:oiTmVInstTermCL]: Assert "timeLibContext_"
**DIAG[../../include/oiTmVNetlist.hpp:287:oiTmVInstTermCL]: Assert "timeLibContext_"
**DIAG[optinfra/oiUtil.cpp:2137:getRiseDelay]: Assert "(ta !=0) && (tlc_ !=0)"
**DIAG[optinfra/oiUtil.cpp:2148:getFallDelay]: Assert "(ta !=0) && (tlc_ !=0)"
**DIAG[optinfra/oiUtil.cpp:2137:getRiseDelay]: Assert "(ta !=0) && (tlc_ !=0)"
**DIAG[optinfra/oiUtil.cpp:2148:getFallDelay]: Assert "(ta !=0) && (tlc_ !=0)"
**DIAG[optinfra/oiUtil.cpp:2137:getRiseDelay]: Assert "(ta !=0) && (tlc_ !=0)"
**DIAG[optinfra/oiUtil.cpp:2148:getFallDelay]: Assert "(ta !=0) && (tlc_ !=0)"
**DIAG[optinfra/oiUtil.cpp:2137:getRiseDelay]: Assert "(ta !=0) && (tlc_ !=0)"
**DIAG[optinfra/oiUtil.cpp:2148:getFallDelay]: Assert "(ta !=0) && (tlc_ !=0)"
**DIAG[optinfra/oiUtil.cpp:2137:getRiseDelay]: Assert "(ta !=0) && (tlc_ !=0)"
**DIAG[optinfra/oiUtil.cpp:2148:getFallDelay]: Assert "(ta !=0) && (tlc_ !=0)"
**DIAG[optinfra/oiUtil.cpp:2137:getRiseDelay]: Assert "(ta !=0) && (tlc_ !=0)"
**DIAG[optinfra/oiUtil.cpp:2148:getFallDelay]: Assert "(ta !=0) && (tlc_ !=0)"
**DIAG[optinfra/oiUtil.cpp:2137:getRiseDelay]: Assert "(ta !=0) && (tlc_ !=0)"
**DIAG[optinfra/oiUtil.cpp:2148:getFallDelay]: Assert "(ta !=0) && (tlc_ !=0)"
**DIAG[optinfra/oiUtil.cpp:2137:getRiseDelay]: Assert "(ta !=0) && (tlc_ !=0)"
**DIAG[optinfra/oiUtil.cpp:2148:getFallDelay]: Assert "(ta !=0) && (tlc_ !=0)"
**DIAG[optinfra/oiUtil.cpp:2137:getRiseDelay]: Assert "(ta !=0) && (tlc_ !=0)"
**DIAG[optinfra/oiUtil.cpp:2148:getFallDelay]: Assert "(ta !=0) && (tlc_ !=0)"
**DIAG[optinfra/oiUtil.cpp:2137:getRiseDelay]: Assert "(ta !=0) && (tlc_ !=0)"
**DIAG[optinfra/oiUtil.cpp:2148:getFallDelay]: Assert "(ta !=0) && (tlc_ !=0)"
**DIAG[../../include/oiTmVNetlist.hpp:287:oiTmVInstTermCL]: Assert "timeLibContext_"
**DIAG[../../include/oiTmVNetlist.hpp:287:oiTmVInstTermCL]: Assert "timeLibContext_"
**DIAG[../../include/oiTmVNetlist.hpp:287:oiTmVInstTermCL]: Assert "timeLibContext_"
**DIAG[../../include/oiTmVNetlist.hpp:287:oiTmVInstTermCL]: Assert "timeLibContext_"
**DIAG[../../include/oiTmVNetlist.hpp:287:oiTmVInstTermCL]: Assert "timeLibContext_"
**DIAG[../../include/oiTmVNetlist.hpp:287:oiTmVInstTermCL]: Assert "timeLibContext_"
**DIAG[../../include/oiTmVNetlist.hpp:287:oiTmVInstTermCL]: Assert "timeLibContext_"
**DIAG[../../include/oiTmVNetlist.hpp:287:oiTmVInstTermCL]: Assert "timeLibContext_"
**DIAG[../../include/oiTmVNetlist.hpp:287:oiTmVInstTermCL]: Assert "timeLibContext_"
**DIAG[../../include/oiTmVNetlist.hpp:287:oiTmVInstTermCL]: Assert "timeLibContext_"
**DIAG[../../include/oiTmVNetlist.hpp:287:oiTmVInstTermCL]: Assert "timeLibContext_"
**DIAG[../../include/oiTmVNetlist.hpp:287:oiTmVInstTermCL]: Assert "timeLibContext_"
**DIAG[../../include/oiTmVNetlist.hpp:287:oiTmVInstTermCL]: Assert "timeLibContext_"
**DIAG[optinfra/oiUtil.cpp:2137:getRiseDelay]: Assert "(ta !=0) && (tlc_ !=0)"
**DIAG[optinfra/oiUtil.cpp:2148:getFallDelay]: Assert "(ta !=0) && (tlc_ !=0)"
**DIAG[optinfra/oiUtil.cpp:2137:getRiseDelay]: Assert "(ta !=0) && (tlc_ !=0)"
**DIAG[optinfra/oiUtil.cpp:2148:getFallDelay]: Assert "(ta !=0) && (tlc_ !=0)"
**DIAG[optinfra/oiUtil.cpp:2137:getRiseDelay]: Assert "(ta !=0) && (tlc_ !=0)"
**DIAG[optinfra/oiUtil.cpp:2148:getFallDelay]: Assert "(ta !=0) && (tlc_ !=0)"
**DIAG[optinfra/oiUtil.cpp:2137:getRiseDelay]: Assert "(ta !=0) && (tlc_ !=0)"
**DIAG[optinfra/oiUtil.cpp:2148:getFallDelay]: Assert "(ta !=0) && (tlc_ !=0)"
**DIAG[optinfra/oiUtil.cpp:2137:getRiseDelay]: Assert "(ta !=0) && (tlc_ !=0)"
**DIAG[optinfra/oiUtil.cpp:2148:getFallDelay]: Assert "(ta !=0) && (tlc_ !=0)"
**DIAG[optinfra/oiUtil.cpp:2137:getRiseDelay]: Assert "(ta !=0) && (tlc_ !=0)"
**DIAG[optinfra/oiUtil.cpp:2148:getFallDelay]: Assert "(ta !=0) && (tlc_ !=0)"
**DIAG[optinfra/oiUtil.cpp:2137:getRiseDelay]: Assert "(ta !=0) && (tlc_ !=0)"
**DIAG[optinfra/oiUtil.cpp:2148:getFallDelay]: Assert "(ta !=0) && (tlc_ !=0)"
**DIAG[optinfra/oiUtil.cpp:2137:getRiseDelay]: Assert "(ta !=0) && (tlc_ !=0)"
**DIAG[optinfra/oiUtil.cpp:2148:getFallDelay]: Assert "(ta !=0) && (tlc_ !=0)"
**DIAG[optinfra/oiUtil.cpp:2137:getRiseDelay]: Assert "(ta !=0) && (tlc_ !=0)"
**DIAG[optinfra/oiUtil.cpp:2148:getFallDelay]: Assert "(ta !=0) && (tlc_ !=0)"
**DIAG[optinfra/oiUtil.cpp:2137:getRiseDelay]: Assert "(ta !=0) && (tlc_ !=0)"
**DIAG[optinfra/oiUtil.cpp:2148:getFallDelay]: Assert "(ta !=0) && (tlc_ !=0)"
**DIAG[optinfra/oiUtil.cpp:2137:getRiseDelay]: Assert "(ta !=0) && (tlc_ !=0)"
**DIAG[optinfra/oiUtil.cpp:2148:getFallDelay]: Assert "(ta !=0) && (tlc_ !=0)"
**DIAG[optinfra/oiUtil.cpp:2137:getRiseDelay]: Assert "(ta !=0) && (tlc_ !=0)"
**DIAG[optinfra/oiUtil.cpp:2148:getFallDelay]: Assert "(ta !=0) && (tlc_ !=0)"
**DIAG[../../include/oiTmVNetlist.hpp:287:oiTmVInstTermCL]: Assert "timeLibContext_"
**DIAG[../../include/oiTmVNetlist.hpp:287:oiTmVInstTermCL]: Assert "timeLibContext_"
**DIAG[../../include/oiTmVNetlist.hpp:287:oiTmVInstTermCL]: Assert "timeLibContext_"
**DIAG[../../include/oiTmVNetlist.hpp:287:oiTmVInstTermCL]: Assert "timeLibContext_"
**DIAG[../../include/oiTmVNetlist.hpp:287:oiTmVInstTermCL]: Assert "timeLibContext_"
**DIAG[../../include/oiTmVNetlist.hpp:287:oiTmVInstTermCL]: Assert "timeLibContext_"
**DIAG[../../include/oiTmVNetlist.hpp:287:oiTmVInstTermCL]: Assert "timeLibContext_"
**DIAG[../../include/oiTmVNetlist.hpp:287:oiTmVInstTermCL]: Assert "timeLibContext_"
**DIAG[../../include/oiTmVNetlist.hpp:287:oiTmVInstTermCL]: Assert "timeLibContext_"
**DIAG[../../include/oiTmVNetlist.hpp:287:oiTmVInstTermCL]: Assert "timeLibContext_"
**DIAG[../../include/oiTmVNetlist.hpp:287:oiTmVInstTermCL]: Assert "timeLibContext_"
**DIAG[../../include/oiTmVNetlist.hpp:287:oiTmVInstTermCL]: Assert "timeLibContext_"
**DIAG[../../include/oiTmVNetlist.hpp:287:oiTmVInstTermCL]: Assert "timeLibContext_"
**DIAG[optinfra/oiUtil.cpp:2137:getRiseDelay]: Assert "(ta !=0) && (tlc_ !=0)"
**DIAG[optinfra/oiUtil.cpp:2148:getFallDelay]: Assert "(ta !=0) && (tlc_ !=0)"
**DIAG[optinfra/oiUtil.cpp:2137:getRiseDelay]: Assert "(ta !=0) && (tlc_ !=0)"
**DIAG[optinfra/oiUtil.cpp:2148:getFallDelay]: Assert "(ta !=0) && (tlc_ !=0)"
**DIAG[optinfra/oiUtil.cpp:2137:getRiseDelay]: Assert "(ta !=0) && (tlc_ !=0)"
**DIAG[optinfra/oiUtil.cpp:2148:getFallDelay]: Assert "(ta !=0) && (tlc_ !=0)"
**DIAG[optinfra/oiUtil.cpp:2137:getRiseDelay]: Assert "(ta !=0) && (tlc_ !=0)"
**DIAG[optinfra/oiUtil.cpp:2148:getFallDelay]: Assert "(ta !=0) && (tlc_ !=0)"
**DIAG[optinfra/oiUtil.cpp:2137:getRiseDelay]: Assert "(ta !=0) && (tlc_ !=0)"
**DIAG[optinfra/oiUtil.cpp:2148:getFallDelay]: Assert "(ta !=0) && (tlc_ !=0)"
**DIAG[optinfra/oiUtil.cpp:2137:getRiseDelay]: Assert "(ta !=0) && (tlc_ !=0)"
**DIAG[optinfra/oiUtil.cpp:2148:getFallDelay]: Assert "(ta !=0) && (tlc_ !=0)"
**DIAG[optinfra/oiUtil.cpp:2137:getRiseDelay]: Assert "(ta !=0) && (tlc_ !=0)"
**DIAG[optinfra/oiUtil.cpp:2148:getFallDelay]: Assert "(ta !=0) && (tlc_ !=0)"
**DIAG[optinfra/oiUtil.cpp:2137:getRiseDelay]: Assert "(ta !=0) && (tlc_ !=0)"
**DIAG[optinfra/oiUtil.cpp:2148:getFallDelay]: Assert "(ta !=0) && (tlc_ !=0)"
**DIAG[optinfra/oiUtil.cpp:2137:getRiseDelay]: Assert "(ta !=0) && (tlc_ !=0)"
**DIAG[optinfra/oiUtil.cpp:2148:getFallDelay]: Assert "(ta !=0) && (tlc_ !=0)"
**DIAG[optinfra/oiUtil.cpp:2137:getRiseDelay]: Assert "(ta !=0) && (tlc_ !=0)"
**DIAG[optinfra/oiUtil.cpp:2148:getFallDelay]: Assert "(ta !=0) && (tlc_ !=0)"
**DIAG[optinfra/oiUtil.cpp:2137:getRiseDelay]: Assert "(ta !=0) && (tlc_ !=0)"
**DIAG[optinfra/oiUtil.cpp:2148:getFallDelay]: Assert "(ta !=0) && (tlc_ !=0)"
**DIAG[optinfra/oiUtil.cpp:2137:getRiseDelay]: Assert "(ta !=0) && (tlc_ !=0)"
**DIAG[optinfra/oiUtil.cpp:2148:getFallDelay]: Assert "(ta !=0) && (tlc_ !=0)"
**DIAG[../../include/oiTmVNetlist.hpp:287:oiTmVInstTermCL]: Assert "timeLibContext_"
**DIAG[../../include/oiTmVNetlist.hpp:287:oiTmVInstTermCL]: Assert "timeLibContext_"
**DIAG[../../include/oiTmVNetlist.hpp:287:oiTmVInstTermCL]: Assert "timeLibContext_"
**DIAG[../../include/oiTmVNetlist.hpp:287:oiTmVInstTermCL]: Assert "timeLibContext_"
**DIAG[../../include/oiTmVNetlist.hpp:287:oiTmVInstTermCL]: Assert "timeLibContext_"
**DIAG[../../include/oiTmVNetlist.hpp:287:oiTmVInstTermCL]: Assert "timeLibContext_"
**DIAG[../../include/oiTmVNetlist.hpp:287:oiTmVInstTermCL]: Assert "timeLibContext_"
**DIAG[../../include/oiTmVNetlist.hpp:287:oiTmVInstTermCL]: Assert "timeLibContext_"
**DIAG[../../include/oiTmVNetlist.hpp:287:oiTmVInstTermCL]: Assert "timeLibContext_"
**DIAG[../../include/oiTmVNetlist.hpp:287:oiTmVInstTermCL]: Assert "timeLibContext_"
**DIAG[../../include/oiTmVNetlist.hpp:287:oiTmVInstTermCL]: Assert "timeLibContext_"
**DIAG[../../include/oiTmVNetlist.hpp:287:oiTmVInstTermCL]: Assert "timeLibContext_"
**DIAG[../../include/oiTmVNetlist.hpp:287:oiTmVInstTermCL]: Assert "timeLibContext_"
**DIAG[optinfra/oiUtil.cpp:2137:getRiseDelay]: Assert "(ta !=0) && (tlc_ !=0)"
**DIAG[optinfra/oiUtil.cpp:2148:getFallDelay]: Assert "(ta !=0) && (tlc_ !=0)"
**DIAG[optinfra/oiUtil.cpp:2137:getRiseDelay]: Assert "(ta !=0) && (tlc_ !=0)"
**DIAG[optinfra/oiUtil.cpp:2148:getFallDelay]: Assert "(ta !=0) && (tlc_ !=0)"
**DIAG[optinfra/oiUtil.cpp:2137:getRiseDelay]: Assert "(ta !=0) && (tlc_ !=0)"
**DIAG[optinfra/oiUtil.cpp:2148:getFallDelay]: Assert "(ta !=0) && (tlc_ !=0)"
**DIAG[optinfra/oiUtil.cpp:2137:getRiseDelay]: Assert "(ta !=0) && (tlc_ !=0)"
**DIAG[optinfra/oiUtil.cpp:2148:getFallDelay]: Assert "(ta !=0) && (tlc_ !=0)"
**DIAG[optinfra/oiUtil.cpp:2137:getRiseDelay]: Assert "(ta !=0) && (tlc_ !=0)"
**DIAG[optinfra/oiUtil.cpp:2148:getFallDelay]: Assert "(ta !=0) && (tlc_ !=0)"
**DIAG[optinfra/oiUtil.cpp:2137:getRiseDelay]: Assert "(ta !=0) && (tlc_ !=0)"
**DIAG[optinfra/oiUtil.cpp:2148:getFallDelay]: Assert "(ta !=0) && (tlc_ !=0)"
**DIAG[optinfra/oiUtil.cpp:2137:getRiseDelay]: Assert "(ta !=0) && (tlc_ !=0)"
**DIAG[optinfra/oiUtil.cpp:2148:getFallDelay]: Assert "(ta !=0) && (tlc_ !=0)"
**DIAG[optinfra/oiUtil.cpp:2137:getRiseDelay]: Assert "(ta !=0) && (tlc_ !=0)"
**DIAG[optinfra/oiUtil.cpp:2148:getFallDelay]: Assert "(ta !=0) && (tlc_ !=0)"
**DIAG[optinfra/oiUtil.cpp:2137:getRiseDelay]: Assert "(ta !=0) && (tlc_ !=0)"
**DIAG[optinfra/oiUtil.cpp:2148:getFallDelay]: Assert "(ta !=0) && (tlc_ !=0)"
**DIAG[optinfra/oiUtil.cpp:2137:getRiseDelay]: Assert "(ta !=0) && (tlc_ !=0)"
**DIAG[optinfra/oiUtil.cpp:2148:getFallDelay]: Assert "(ta !=0) && (tlc_ !=0)"
**DIAG[optinfra/oiUtil.cpp:2137:getRiseDelay]: Assert "(ta !=0) && (tlc_ !=0)"
**DIAG[optinfra/oiUtil.cpp:2148:getFallDelay]: Assert "(ta !=0) && (tlc_ !=0)"
**DIAG[optinfra/oiUtil.cpp:2137:getRiseDelay]: Assert "(ta !=0) && (tlc_ !=0)"
**DIAG[optinfra/oiUtil.cpp:2148:getFallDelay]: Assert "(ta !=0) && (tlc_ !=0)"
**DIAG[../../include/oiTmVNetlist.hpp:287:oiTmVInstTermCL]: Assert "timeLibContext_"
**DIAG[../../include/oiTmVNetlist.hpp:287:oiTmVInstTermCL]: Assert "timeLibContext_"
**DIAG[../../include/oiTmVNetlist.hpp:287:oiTmVInstTermCL]: Assert "timeLibContext_"
**DIAG[../../include/oiTmVNetlist.hpp:287:oiTmVInstTermCL]: Assert "timeLibContext_"
**DIAG[../../include/oiTmVNetlist.hpp:287:oiTmVInstTermCL]: Assert "timeLibContext_"
**DIAG[../../include/oiTmVNetlist.hpp:287:oiTmVInstTermCL]: Assert "timeLibContext_"
**DIAG[../../include/oiTmVNetlist.hpp:287:oiTmVInstTermCL]: Assert "timeLibContext_"
**DIAG[../../include/oiTmVNetlist.hpp:287:oiTmVInstTermCL]: Assert "timeLibContext_"
**DIAG[../../include/oiTmVNetlist.hpp:287:oiTmVInstTermCL]: Assert "timeLibContext_"
**DIAG[../../include/oiTmVNetlist.hpp:287:oiTmVInstTermCL]: Assert "timeLibContext_"
**DIAG[../../include/oiTmVNetlist.hpp:287:oiTmVInstTermCL]: Assert "timeLibContext_"
**DIAG[../../include/oiTmVNetlist.hpp:287:oiTmVInstTermCL]: Assert "timeLibContext_"
**DIAG[../../include/oiTmVNetlist.hpp:287:oiTmVInstTermCL]: Assert "timeLibContext_"
**DIAG[optinfra/oiUtil.cpp:2137:getRiseDelay]: Assert "(ta !=0) && (tlc_ !=0)"
**DIAG[optinfra/oiUtil.cpp:2148:getFallDelay]: Assert "(ta !=0) && (tlc_ !=0)"
**DIAG[optinfra/oiUtil.cpp:2137:getRiseDelay]: Assert "(ta !=0) && (tlc_ !=0)"
**DIAG[optinfra/oiUtil.cpp:2148:getFallDelay]: Assert "(ta !=0) && (tlc_ !=0)"
**DIAG[optinfra/oiUtil.cpp:2137:getRiseDelay]: Assert "(ta !=0) && (tlc_ !=0)"
**DIAG[optinfra/oiUtil.cpp:2148:getFallDelay]: Assert "(ta !=0) && (tlc_ !=0)"
**DIAG[optinfra/oiUtil.cpp:2137:getRiseDelay]: Assert "(ta !=0) && (tlc_ !=0)"
**DIAG[optinfra/oiUtil.cpp:2148:getFallDelay]: Assert "(ta !=0) && (tlc_ !=0)"
**DIAG[optinfra/oiUtil.cpp:2137:getRiseDelay]: Assert "(ta !=0) && (tlc_ !=0)"
**DIAG[optinfra/oiUtil.cpp:2148:getFallDelay]: Assert "(ta !=0) && (tlc_ !=0)"
**DIAG[optinfra/oiUtil.cpp:2137:getRiseDelay]: Assert "(ta !=0) && (tlc_ !=0)"
**DIAG[optinfra/oiUtil.cpp:2148:getFallDelay]: Assert "(ta !=0) && (tlc_ !=0)"
**DIAG[optinfra/oiUtil.cpp:2137:getRiseDelay]: Assert "(ta !=0) && (tlc_ !=0)"
**DIAG[optinfra/oiUtil.cpp:2148:getFallDelay]: Assert "(ta !=0) && (tlc_ !=0)"
**DIAG[optinfra/oiUtil.cpp:2137:getRiseDelay]: Assert "(ta !=0) && (tlc_ !=0)"
**DIAG[optinfra/oiUtil.cpp:2148:getFallDelay]: Assert "(ta !=0) && (tlc_ !=0)"
**DIAG[optinfra/oiUtil.cpp:2137:getRiseDelay]: Assert "(ta !=0) && (tlc_ !=0)"
**DIAG[optinfra/oiUtil.cpp:2148:getFallDelay]: Assert "(ta !=0) && (tlc_ !=0)"
**DIAG[optinfra/oiUtil.cpp:2137:getRiseDelay]: Assert "(ta !=0) && (tlc_ !=0)"
**DIAG[optinfra/oiUtil.cpp:2148:getFallDelay]: Assert "(ta !=0) && (tlc_ !=0)"
**DIAG[optinfra/oiUtil.cpp:2137:getRiseDelay]: Assert "(ta !=0) && (tlc_ !=0)"
**DIAG[optinfra/oiUtil.cpp:2148:getFallDelay]: Assert "(ta !=0) && (tlc_ !=0)"
**DIAG[optinfra/oiUtil.cpp:2137:getRiseDelay]: Assert "(ta !=0) && (tlc_ !=0)"
**DIAG[optinfra/oiUtil.cpp:2148:getFallDelay]: Assert "(ta !=0) && (tlc_ !=0)"
**DIAG[../../include/oiTmVNetlist.hpp:287:oiTmVInstTermCL]: Assert "timeLibContext_"
**DIAG[../../include/oiTmVNetlist.hpp:287:oiTmVInstTermCL]: Assert "timeLibContext_"
**DIAG[../../include/oiTmVNetlist.hpp:287:oiTmVInstTermCL]: Assert "timeLibContext_"
**DIAG[../../include/oiTmVNetlist.hpp:287:oiTmVInstTermCL]: Assert "timeLibContext_"
**DIAG[../../include/oiTmVNetlist.hpp:287:oiTmVInstTermCL]: Assert "timeLibContext_"
**DIAG[../../include/oiTmVNetlist.hpp:287:oiTmVInstTermCL]: Assert "timeLibContext_"
**DIAG[../../include/oiTmVNetlist.hpp:287:oiTmVInstTermCL]: Assert "timeLibContext_"
**DIAG[../../include/oiTmVNetlist.hpp:287:oiTmVInstTermCL]: Assert "timeLibContext_"
**DIAG[../../include/oiTmVNetlist.hpp:287:oiTmVInstTermCL]: Assert "timeLibContext_"
**DIAG[../../include/oiTmVNetlist.hpp:287:oiTmVInstTermCL]: Assert "timeLibContext_"
**DIAG[../../include/oiTmVNetlist.hpp:287:oiTmVInstTermCL]: Assert "timeLibContext_"
**DIAG[../../include/oiTmVNetlist.hpp:287:oiTmVInstTermCL]: Assert "timeLibContext_"
**DIAG[../../include/oiTmVNetlist.hpp:287:oiTmVInstTermCL]: Assert "timeLibContext_"
**DIAG[optinfra/oiUtil.cpp:2137:getRiseDelay]: Assert "(ta !=0) && (tlc_ !=0)"
**DIAG[optinfra/oiUtil.cpp:2148:getFallDelay]: Assert "(ta !=0) && (tlc_ !=0)"
**DIAG[optinfra/oiUtil.cpp:2137:getRiseDelay]: Assert "(ta !=0) && (tlc_ !=0)"
**DIAG[optinfra/oiUtil.cpp:2148:getFallDelay]: Assert "(ta !=0) && (tlc_ !=0)"
**DIAG[optinfra/oiUtil.cpp:2137:getRiseDelay]: Assert "(ta !=0) && (tlc_ !=0)"
**DIAG[optinfra/oiUtil.cpp:2148:getFallDelay]: Assert "(ta !=0) && (tlc_ !=0)"
**DIAG[optinfra/oiUtil.cpp:2137:getRiseDelay]: Assert "(ta !=0) && (tlc_ !=0)"
**DIAG[optinfra/oiUtil.cpp:2148:getFallDelay]: Assert "(ta !=0) && (tlc_ !=0)"
**DIAG[optinfra/oiUtil.cpp:2137:getRiseDelay]: Assert "(ta !=0) && (tlc_ !=0)"
**DIAG[optinfra/oiUtil.cpp:2148:getFallDelay]: Assert "(ta !=0) && (tlc_ !=0)"
**DIAG[optinfra/oiUtil.cpp:2137:getRiseDelay]: Assert "(ta !=0) && (tlc_ !=0)"
**DIAG[optinfra/oiUtil.cpp:2148:getFallDelay]: Assert "(ta !=0) && (tlc_ !=0)"
**DIAG[optinfra/oiUtil.cpp:2137:getRiseDelay]: Assert "(ta !=0) && (tlc_ !=0)"
**DIAG[optinfra/oiUtil.cpp:2148:getFallDelay]: Assert "(ta !=0) && (tlc_ !=0)"
**DIAG[optinfra/oiUtil.cpp:2137:getRiseDelay]: Assert "(ta !=0) && (tlc_ !=0)"
**DIAG[optinfra/oiUtil.cpp:2148:getFallDelay]: Assert "(ta !=0) && (tlc_ !=0)"
**DIAG[optinfra/oiUtil.cpp:2137:getRiseDelay]: Assert "(ta !=0) && (tlc_ !=0)"
**DIAG[optinfra/oiUtil.cpp:2148:getFallDelay]: Assert "(ta !=0) && (tlc_ !=0)"
**DIAG[optinfra/oiUtil.cpp:2137:getRiseDelay]: Assert "(ta !=0) && (tlc_ !=0)"
**DIAG[optinfra/oiUtil.cpp:2148:getFallDelay]: Assert "(ta !=0) && (tlc_ !=0)"
**DIAG[optinfra/oiUtil.cpp:2137:getRiseDelay]: Assert "(ta !=0) && (tlc_ !=0)"
**DIAG[optinfra/oiUtil.cpp:2148:getFallDelay]: Assert "(ta !=0) && (tlc_ !=0)"
**DIAG[optinfra/oiUtil.cpp:2137:getRiseDelay]: Assert "(ta !=0) && (tlc_ !=0)"
**DIAG[optinfra/oiUtil.cpp:2148:getFallDelay]: Assert "(ta !=0) && (tlc_ !=0)"
**DIAG[../../include/oiTmVNetlist.hpp:287:oiTmVInstTermCL]: Assert "timeLibContext_"
**DIAG[../../include/oiTmVNetlist.hpp:287:oiTmVInstTermCL]: Assert "timeLibContext_"
**DIAG[../../include/oiTmVNetlist.hpp:287:oiTmVInstTermCL]: Assert "timeLibContext_"
**DIAG[../../include/oiTmVNetlist.hpp:287:oiTmVInstTermCL]: Assert "timeLibContext_"
**DIAG[../../include/oiTmVNetlist.hpp:287:oiTmVInstTermCL]: Assert "timeLibContext_"
**DIAG[../../include/oiTmVNetlist.hpp:287:oiTmVInstTermCL]: Assert "timeLibContext_"
**DIAG[../../include/oiTmVNetlist.hpp:287:oiTmVInstTermCL]: Assert "timeLibContext_"
**DIAG[../../include/oiTmVNetlist.hpp:287:oiTmVInstTermCL]: Assert "timeLibContext_"
**DIAG[../../include/oiTmVNetlist.hpp:287:oiTmVInstTermCL]: Assert "timeLibContext_"
**DIAG[../../include/oiTmVNetlist.hpp:287:oiTmVInstTermCL]: Assert "timeLibContext_"
**DIAG[../../include/oiTmVNetlist.hpp:287:oiTmVInstTermCL]: Assert "timeLibContext_"
**DIAG[../../include/oiTmVNetlist.hpp:287:oiTmVInstTermCL]: Assert "timeLibContext_"
**DIAG[../../include/oiTmVNetlist.hpp:287:oiTmVInstTermCL]: Assert "timeLibContext_"
**DIAG[optinfra/oiUtil.cpp:2137:getRiseDelay]: Assert "(ta !=0) && (tlc_ !=0)"
**DIAG[optinfra/oiUtil.cpp:2148:getFallDelay]: Assert "(ta !=0) && (tlc_ !=0)"
**DIAG[optinfra/oiUtil.cpp:2137:getRiseDelay]: Assert "(ta !=0) && (tlc_ !=0)"
**DIAG[optinfra/oiUtil.cpp:2148:getFallDelay]: Assert "(ta !=0) && (tlc_ !=0)"
**DIAG[optinfra/oiUtil.cpp:2137:getRiseDelay]: Assert "(ta !=0) && (tlc_ !=0)"
**DIAG[optinfra/oiUtil.cpp:2148:getFallDelay]: Assert "(ta !=0) && (tlc_ !=0)"
**DIAG[optinfra/oiUtil.cpp:2137:getRiseDelay]: Assert "(ta !=0) && (tlc_ !=0)"
**DIAG[optinfra/oiUtil.cpp:2148:getFallDelay]: Assert "(ta !=0) && (tlc_ !=0)"
**DIAG[optinfra/oiUtil.cpp:2137:getRiseDelay]: Assert "(ta !=0) && (tlc_ !=0)"
**DIAG[optinfra/oiUtil.cpp:2148:getFallDelay]: Assert "(ta !=0) && (tlc_ !=0)"
**DIAG[optinfra/oiUtil.cpp:2137:getRiseDelay]: Assert "(ta !=0) && (tlc_ !=0)"
**DIAG[optinfra/oiUtil.cpp:2148:getFallDelay]: Assert "(ta !=0) && (tlc_ !=0)"
**DIAG[optinfra/oiUtil.cpp:2137:getRiseDelay]: Assert "(ta !=0) && (tlc_ !=0)"
**DIAG[optinfra/oiUtil.cpp:2148:getFallDelay]: Assert "(ta !=0) && (tlc_ !=0)"
**DIAG[optinfra/oiUtil.cpp:2137:getRiseDelay]: Assert "(ta !=0) && (tlc_ !=0)"
**DIAG[optinfra/oiUtil.cpp:2148:getFallDelay]: Assert "(ta !=0) && (tlc_ !=0)"
**DIAG[optinfra/oiUtil.cpp:2137:getRiseDelay]: Assert "(ta !=0) && (tlc_ !=0)"
**DIAG[optinfra/oiUtil.cpp:2148:getFallDelay]: Assert "(ta !=0) && (tlc_ !=0)"
**DIAG[optinfra/oiUtil.cpp:2137:getRiseDelay]: Assert "(ta !=0) && (tlc_ !=0)"
**DIAG[optinfra/oiUtil.cpp:2148:getFallDelay]: Assert "(ta !=0) && (tlc_ !=0)"
**DIAG[optinfra/oiUtil.cpp:2137:getRiseDelay]: Assert "(ta !=0) && (tlc_ !=0)"
**DIAG[optinfra/oiUtil.cpp:2148:getFallDelay]: Assert "(ta !=0) && (tlc_ !=0)"
**DIAG[optinfra/oiUtil.cpp:2137:getRiseDelay]: Assert "(ta !=0) && (tlc_ !=0)"
**DIAG[optinfra/oiUtil.cpp:2148:getFallDelay]: Assert "(ta !=0) && (tlc_ !=0)"
**DIAG[../../include/oiTmVNetlist.hpp:287:oiTmVInstTermCL]: Assert "timeLibContext_"
**DIAG[../../include/oiTmVNetlist.hpp:287:oiTmVInstTermCL]: Assert "timeLibContext_"
**DIAG[../../include/oiTmVNetlist.hpp:287:oiTmVInstTermCL]: Assert "timeLibContext_"
**DIAG[../../include/oiTmVNetlist.hpp:287:oiTmVInstTermCL]: Assert "timeLibContext_"
**DIAG[../../include/oiTmVNetlist.hpp:287:oiTmVInstTermCL]: Assert "timeLibContext_"
**DIAG[../../include/oiTmVNetlist.hpp:287:oiTmVInstTermCL]: Assert "timeLibContext_"
**DIAG[../../include/oiTmVNetlist.hpp:287:oiTmVInstTermCL]: Assert "timeLibContext_"
**DIAG[../../include/oiTmVNetlist.hpp:287:oiTmVInstTermCL]: Assert "timeLibContext_"
**DIAG[../../include/oiTmVNetlist.hpp:287:oiTmVInstTermCL]: Assert "timeLibContext_"
**DIAG[../../include/oiTmVNetlist.hpp:287:oiTmVInstTermCL]: Assert "timeLibContext_"
**DIAG[../../include/oiTmVNetlist.hpp:287:oiTmVInstTermCL]: Assert "timeLibContext_"
**DIAG[../../include/oiTmVNetlist.hpp:287:oiTmVInstTermCL]: Assert "timeLibContext_"
**DIAG[../../include/oiTmVNetlist.hpp:287:oiTmVInstTermCL]: Assert "timeLibContext_"
**DIAG[optinfra/oiUtil.cpp:2137:getRiseDelay]: Assert "(ta !=0) && (tlc_ !=0)"
**DIAG[optinfra/oiUtil.cpp:2148:getFallDelay]: Assert "(ta !=0) && (tlc_ !=0)"
**DIAG[optinfra/oiUtil.cpp:2137:getRiseDelay]: Assert "(ta !=0) && (tlc_ !=0)"
**DIAG[optinfra/oiUtil.cpp:2148:getFallDelay]: Assert "(ta !=0) && (tlc_ !=0)"
**DIAG[optinfra/oiUtil.cpp:2137:getRiseDelay]: Assert "(ta !=0) && (tlc_ !=0)"
**DIAG[optinfra/oiUtil.cpp:2148:getFallDelay]: Assert "(ta !=0) && (tlc_ !=0)"
**DIAG[optinfra/oiUtil.cpp:2137:getRiseDelay]: Assert "(ta !=0) && (tlc_ !=0)"
**DIAG[optinfra/oiUtil.cpp:2148:getFallDelay]: Assert "(ta !=0) && (tlc_ !=0)"
**DIAG[optinfra/oiUtil.cpp:2137:getRiseDelay]: Assert "(ta !=0) && (tlc_ !=0)"
**DIAG[optinfra/oiUtil.cpp:2148:getFallDelay]: Assert "(ta !=0) && (tlc_ !=0)"
**DIAG[optinfra/oiUtil.cpp:2137:getRiseDelay]: Assert "(ta !=0) && (tlc_ !=0)"
**DIAG[optinfra/oiUtil.cpp:2148:getFallDelay]: Assert "(ta !=0) && (tlc_ !=0)"
**DIAG[optinfra/oiUtil.cpp:2137:getRiseDelay]: Assert "(ta !=0) && (tlc_ !=0)"
**DIAG[optinfra/oiUtil.cpp:2148:getFallDelay]: Assert "(ta !=0) && (tlc_ !=0)"
**DIAG[optinfra/oiUtil.cpp:2137:getRiseDelay]: Assert "(ta !=0) && (tlc_ !=0)"
**DIAG[optinfra/oiUtil.cpp:2148:getFallDelay]: Assert "(ta !=0) && (tlc_ !=0)"
**DIAG[optinfra/oiUtil.cpp:2137:getRiseDelay]: Assert "(ta !=0) && (tlc_ !=0)"
**DIAG[optinfra/oiUtil.cpp:2148:getFallDelay]: Assert "(ta !=0) && (tlc_ !=0)"
**DIAG[optinfra/oiUtil.cpp:2137:getRiseDelay]: Assert "(ta !=0) && (tlc_ !=0)"
**DIAG[optinfra/oiUtil.cpp:2148:getFallDelay]: Assert "(ta !=0) && (tlc_ !=0)"
**DIAG[optinfra/oiUtil.cpp:2137:getRiseDelay]: Assert "(ta !=0) && (tlc_ !=0)"
**DIAG[optinfra/oiUtil.cpp:2148:getFallDelay]: Assert "(ta !=0) && (tlc_ !=0)"
**DIAG[optinfra/oiUtil.cpp:2137:getRiseDelay]: Assert "(ta !=0) && (tlc_ !=0)"
**DIAG[optinfra/oiUtil.cpp:2148:getFallDelay]: Assert "(ta !=0) && (tlc_ !=0)"
**DIAG[../../include/oiTmVNetlist.hpp:287:oiTmVInstTermCL]: Assert "timeLibContext_"
**DIAG[../../include/oiTmVNetlist.hpp:287:oiTmVInstTermCL]: Assert "timeLibContext_"
**DIAG[../../include/oiTmVNetlist.hpp:287:oiTmVInstTermCL]: Assert "timeLibContext_"
**DIAG[../../include/oiTmVNetlist.hpp:287:oiTmVInstTermCL]: Assert "timeLibContext_"
**DIAG[../../include/oiTmVNetlist.hpp:287:oiTmVInstTermCL]: Assert "timeLibContext_"
**DIAG[../../include/oiTmVNetlist.hpp:287:oiTmVInstTermCL]: Assert "timeLibContext_"
**DIAG[../../include/oiTmVNetlist.hpp:287:oiTmVInstTermCL]: Assert "timeLibContext_"
**DIAG[../../include/oiTmVNetlist.hpp:287:oiTmVInstTermCL]: Assert "timeLibContext_"
**DIAG[../../include/oiTmVNetlist.hpp:287:oiTmVInstTermCL]: Assert "timeLibContext_"
**DIAG[../../include/oiTmVNetlist.hpp:287:oiTmVInstTermCL]: Assert "timeLibContext_"
**DIAG[../../include/oiTmVNetlist.hpp:287:oiTmVInstTermCL]: Assert "timeLibContext_"
**DIAG[../../include/oiTmVNetlist.hpp:287:oiTmVInstTermCL]: Assert "timeLibContext_"
**DIAG[../../include/oiTmVNetlist.hpp:287:oiTmVInstTermCL]: Assert "timeLibContext_"
**DIAG[optinfra/oiUtil.cpp:2137:getRiseDelay]: Assert "(ta !=0) && (tlc_ !=0)"
**DIAG[optinfra/oiUtil.cpp:2148:getFallDelay]: Assert "(ta !=0) && (tlc_ !=0)"
**DIAG[optinfra/oiUtil.cpp:2137:getRiseDelay]: Assert "(ta !=0) && (tlc_ !=0)"
**DIAG[optinfra/oiUtil.cpp:2148:getFallDelay]: Assert "(ta !=0) && (tlc_ !=0)"
**DIAG[optinfra/oiUtil.cpp:2137:getRiseDelay]: Assert "(ta !=0) && (tlc_ !=0)"
**DIAG[optinfra/oiUtil.cpp:2148:getFallDelay]: Assert "(ta !=0) && (tlc_ !=0)"
**DIAG[optinfra/oiUtil.cpp:2137:getRiseDelay]: Assert "(ta !=0) && (tlc_ !=0)"
**DIAG[optinfra/oiUtil.cpp:2148:getFallDelay]: Assert "(ta !=0) && (tlc_ !=0)"
**DIAG[optinfra/oiUtil.cpp:2137:getRiseDelay]: Assert "(ta !=0) && (tlc_ !=0)"
**DIAG[optinfra/oiUtil.cpp:2148:getFallDelay]: Assert "(ta !=0) && (tlc_ !=0)"
**DIAG[optinfra/oiUtil.cpp:2137:getRiseDelay]: Assert "(ta !=0) && (tlc_ !=0)"
**DIAG[optinfra/oiUtil.cpp:2148:getFallDelay]: Assert "(ta !=0) && (tlc_ !=0)"
**DIAG[optinfra/oiUtil.cpp:2137:getRiseDelay]: Assert "(ta !=0) && (tlc_ !=0)"
**DIAG[optinfra/oiUtil.cpp:2148:getFallDelay]: Assert "(ta !=0) && (tlc_ !=0)"
**DIAG[optinfra/oiUtil.cpp:2137:getRiseDelay]: Assert "(ta !=0) && (tlc_ !=0)"
**DIAG[optinfra/oiUtil.cpp:2148:getFallDelay]: Assert "(ta !=0) && (tlc_ !=0)"
**DIAG[optinfra/oiUtil.cpp:2137:getRiseDelay]: Assert "(ta !=0) && (tlc_ !=0)"
**DIAG[optinfra/oiUtil.cpp:2148:getFallDelay]: Assert "(ta !=0) && (tlc_ !=0)"
**DIAG[optinfra/oiUtil.cpp:2137:getRiseDelay]: Assert "(ta !=0) && (tlc_ !=0)"
**DIAG[optinfra/oiUtil.cpp:2148:getFallDelay]: Assert "(ta !=0) && (tlc_ !=0)"
**DIAG[optinfra/oiUtil.cpp:2137:getRiseDelay]: Assert "(ta !=0) && (tlc_ !=0)"
**DIAG[optinfra/oiUtil.cpp:2148:getFallDelay]: Assert "(ta !=0) && (tlc_ !=0)"
**DIAG[optinfra/oiUtil.cpp:2137:getRiseDelay]: Assert "(ta !=0) && (tlc_ !=0)"
**DIAG[optinfra/oiUtil.cpp:2148:getFallDelay]: Assert "(ta !=0) && (tlc_ !=0)"
**DIAG[../../include/oiTmVNetlist.hpp:287:oiTmVInstTermCL]: Assert "timeLibContext_"
**DIAG[../../include/oiTmVNetlist.hpp:287:oiTmVInstTermCL]: Assert "timeLibContext_"
**DIAG[../../include/oiTmVNetlist.hpp:287:oiTmVInstTermCL]: Assert "timeLibContext_"
**DIAG[../../include/oiTmVNetlist.hpp:287:oiTmVInstTermCL]: Assert "timeLibContext_"
**DIAG[../../include/oiTmVNetlist.hpp:287:oiTmVInstTermCL]: Assert "timeLibContext_"
**DIAG[optinfra/oiUtil.cpp:2137:getRiseDelay]: Assert "(ta !=0) && (tlc_ !=0)"
**DIAG[optinfra/oiUtil.cpp:2148:getFallDelay]: Assert "(ta !=0) && (tlc_ !=0)"
**DIAG[optinfra/oiUtil.cpp:2137:getRiseDelay]: Assert "(ta !=0) && (tlc_ !=0)"
**DIAG[optinfra/oiUtil.cpp:2148:getFallDelay]: Assert "(ta !=0) && (tlc_ !=0)"
**DIAG[optinfra/oiUtil.cpp:2137:getRiseDelay]: Assert "(ta !=0) && (tlc_ !=0)"
**DIAG[optinfra/oiUtil.cpp:2148:getFallDelay]: Assert "(ta !=0) && (tlc_ !=0)"
**DIAG[optinfra/oiUtil.cpp:2137:getRiseDelay]: Assert "(ta !=0) && (tlc_ !=0)"
**DIAG[optinfra/oiUtil.cpp:2148:getFallDelay]: Assert "(ta !=0) && (tlc_ !=0)"
**DIAG[../../include/oiTmVNetlist.hpp:287:oiTmVInstTermCL]: Assert "timeLibContext_"
**DIAG[../../include/oiTmVNetlist.hpp:287:oiTmVInstTermCL]: Assert "timeLibContext_"
**DIAG[../../include/oiTmVNetlist.hpp:287:oiTmVInstTermCL]: Assert "timeLibContext_"
**DIAG[../../include/oiTmVNetlist.hpp:287:oiTmVInstTermCL]: Assert "timeLibContext_"
**DIAG[../../include/oiTmVNetlist.hpp:287:oiTmVInstTermCL]: Assert "timeLibContext_"
**DIAG[optinfra/oiUtil.cpp:2137:getRiseDelay]: Assert "(ta !=0) && (tlc_ !=0)"
**DIAG[optinfra/oiUtil.cpp:2148:getFallDelay]: Assert "(ta !=0) && (tlc_ !=0)"
**DIAG[optinfra/oiUtil.cpp:2137:getRiseDelay]: Assert "(ta !=0) && (tlc_ !=0)"
**DIAG[optinfra/oiUtil.cpp:2148:getFallDelay]: Assert "(ta !=0) && (tlc_ !=0)"
**DIAG[optinfra/oiUtil.cpp:2137:getRiseDelay]: Assert "(ta !=0) && (tlc_ !=0)"
**DIAG[optinfra/oiUtil.cpp:2148:getFallDelay]: Assert "(ta !=0) && (tlc_ !=0)"
**DIAG[optinfra/oiUtil.cpp:2137:getRiseDelay]: Assert "(ta !=0) && (tlc_ !=0)"
**DIAG[optinfra/oiUtil.cpp:2148:getFallDelay]: Assert "(ta !=0) && (tlc_ !=0)"
**DIAG[../../include/oiTmVNetlist.hpp:287:oiTmVInstTermCL]: Assert "timeLibContext_"
**DIAG[../../include/oiTmVNetlist.hpp:287:oiTmVInstTermCL]: Assert "timeLibContext_"
**DIAG[../../include/oiTmVNetlist.hpp:287:oiTmVInstTermCL]: Assert "timeLibContext_"
**DIAG[../../include/oiTmVNetlist.hpp:287:oiTmVInstTermCL]: Assert "timeLibContext_"
**DIAG[../../include/oiTmVNetlist.hpp:287:oiTmVInstTermCL]: Assert "timeLibContext_"
**DIAG[optinfra/oiUtil.cpp:2137:getRiseDelay]: Assert "(ta !=0) && (tlc_ !=0)"
**DIAG[optinfra/oiUtil.cpp:2148:getFallDelay]: Assert "(ta !=0) && (tlc_ !=0)"
**DIAG[optinfra/oiUtil.cpp:2137:getRiseDelay]: Assert "(ta !=0) && (tlc_ !=0)"
**DIAG[optinfra/oiUtil.cpp:2148:getFallDelay]: Assert "(ta !=0) && (tlc_ !=0)"
**DIAG[optinfra/oiUtil.cpp:2137:getRiseDelay]: Assert "(ta !=0) && (tlc_ !=0)"
**DIAG[optinfra/oiUtil.cpp:2148:getFallDelay]: Assert "(ta !=0) && (tlc_ !=0)"
**DIAG[optinfra/oiUtil.cpp:2137:getRiseDelay]: Assert "(ta !=0) && (tlc_ !=0)"
**DIAG[optinfra/oiUtil.cpp:2148:getFallDelay]: Assert "(ta !=0) && (tlc_ !=0)"
**DIAG[../../include/oiTmVNetlist.hpp:287:oiTmVInstTermCL]: Assert "timeLibContext_"
**DIAG[../../include/oiTmVNetlist.hpp:287:oiTmVInstTermCL]: Assert "timeLibContext_"
**DIAG[../../include/oiTmVNetlist.hpp:287:oiTmVInstTermCL]: Assert "timeLibContext_"
**DIAG[../../include/oiTmVNetlist.hpp:287:oiTmVInstTermCL]: Assert "timeLibContext_"
**DIAG[../../include/oiTmVNetlist.hpp:287:oiTmVInstTermCL]: Assert "timeLibContext_"
**DIAG[optinfra/oiUtil.cpp:2137:getRiseDelay]: Assert "(ta !=0) && (tlc_ !=0)"
**DIAG[optinfra/oiUtil.cpp:2148:getFallDelay]: Assert "(ta !=0) && (tlc_ !=0)"
**DIAG[optinfra/oiUtil.cpp:2137:getRiseDelay]: Assert "(ta !=0) && (tlc_ !=0)"
**DIAG[optinfra/oiUtil.cpp:2148:getFallDelay]: Assert "(ta !=0) && (tlc_ !=0)"
**DIAG[optinfra/oiUtil.cpp:2137:getRiseDelay]: Assert "(ta !=0) && (tlc_ !=0)"
**DIAG[optinfra/oiUtil.cpp:2148:getFallDelay]: Assert "(ta !=0) && (tlc_ !=0)"
**DIAG[optinfra/oiUtil.cpp:2137:getRiseDelay]: Assert "(ta !=0) && (tlc_ !=0)"
**DIAG[optinfra/oiUtil.cpp:2148:getFallDelay]: Assert "(ta !=0) && (tlc_ !=0)"
**DIAG[../../include/oiTmVNetlist.hpp:287:oiTmVInstTermCL]: Assert "timeLibContext_"
**DIAG[../../include/oiTmVNetlist.hpp:287:oiTmVInstTermCL]: Assert "timeLibContext_"
**DIAG[../../include/oiTmVNetlist.hpp:287:oiTmVInstTermCL]: Assert "timeLibContext_"
**DIAG[../../include/oiTmVNetlist.hpp:287:oiTmVInstTermCL]: Assert "timeLibContext_"
**DIAG[../../include/oiTmVNetlist.hpp:287:oiTmVInstTermCL]: Assert "timeLibContext_"
**DIAG[../../include/oiTmVNetlist.hpp:287:oiTmVInstTermCL]: Assert "timeLibContext_"
**DIAG[../../include/oiTmVNetlist.hpp:287:oiTmVInstTermCL]: Assert "timeLibContext_"
**DIAG[optinfra/oiUtil.cpp:2137:getRiseDelay]: Assert "(ta !=0) && (tlc_ !=0)"
**DIAG[optinfra/oiUtil.cpp:2148:getFallDelay]: Assert "(ta !=0) && (tlc_ !=0)"
**DIAG[optinfra/oiUtil.cpp:2137:getRiseDelay]: Assert "(ta !=0) && (tlc_ !=0)"
**DIAG[optinfra/oiUtil.cpp:2148:getFallDelay]: Assert "(ta !=0) && (tlc_ !=0)"
**DIAG[optinfra/oiUtil.cpp:2137:getRiseDelay]: Assert "(ta !=0) && (tlc_ !=0)"
**DIAG[optinfra/oiUtil.cpp:2148:getFallDelay]: Assert "(ta !=0) && (tlc_ !=0)"
**DIAG[optinfra/oiUtil.cpp:2137:getRiseDelay]: Assert "(ta !=0) && (tlc_ !=0)"
**DIAG[optinfra/oiUtil.cpp:2148:getFallDelay]: Assert "(ta !=0) && (tlc_ !=0)"
**DIAG[optinfra/oiUtil.cpp:2137:getRiseDelay]: Assert "(ta !=0) && (tlc_ !=0)"
**DIAG[optinfra/oiUtil.cpp:2148:getFallDelay]: Assert "(ta !=0) && (tlc_ !=0)"
**DIAG[optinfra/oiUtil.cpp:2137:getRiseDelay]: Assert "(ta !=0) && (tlc_ !=0)"
**DIAG[optinfra/oiUtil.cpp:2148:getFallDelay]: Assert "(ta !=0) && (tlc_ !=0)"
**DIAG[../../include/oiTmVNetlist.hpp:287:oiTmVInstTermCL]: Assert "timeLibContext_"
**DIAG[../../include/oiTmVNetlist.hpp:287:oiTmVInstTermCL]: Assert "timeLibContext_"
**DIAG[../../include/oiTmVNetlist.hpp:287:oiTmVInstTermCL]: Assert "timeLibContext_"
**DIAG[../../include/oiTmVNetlist.hpp:287:oiTmVInstTermCL]: Assert "timeLibContext_"
**DIAG[../../include/oiTmVNetlist.hpp:287:oiTmVInstTermCL]: Assert "timeLibContext_"
**DIAG[../../include/oiTmVNetlist.hpp:287:oiTmVInstTermCL]: Assert "timeLibContext_"
**DIAG[../../include/oiTmVNetlist.hpp:287:oiTmVInstTermCL]: Assert "timeLibContext_"
**DIAG[optinfra/oiUtil.cpp:2137:getRiseDelay]: Assert "(ta !=0) && (tlc_ !=0)"
**DIAG[optinfra/oiUtil.cpp:2148:getFallDelay]: Assert "(ta !=0) && (tlc_ !=0)"
**DIAG[optinfra/oiUtil.cpp:2137:getRiseDelay]: Assert "(ta !=0) && (tlc_ !=0)"
**DIAG[optinfra/oiUtil.cpp:2148:getFallDelay]: Assert "(ta !=0) && (tlc_ !=0)"
**DIAG[optinfra/oiUtil.cpp:2137:getRiseDelay]: Assert "(ta !=0) && (tlc_ !=0)"
**DIAG[optinfra/oiUtil.cpp:2148:getFallDelay]: Assert "(ta !=0) && (tlc_ !=0)"
**DIAG[optinfra/oiUtil.cpp:2137:getRiseDelay]: Assert "(ta !=0) && (tlc_ !=0)"
**DIAG[optinfra/oiUtil.cpp:2148:getFallDelay]: Assert "(ta !=0) && (tlc_ !=0)"
**DIAG[optinfra/oiUtil.cpp:2137:getRiseDelay]: Assert "(ta !=0) && (tlc_ !=0)"
**DIAG[optinfra/oiUtil.cpp:2148:getFallDelay]: Assert "(ta !=0) && (tlc_ !=0)"
**DIAG[optinfra/oiUtil.cpp:2137:getRiseDelay]: Assert "(ta !=0) && (tlc_ !=0)"
**DIAG[optinfra/oiUtil.cpp:2148:getFallDelay]: Assert "(ta !=0) && (tlc_ !=0)"
**DIAG[../../include/oiTmVNetlist.hpp:287:oiTmVInstTermCL]: Assert "timeLibContext_"
**DIAG[../../include/oiTmVNetlist.hpp:287:oiTmVInstTermCL]: Assert "timeLibContext_"
**DIAG[../../include/oiTmVNetlist.hpp:287:oiTmVInstTermCL]: Assert "timeLibContext_"
**DIAG[../../include/oiTmVNetlist.hpp:287:oiTmVInstTermCL]: Assert "timeLibContext_"
**DIAG[../../include/oiTmVNetlist.hpp:287:oiTmVInstTermCL]: Assert "timeLibContext_"
**DIAG[../../include/oiTmVNetlist.hpp:287:oiTmVInstTermCL]: Assert "timeLibContext_"
**DIAG[../../include/oiTmVNetlist.hpp:287:oiTmVInstTermCL]: Assert "timeLibContext_"
**DIAG[optinfra/oiUtil.cpp:2137:getRiseDelay]: Assert "(ta !=0) && (tlc_ !=0)"
**DIAG[optinfra/oiUtil.cpp:2148:getFallDelay]: Assert "(ta !=0) && (tlc_ !=0)"
**DIAG[optinfra/oiUtil.cpp:2137:getRiseDelay]: Assert "(ta !=0) && (tlc_ !=0)"
**DIAG[optinfra/oiUtil.cpp:2148:getFallDelay]: Assert "(ta !=0) && (tlc_ !=0)"
**DIAG[optinfra/oiUtil.cpp:2137:getRiseDelay]: Assert "(ta !=0) && (tlc_ !=0)"
**DIAG[optinfra/oiUtil.cpp:2148:getFallDelay]: Assert "(ta !=0) && (tlc_ !=0)"
**DIAG[optinfra/oiUtil.cpp:2137:getRiseDelay]: Assert "(ta !=0) && (tlc_ !=0)"
**DIAG[optinfra/oiUtil.cpp:2148:getFallDelay]: Assert "(ta !=0) && (tlc_ !=0)"
**DIAG[optinfra/oiUtil.cpp:2137:getRiseDelay]: Assert "(ta !=0) && (tlc_ !=0)"
**DIAG[optinfra/oiUtil.cpp:2148:getFallDelay]: Assert "(ta !=0) && (tlc_ !=0)"
**DIAG[optinfra/oiUtil.cpp:2137:getRiseDelay]: Assert "(ta !=0) && (tlc_ !=0)"
**DIAG[optinfra/oiUtil.cpp:2148:getFallDelay]: Assert "(ta !=0) && (tlc_ !=0)"
**DIAG[../../include/oiTmVNetlist.hpp:287:oiTmVInstTermCL]: Assert "timeLibContext_"
**DIAG[../../include/oiTmVNetlist.hpp:287:oiTmVInstTermCL]: Assert "timeLibContext_"
**DIAG[../../include/oiTmVNetlist.hpp:287:oiTmVInstTermCL]: Assert "timeLibContext_"
**DIAG[../../include/oiTmVNetlist.hpp:287:oiTmVInstTermCL]: Assert "timeLibContext_"
**DIAG[../../include/oiTmVNetlist.hpp:287:oiTmVInstTermCL]: Assert "timeLibContext_"
**DIAG[../../include/oiTmVNetlist.hpp:287:oiTmVInstTermCL]: Assert "timeLibContext_"
**DIAG[../../include/oiTmVNetlist.hpp:287:oiTmVInstTermCL]: Assert "timeLibContext_"
**DIAG[optinfra/oiUtil.cpp:2137:getRiseDelay]: Assert "(ta !=0) && (tlc_ !=0)"
**DIAG[optinfra/oiUtil.cpp:2148:getFallDelay]: Assert "(ta !=0) && (tlc_ !=0)"
**DIAG[optinfra/oiUtil.cpp:2137:getRiseDelay]: Assert "(ta !=0) && (tlc_ !=0)"
**DIAG[optinfra/oiUtil.cpp:2148:getFallDelay]: Assert "(ta !=0) && (tlc_ !=0)"
**DIAG[optinfra/oiUtil.cpp:2137:getRiseDelay]: Assert "(ta !=0) && (tlc_ !=0)"
**DIAG[optinfra/oiUtil.cpp:2148:getFallDelay]: Assert "(ta !=0) && (tlc_ !=0)"
**DIAG[optinfra/oiUtil.cpp:2137:getRiseDelay]: Assert "(ta !=0) && (tlc_ !=0)"
**DIAG[optinfra/oiUtil.cpp:2148:getFallDelay]: Assert "(ta !=0) && (tlc_ !=0)"
**DIAG[optinfra/oiUtil.cpp:2137:getRiseDelay]: Assert "(ta !=0) && (tlc_ !=0)"
**DIAG[optinfra/oiUtil.cpp:2148:getFallDelay]: Assert "(ta !=0) && (tlc_ !=0)"
**DIAG[optinfra/oiUtil.cpp:2137:getRiseDelay]: Assert "(ta !=0) && (tlc_ !=0)"
**DIAG[optinfra/oiUtil.cpp:2148:getFallDelay]: Assert "(ta !=0) && (tlc_ !=0)"
**DIAG[../../include/oiTmVNetlist.hpp:287:oiTmVInstTermCL]: Assert "timeLibContext_"
**DIAG[../../include/oiTmVNetlist.hpp:287:oiTmVInstTermCL]: Assert "timeLibContext_"
**DIAG[../../include/oiTmVNetlist.hpp:287:oiTmVInstTermCL]: Assert "timeLibContext_"
**DIAG[../../include/oiTmVNetlist.hpp:287:oiTmVInstTermCL]: Assert "timeLibContext_"
**DIAG[../../include/oiTmVNetlist.hpp:287:oiTmVInstTermCL]: Assert "timeLibContext_"
**DIAG[../../include/oiTmVNetlist.hpp:287:oiTmVInstTermCL]: Assert "timeLibContext_"
**DIAG[../../include/oiTmVNetlist.hpp:287:oiTmVInstTermCL]: Assert "timeLibContext_"
**DIAG[optinfra/oiUtil.cpp:2137:getRiseDelay]: Assert "(ta !=0) && (tlc_ !=0)"
**DIAG[optinfra/oiUtil.cpp:2148:getFallDelay]: Assert "(ta !=0) && (tlc_ !=0)"
**DIAG[optinfra/oiUtil.cpp:2137:getRiseDelay]: Assert "(ta !=0) && (tlc_ !=0)"
**DIAG[optinfra/oiUtil.cpp:2148:getFallDelay]: Assert "(ta !=0) && (tlc_ !=0)"
**DIAG[optinfra/oiUtil.cpp:2137:getRiseDelay]: Assert "(ta !=0) && (tlc_ !=0)"
**DIAG[optinfra/oiUtil.cpp:2148:getFallDelay]: Assert "(ta !=0) && (tlc_ !=0)"
**DIAG[optinfra/oiUtil.cpp:2137:getRiseDelay]: Assert "(ta !=0) && (tlc_ !=0)"
**DIAG[optinfra/oiUtil.cpp:2148:getFallDelay]: Assert "(ta !=0) && (tlc_ !=0)"
**DIAG[optinfra/oiUtil.cpp:2137:getRiseDelay]: Assert "(ta !=0) && (tlc_ !=0)"
**DIAG[optinfra/oiUtil.cpp:2148:getFallDelay]: Assert "(ta !=0) && (tlc_ !=0)"
**DIAG[optinfra/oiUtil.cpp:2137:getRiseDelay]: Assert "(ta !=0) && (tlc_ !=0)"
**DIAG[optinfra/oiUtil.cpp:2148:getFallDelay]: Assert "(ta !=0) && (tlc_ !=0)"
**DIAG[../../include/oiTmVNetlist.hpp:287:oiTmVInstTermCL]: Assert "timeLibContext_"
**DIAG[../../include/oiTmVNetlist.hpp:287:oiTmVInstTermCL]: Assert "timeLibContext_"
**DIAG[../../include/oiTmVNetlist.hpp:287:oiTmVInstTermCL]: Assert "timeLibContext_"
**DIAG[../../include/oiTmVNetlist.hpp:287:oiTmVInstTermCL]: Assert "timeLibContext_"
**DIAG[../../include/oiTmVNetlist.hpp:287:oiTmVInstTermCL]: Assert "timeLibContext_"
**DIAG[../../include/oiTmVNetlist.hpp:287:oiTmVInstTermCL]: Assert "timeLibContext_"
**DIAG[../../include/oiTmVNetlist.hpp:287:oiTmVInstTermCL]: Assert "timeLibContext_"
**DIAG[optinfra/oiUtil.cpp:2137:getRiseDelay]: Assert "(ta !=0) && (tlc_ !=0)"
**DIAG[optinfra/oiUtil.cpp:2148:getFallDelay]: Assert "(ta !=0) && (tlc_ !=0)"
**DIAG[optinfra/oiUtil.cpp:2137:getRiseDelay]: Assert "(ta !=0) && (tlc_ !=0)"
**DIAG[optinfra/oiUtil.cpp:2148:getFallDelay]: Assert "(ta !=0) && (tlc_ !=0)"
**DIAG[optinfra/oiUtil.cpp:2137:getRiseDelay]: Assert "(ta !=0) && (tlc_ !=0)"
**DIAG[optinfra/oiUtil.cpp:2148:getFallDelay]: Assert "(ta !=0) && (tlc_ !=0)"
**DIAG[optinfra/oiUtil.cpp:2137:getRiseDelay]: Assert "(ta !=0) && (tlc_ !=0)"
**DIAG[optinfra/oiUtil.cpp:2148:getFallDelay]: Assert "(ta !=0) && (tlc_ !=0)"
**DIAG[optinfra/oiUtil.cpp:2137:getRiseDelay]: Assert "(ta !=0) && (tlc_ !=0)"
**DIAG[optinfra/oiUtil.cpp:2148:getFallDelay]: Assert "(ta !=0) && (tlc_ !=0)"
**DIAG[optinfra/oiUtil.cpp:2137:getRiseDelay]: Assert "(ta !=0) && (tlc_ !=0)"
**DIAG[optinfra/oiUtil.cpp:2148:getFallDelay]: Assert "(ta !=0) && (tlc_ !=0)"
**DIAG[../../include/oiTmVNetlist.hpp:287:oiTmVInstTermCL]: Assert "timeLibContext_"
**DIAG[../../include/oiTmVNetlist.hpp:287:oiTmVInstTermCL]: Assert "timeLibContext_"
**DIAG[../../include/oiTmVNetlist.hpp:287:oiTmVInstTermCL]: Assert "timeLibContext_"
**DIAG[../../include/oiTmVNetlist.hpp:287:oiTmVInstTermCL]: Assert "timeLibContext_"
**DIAG[../../include/oiTmVNetlist.hpp:287:oiTmVInstTermCL]: Assert "timeLibContext_"
**DIAG[../../include/oiTmVNetlist.hpp:287:oiTmVInstTermCL]: Assert "timeLibContext_"
**DIAG[../../include/oiTmVNetlist.hpp:287:oiTmVInstTermCL]: Assert "timeLibContext_"
**DIAG[optinfra/oiUtil.cpp:2137:getRiseDelay]: Assert "(ta !=0) && (tlc_ !=0)"
**DIAG[optinfra/oiUtil.cpp:2148:getFallDelay]: Assert "(ta !=0) && (tlc_ !=0)"
**DIAG[optinfra/oiUtil.cpp:2137:getRiseDelay]: Assert "(ta !=0) && (tlc_ !=0)"
**DIAG[optinfra/oiUtil.cpp:2148:getFallDelay]: Assert "(ta !=0) && (tlc_ !=0)"
**DIAG[optinfra/oiUtil.cpp:2137:getRiseDelay]: Assert "(ta !=0) && (tlc_ !=0)"
**DIAG[optinfra/oiUtil.cpp:2148:getFallDelay]: Assert "(ta !=0) && (tlc_ !=0)"
**DIAG[optinfra/oiUtil.cpp:2137:getRiseDelay]: Assert "(ta !=0) && (tlc_ !=0)"
**DIAG[optinfra/oiUtil.cpp:2148:getFallDelay]: Assert "(ta !=0) && (tlc_ !=0)"
**DIAG[optinfra/oiUtil.cpp:2137:getRiseDelay]: Assert "(ta !=0) && (tlc_ !=0)"
**DIAG[optinfra/oiUtil.cpp:2148:getFallDelay]: Assert "(ta !=0) && (tlc_ !=0)"
**DIAG[optinfra/oiUtil.cpp:2137:getRiseDelay]: Assert "(ta !=0) && (tlc_ !=0)"
**DIAG[optinfra/oiUtil.cpp:2148:getFallDelay]: Assert "(ta !=0) && (tlc_ !=0)"
**DIAG[../../include/oiTmVNetlist.hpp:287:oiTmVInstTermCL]: Assert "timeLibContext_"
**DIAG[../../include/oiTmVNetlist.hpp:287:oiTmVInstTermCL]: Assert "timeLibContext_"
**DIAG[../../include/oiTmVNetlist.hpp:287:oiTmVInstTermCL]: Assert "timeLibContext_"
**DIAG[../../include/oiTmVNetlist.hpp:287:oiTmVInstTermCL]: Assert "timeLibContext_"
**DIAG[../../include/oiTmVNetlist.hpp:287:oiTmVInstTermCL]: Assert "timeLibContext_"
**DIAG[../../include/oiTmVNetlist.hpp:287:oiTmVInstTermCL]: Assert "timeLibContext_"
**DIAG[../../include/oiTmVNetlist.hpp:287:oiTmVInstTermCL]: Assert "timeLibContext_"
**DIAG[optinfra/oiUtil.cpp:2137:getRiseDelay]: Assert "(ta !=0) && (tlc_ !=0)"
**DIAG[optinfra/oiUtil.cpp:2148:getFallDelay]: Assert "(ta !=0) && (tlc_ !=0)"
**DIAG[optinfra/oiUtil.cpp:2137:getRiseDelay]: Assert "(ta !=0) && (tlc_ !=0)"
**DIAG[optinfra/oiUtil.cpp:2148:getFallDelay]: Assert "(ta !=0) && (tlc_ !=0)"
**DIAG[optinfra/oiUtil.cpp:2137:getRiseDelay]: Assert "(ta !=0) && (tlc_ !=0)"
**DIAG[optinfra/oiUtil.cpp:2148:getFallDelay]: Assert "(ta !=0) && (tlc_ !=0)"
**DIAG[optinfra/oiUtil.cpp:2137:getRiseDelay]: Assert "(ta !=0) && (tlc_ !=0)"
**DIAG[optinfra/oiUtil.cpp:2148:getFallDelay]: Assert "(ta !=0) && (tlc_ !=0)"
**DIAG[optinfra/oiUtil.cpp:2137:getRiseDelay]: Assert "(ta !=0) && (tlc_ !=0)"
**DIAG[optinfra/oiUtil.cpp:2148:getFallDelay]: Assert "(ta !=0) && (tlc_ !=0)"
**DIAG[optinfra/oiUtil.cpp:2137:getRiseDelay]: Assert "(ta !=0) && (tlc_ !=0)"
**DIAG[optinfra/oiUtil.cpp:2148:getFallDelay]: Assert "(ta !=0) && (tlc_ !=0)"
**DIAG[../../include/oiTmVNetlist.hpp:287:oiTmVInstTermCL]: Assert "timeLibContext_"
**DIAG[../../include/oiTmVNetlist.hpp:287:oiTmVInstTermCL]: Assert "timeLibContext_"
**DIAG[../../include/oiTmVNetlist.hpp:287:oiTmVInstTermCL]: Assert "timeLibContext_"
**DIAG[../../include/oiTmVNetlist.hpp:287:oiTmVInstTermCL]: Assert "timeLibContext_"
**DIAG[../../include/oiTmVNetlist.hpp:287:oiTmVInstTermCL]: Assert "timeLibContext_"
**DIAG[../../include/oiTmVNetlist.hpp:287:oiTmVInstTermCL]: Assert "timeLibContext_"
**DIAG[../../include/oiTmVNetlist.hpp:287:oiTmVInstTermCL]: Assert "timeLibContext_"
**DIAG[optinfra/oiUtil.cpp:2137:getRiseDelay]: Assert "(ta !=0) && (tlc_ !=0)"
**DIAG[optinfra/oiUtil.cpp:2148:getFallDelay]: Assert "(ta !=0) && (tlc_ !=0)"
**DIAG[optinfra/oiUtil.cpp:2137:getRiseDelay]: Assert "(ta !=0) && (tlc_ !=0)"
**DIAG[optinfra/oiUtil.cpp:2148:getFallDelay]: Assert "(ta !=0) && (tlc_ !=0)"
**DIAG[optinfra/oiUtil.cpp:2137:getRiseDelay]: Assert "(ta !=0) && (tlc_ !=0)"
**DIAG[optinfra/oiUtil.cpp:2148:getFallDelay]: Assert "(ta !=0) && (tlc_ !=0)"
**DIAG[optinfra/oiUtil.cpp:2137:getRiseDelay]: Assert "(ta !=0) && (tlc_ !=0)"
**DIAG[optinfra/oiUtil.cpp:2148:getFallDelay]: Assert "(ta !=0) && (tlc_ !=0)"
**DIAG[optinfra/oiUtil.cpp:2137:getRiseDelay]: Assert "(ta !=0) && (tlc_ !=0)"
**DIAG[optinfra/oiUtil.cpp:2148:getFallDelay]: Assert "(ta !=0) && (tlc_ !=0)"
**DIAG[optinfra/oiUtil.cpp:2137:getRiseDelay]: Assert "(ta !=0) && (tlc_ !=0)"
**DIAG[optinfra/oiUtil.cpp:2148:getFallDelay]: Assert "(ta !=0) && (tlc_ !=0)"
**DIAG[../../include/oiTmVNetlist.hpp:287:oiTmVInstTermCL]: Assert "timeLibContext_"
**DIAG[../../include/oiTmVNetlist.hpp:287:oiTmVInstTermCL]: Assert "timeLibContext_"
**DIAG[../../include/oiTmVNetlist.hpp:287:oiTmVInstTermCL]: Assert "timeLibContext_"
**DIAG[../../include/oiTmVNetlist.hpp:287:oiTmVInstTermCL]: Assert "timeLibContext_"
**DIAG[../../include/oiTmVNetlist.hpp:287:oiTmVInstTermCL]: Assert "timeLibContext_"
**DIAG[../../include/oiTmVNetlist.hpp:287:oiTmVInstTermCL]: Assert "timeLibContext_"
**DIAG[../../include/oiTmVNetlist.hpp:287:oiTmVInstTermCL]: Assert "timeLibContext_"
**DIAG[optinfra/oiUtil.cpp:2137:getRiseDelay]: Assert "(ta !=0) && (tlc_ !=0)"
**DIAG[optinfra/oiUtil.cpp:2148:getFallDelay]: Assert "(ta !=0) && (tlc_ !=0)"
**DIAG[optinfra/oiUtil.cpp:2137:getRiseDelay]: Assert "(ta !=0) && (tlc_ !=0)"
**DIAG[optinfra/oiUtil.cpp:2148:getFallDelay]: Assert "(ta !=0) && (tlc_ !=0)"
**DIAG[optinfra/oiUtil.cpp:2137:getRiseDelay]: Assert "(ta !=0) && (tlc_ !=0)"
**DIAG[optinfra/oiUtil.cpp:2148:getFallDelay]: Assert "(ta !=0) && (tlc_ !=0)"
**DIAG[optinfra/oiUtil.cpp:2137:getRiseDelay]: Assert "(ta !=0) && (tlc_ !=0)"
**DIAG[optinfra/oiUtil.cpp:2148:getFallDelay]: Assert "(ta !=0) && (tlc_ !=0)"
**DIAG[optinfra/oiUtil.cpp:2137:getRiseDelay]: Assert "(ta !=0) && (tlc_ !=0)"
**DIAG[optinfra/oiUtil.cpp:2148:getFallDelay]: Assert "(ta !=0) && (tlc_ !=0)"
**DIAG[optinfra/oiUtil.cpp:2137:getRiseDelay]: Assert "(ta !=0) && (tlc_ !=0)"
**DIAG[optinfra/oiUtil.cpp:2148:getFallDelay]: Assert "(ta !=0) && (tlc_ !=0)"
**DIAG[../../include/oiTmVNetlist.hpp:287:oiTmVInstTermCL]: Assert "timeLibContext_"
**DIAG[../../include/oiTmVNetlist.hpp:287:oiTmVInstTermCL]: Assert "timeLibContext_"
**DIAG[../../include/oiTmVNetlist.hpp:287:oiTmVInstTermCL]: Assert "timeLibContext_"
**DIAG[../../include/oiTmVNetlist.hpp:287:oiTmVInstTermCL]: Assert "timeLibContext_"
**DIAG[../../include/oiTmVNetlist.hpp:287:oiTmVInstTermCL]: Assert "timeLibContext_"
**DIAG[../../include/oiTmVNetlist.hpp:287:oiTmVInstTermCL]: Assert "timeLibContext_"
**DIAG[../../include/oiTmVNetlist.hpp:287:oiTmVInstTermCL]: Assert "timeLibContext_"
**DIAG[optinfra/oiUtil.cpp:2137:getRiseDelay]: Assert "(ta !=0) && (tlc_ !=0)"
**DIAG[optinfra/oiUtil.cpp:2148:getFallDelay]: Assert "(ta !=0) && (tlc_ !=0)"
**DIAG[optinfra/oiUtil.cpp:2137:getRiseDelay]: Assert "(ta !=0) && (tlc_ !=0)"
**DIAG[optinfra/oiUtil.cpp:2148:getFallDelay]: Assert "(ta !=0) && (tlc_ !=0)"
**DIAG[optinfra/oiUtil.cpp:2137:getRiseDelay]: Assert "(ta !=0) && (tlc_ !=0)"
**DIAG[optinfra/oiUtil.cpp:2148:getFallDelay]: Assert "(ta !=0) && (tlc_ !=0)"
**DIAG[optinfra/oiUtil.cpp:2137:getRiseDelay]: Assert "(ta !=0) && (tlc_ !=0)"
**DIAG[optinfra/oiUtil.cpp:2148:getFallDelay]: Assert "(ta !=0) && (tlc_ !=0)"
**DIAG[optinfra/oiUtil.cpp:2137:getRiseDelay]: Assert "(ta !=0) && (tlc_ !=0)"
**DIAG[optinfra/oiUtil.cpp:2148:getFallDelay]: Assert "(ta !=0) && (tlc_ !=0)"
**DIAG[optinfra/oiUtil.cpp:2137:getRiseDelay]: Assert "(ta !=0) && (tlc_ !=0)"
**DIAG[optinfra/oiUtil.cpp:2148:getFallDelay]: Assert "(ta !=0) && (tlc_ !=0)"
**DIAG[../../include/oiTmVNetlist.hpp:287:oiTmVInstTermCL]: Assert "timeLibContext_"
**DIAG[../../include/oiTmVNetlist.hpp:287:oiTmVInstTermCL]: Assert "timeLibContext_"
**DIAG[../../include/oiTmVNetlist.hpp:287:oiTmVInstTermCL]: Assert "timeLibContext_"
**DIAG[../../include/oiTmVNetlist.hpp:287:oiTmVInstTermCL]: Assert "timeLibContext_"
**DIAG[../../include/oiTmVNetlist.hpp:287:oiTmVInstTermCL]: Assert "timeLibContext_"
**DIAG[../../include/oiTmVNetlist.hpp:287:oiTmVInstTermCL]: Assert "timeLibContext_"
**DIAG[../../include/oiTmVNetlist.hpp:287:oiTmVInstTermCL]: Assert "timeLibContext_"
**DIAG[optinfra/oiUtil.cpp:2137:getRiseDelay]: Assert "(ta !=0) && (tlc_ !=0)"
**DIAG[optinfra/oiUtil.cpp:2148:getFallDelay]: Assert "(ta !=0) && (tlc_ !=0)"
**DIAG[optinfra/oiUtil.cpp:2137:getRiseDelay]: Assert "(ta !=0) && (tlc_ !=0)"
**DIAG[optinfra/oiUtil.cpp:2148:getFallDelay]: Assert "(ta !=0) && (tlc_ !=0)"
**DIAG[optinfra/oiUtil.cpp:2137:getRiseDelay]: Assert "(ta !=0) && (tlc_ !=0)"
**DIAG[optinfra/oiUtil.cpp:2148:getFallDelay]: Assert "(ta !=0) && (tlc_ !=0)"
**DIAG[optinfra/oiUtil.cpp:2137:getRiseDelay]: Assert "(ta !=0) && (tlc_ !=0)"
**DIAG[optinfra/oiUtil.cpp:2148:getFallDelay]: Assert "(ta !=0) && (tlc_ !=0)"
**DIAG[optinfra/oiUtil.cpp:2137:getRiseDelay]: Assert "(ta !=0) && (tlc_ !=0)"
**DIAG[optinfra/oiUtil.cpp:2148:getFallDelay]: Assert "(ta !=0) && (tlc_ !=0)"
**DIAG[optinfra/oiUtil.cpp:2137:getRiseDelay]: Assert "(ta !=0) && (tlc_ !=0)"
**DIAG[optinfra/oiUtil.cpp:2148:getFallDelay]: Assert "(ta !=0) && (tlc_ !=0)"
**DIAG[../../include/oiTmVNetlist.hpp:287:oiTmVInstTermCL]: Assert "timeLibContext_"
**DIAG[../../include/oiTmVNetlist.hpp:287:oiTmVInstTermCL]: Assert "timeLibContext_"
**DIAG[../../include/oiTmVNetlist.hpp:287:oiTmVInstTermCL]: Assert "timeLibContext_"
**DIAG[../../include/oiTmVNetlist.hpp:287:oiTmVInstTermCL]: Assert "timeLibContext_"
**DIAG[../../include/oiTmVNetlist.hpp:287:oiTmVInstTermCL]: Assert "timeLibContext_"
**DIAG[../../include/oiTmVNetlist.hpp:287:oiTmVInstTermCL]: Assert "timeLibContext_"
**DIAG[../../include/oiTmVNetlist.hpp:287:oiTmVInstTermCL]: Assert "timeLibContext_"
**DIAG[optinfra/oiUtil.cpp:2137:getRiseDelay]: Assert "(ta !=0) && (tlc_ !=0)"
**DIAG[optinfra/oiUtil.cpp:2148:getFallDelay]: Assert "(ta !=0) && (tlc_ !=0)"
**DIAG[optinfra/oiUtil.cpp:2137:getRiseDelay]: Assert "(ta !=0) && (tlc_ !=0)"
**DIAG[optinfra/oiUtil.cpp:2148:getFallDelay]: Assert "(ta !=0) && (tlc_ !=0)"
**DIAG[optinfra/oiUtil.cpp:2137:getRiseDelay]: Assert "(ta !=0) && (tlc_ !=0)"
**DIAG[optinfra/oiUtil.cpp:2148:getFallDelay]: Assert "(ta !=0) && (tlc_ !=0)"
**DIAG[optinfra/oiUtil.cpp:2137:getRiseDelay]: Assert "(ta !=0) && (tlc_ !=0)"
**DIAG[optinfra/oiUtil.cpp:2148:getFallDelay]: Assert "(ta !=0) && (tlc_ !=0)"
**DIAG[optinfra/oiUtil.cpp:2137:getRiseDelay]: Assert "(ta !=0) && (tlc_ !=0)"
**DIAG[optinfra/oiUtil.cpp:2148:getFallDelay]: Assert "(ta !=0) && (tlc_ !=0)"
**DIAG[optinfra/oiUtil.cpp:2137:getRiseDelay]: Assert "(ta !=0) && (tlc_ !=0)"
**DIAG[optinfra/oiUtil.cpp:2148:getFallDelay]: Assert "(ta !=0) && (tlc_ !=0)"
**DIAG[../../include/oiTmVNetlist.hpp:287:oiTmVInstTermCL]: Assert "timeLibContext_"
**DIAG[../../include/oiTmVNetlist.hpp:287:oiTmVInstTermCL]: Assert "timeLibContext_"
**DIAG[../../include/oiTmVNetlist.hpp:287:oiTmVInstTermCL]: Assert "timeLibContext_"
**DIAG[../../include/oiTmVNetlist.hpp:287:oiTmVInstTermCL]: Assert "timeLibContext_"
**DIAG[../../include/oiTmVNetlist.hpp:287:oiTmVInstTermCL]: Assert "timeLibContext_"
**DIAG[../../include/oiTmVNetlist.hpp:287:oiTmVInstTermCL]: Assert "timeLibContext_"
**DIAG[../../include/oiTmVNetlist.hpp:287:oiTmVInstTermCL]: Assert "timeLibContext_"
**DIAG[optinfra/oiUtil.cpp:2137:getRiseDelay]: Assert "(ta !=0) && (tlc_ !=0)"
**DIAG[optinfra/oiUtil.cpp:2148:getFallDelay]: Assert "(ta !=0) && (tlc_ !=0)"
**DIAG[optinfra/oiUtil.cpp:2137:getRiseDelay]: Assert "(ta !=0) && (tlc_ !=0)"
**DIAG[optinfra/oiUtil.cpp:2148:getFallDelay]: Assert "(ta !=0) && (tlc_ !=0)"
**DIAG[optinfra/oiUtil.cpp:2137:getRiseDelay]: Assert "(ta !=0) && (tlc_ !=0)"
**DIAG[optinfra/oiUtil.cpp:2148:getFallDelay]: Assert "(ta !=0) && (tlc_ !=0)"
**DIAG[optinfra/oiUtil.cpp:2137:getRiseDelay]: Assert "(ta !=0) && (tlc_ !=0)"
**DIAG[optinfra/oiUtil.cpp:2148:getFallDelay]: Assert "(ta !=0) && (tlc_ !=0)"
**DIAG[optinfra/oiUtil.cpp:2137:getRiseDelay]: Assert "(ta !=0) && (tlc_ !=0)"
**DIAG[optinfra/oiUtil.cpp:2148:getFallDelay]: Assert "(ta !=0) && (tlc_ !=0)"
**DIAG[optinfra/oiUtil.cpp:2137:getRiseDelay]: Assert "(ta !=0) && (tlc_ !=0)"
**DIAG[optinfra/oiUtil.cpp:2148:getFallDelay]: Assert "(ta !=0) && (tlc_ !=0)"
**DIAG[../../include/oiTmVNetlist.hpp:287:oiTmVInstTermCL]: Assert "timeLibContext_"
**DIAG[../../include/oiTmVNetlist.hpp:287:oiTmVInstTermCL]: Assert "timeLibContext_"
**DIAG[../../include/oiTmVNetlist.hpp:287:oiTmVInstTermCL]: Assert "timeLibContext_"
**DIAG[../../include/oiTmVNetlist.hpp:287:oiTmVInstTermCL]: Assert "timeLibContext_"
**DIAG[../../include/oiTmVNetlist.hpp:287:oiTmVInstTermCL]: Assert "timeLibContext_"
**DIAG[../../include/oiTmVNetlist.hpp:287:oiTmVInstTermCL]: Assert "timeLibContext_"
**DIAG[../../include/oiTmVNetlist.hpp:287:oiTmVInstTermCL]: Assert "timeLibContext_"
**DIAG[optinfra/oiUtil.cpp:2137:getRiseDelay]: Assert "(ta !=0) && (tlc_ !=0)"
**DIAG[optinfra/oiUtil.cpp:2148:getFallDelay]: Assert "(ta !=0) && (tlc_ !=0)"
**DIAG[optinfra/oiUtil.cpp:2137:getRiseDelay]: Assert "(ta !=0) && (tlc_ !=0)"
**DIAG[optinfra/oiUtil.cpp:2148:getFallDelay]: Assert "(ta !=0) && (tlc_ !=0)"
**DIAG[optinfra/oiUtil.cpp:2137:getRiseDelay]: Assert "(ta !=0) && (tlc_ !=0)"
**DIAG[optinfra/oiUtil.cpp:2148:getFallDelay]: Assert "(ta !=0) && (tlc_ !=0)"
**DIAG[optinfra/oiUtil.cpp:2137:getRiseDelay]: Assert "(ta !=0) && (tlc_ !=0)"
**DIAG[optinfra/oiUtil.cpp:2148:getFallDelay]: Assert "(ta !=0) && (tlc_ !=0)"
**DIAG[optinfra/oiUtil.cpp:2137:getRiseDelay]: Assert "(ta !=0) && (tlc_ !=0)"
**DIAG[optinfra/oiUtil.cpp:2148:getFallDelay]: Assert "(ta !=0) && (tlc_ !=0)"
**DIAG[optinfra/oiUtil.cpp:2137:getRiseDelay]: Assert "(ta !=0) && (tlc_ !=0)"
**DIAG[optinfra/oiUtil.cpp:2148:getFallDelay]: Assert "(ta !=0) && (tlc_ !=0)"
**DIAG[../../include/oiTmVNetlist.hpp:287:oiTmVInstTermCL]: Assert "timeLibContext_"
**DIAG[../../include/oiTmVNetlist.hpp:287:oiTmVInstTermCL]: Assert "timeLibContext_"
**DIAG[../../include/oiTmVNetlist.hpp:287:oiTmVInstTermCL]: Assert "timeLibContext_"
**DIAG[../../include/oiTmVNetlist.hpp:287:oiTmVInstTermCL]: Assert "timeLibContext_"
**DIAG[../../include/oiTmVNetlist.hpp:287:oiTmVInstTermCL]: Assert "timeLibContext_"
**DIAG[../../include/oiTmVNetlist.hpp:287:oiTmVInstTermCL]: Assert "timeLibContext_"
**DIAG[../../include/oiTmVNetlist.hpp:287:oiTmVInstTermCL]: Assert "timeLibContext_"
**DIAG[optinfra/oiUtil.cpp:2137:getRiseDelay]: Assert "(ta !=0) && (tlc_ !=0)"
**DIAG[optinfra/oiUtil.cpp:2148:getFallDelay]: Assert "(ta !=0) && (tlc_ !=0)"
**DIAG[optinfra/oiUtil.cpp:2137:getRiseDelay]: Assert "(ta !=0) && (tlc_ !=0)"
**DIAG[optinfra/oiUtil.cpp:2148:getFallDelay]: Assert "(ta !=0) && (tlc_ !=0)"
**DIAG[optinfra/oiUtil.cpp:2137:getRiseDelay]: Assert "(ta !=0) && (tlc_ !=0)"
**DIAG[optinfra/oiUtil.cpp:2148:getFallDelay]: Assert "(ta !=0) && (tlc_ !=0)"
**DIAG[optinfra/oiUtil.cpp:2137:getRiseDelay]: Assert "(ta !=0) && (tlc_ !=0)"
**DIAG[optinfra/oiUtil.cpp:2148:getFallDelay]: Assert "(ta !=0) && (tlc_ !=0)"
**DIAG[optinfra/oiUtil.cpp:2137:getRiseDelay]: Assert "(ta !=0) && (tlc_ !=0)"
**DIAG[optinfra/oiUtil.cpp:2148:getFallDelay]: Assert "(ta !=0) && (tlc_ !=0)"
**DIAG[optinfra/oiUtil.cpp:2137:getRiseDelay]: Assert "(ta !=0) && (tlc_ !=0)"
**DIAG[optinfra/oiUtil.cpp:2148:getFallDelay]: Assert "(ta !=0) && (tlc_ !=0)"
**DIAG[../../include/oiTmVNetlist.hpp:287:oiTmVInstTermCL]: Assert "timeLibContext_"
**DIAG[../../include/oiTmVNetlist.hpp:287:oiTmVInstTermCL]: Assert "timeLibContext_"
**DIAG[../../include/oiTmVNetlist.hpp:287:oiTmVInstTermCL]: Assert "timeLibContext_"
**DIAG[../../include/oiTmVNetlist.hpp:287:oiTmVInstTermCL]: Assert "timeLibContext_"
**DIAG[../../include/oiTmVNetlist.hpp:287:oiTmVInstTermCL]: Assert "timeLibContext_"
**DIAG[../../include/oiTmVNetlist.hpp:287:oiTmVInstTermCL]: Assert "timeLibContext_"
**DIAG[../../include/oiTmVNetlist.hpp:287:oiTmVInstTermCL]: Assert "timeLibContext_"
**DIAG[../../include/oiTmVNetlist.hpp:287:oiTmVInstTermCL]: Assert "timeLibContext_"
**DIAG[../../include/oiTmVNetlist.hpp:287:oiTmVInstTermCL]: Assert "timeLibContext_"
**DIAG[optinfra/oiUtil.cpp:2137:getRiseDelay]: Assert "(ta !=0) && (tlc_ !=0)"
**DIAG[optinfra/oiUtil.cpp:2148:getFallDelay]: Assert "(ta !=0) && (tlc_ !=0)"
**DIAG[optinfra/oiUtil.cpp:2137:getRiseDelay]: Assert "(ta !=0) && (tlc_ !=0)"
**DIAG[optinfra/oiUtil.cpp:2148:getFallDelay]: Assert "(ta !=0) && (tlc_ !=0)"
**DIAG[optinfra/oiUtil.cpp:2137:getRiseDelay]: Assert "(ta !=0) && (tlc_ !=0)"
**DIAG[optinfra/oiUtil.cpp:2148:getFallDelay]: Assert "(ta !=0) && (tlc_ !=0)"
**DIAG[optinfra/oiUtil.cpp:2137:getRiseDelay]: Assert "(ta !=0) && (tlc_ !=0)"
**DIAG[optinfra/oiUtil.cpp:2148:getFallDelay]: Assert "(ta !=0) && (tlc_ !=0)"
**DIAG[optinfra/oiUtil.cpp:2137:getRiseDelay]: Assert "(ta !=0) && (tlc_ !=0)"
**DIAG[optinfra/oiUtil.cpp:2148:getFallDelay]: Assert "(ta !=0) && (tlc_ !=0)"
**DIAG[optinfra/oiUtil.cpp:2137:getRiseDelay]: Assert "(ta !=0) && (tlc_ !=0)"
**DIAG[optinfra/oiUtil.cpp:2148:getFallDelay]: Assert "(ta !=0) && (tlc_ !=0)"
**DIAG[optinfra/oiUtil.cpp:2137:getRiseDelay]: Assert "(ta !=0) && (tlc_ !=0)"
**DIAG[optinfra/oiUtil.cpp:2148:getFallDelay]: Assert "(ta !=0) && (tlc_ !=0)"
**DIAG[optinfra/oiUtil.cpp:2137:getRiseDelay]: Assert "(ta !=0) && (tlc_ !=0)"
**DIAG[optinfra/oiUtil.cpp:2148:getFallDelay]: Assert "(ta !=0) && (tlc_ !=0)"
**DIAG[../../include/oiTmVNetlist.hpp:287:oiTmVInstTermCL]: Assert "timeLibContext_"
**DIAG[../../include/oiTmVNetlist.hpp:287:oiTmVInstTermCL]: Assert "timeLibContext_"
**DIAG[../../include/oiTmVNetlist.hpp:287:oiTmVInstTermCL]: Assert "timeLibContext_"
**DIAG[../../include/oiTmVNetlist.hpp:287:oiTmVInstTermCL]: Assert "timeLibContext_"
**DIAG[../../include/oiTmVNetlist.hpp:287:oiTmVInstTermCL]: Assert "timeLibContext_"
**DIAG[../../include/oiTmVNetlist.hpp:287:oiTmVInstTermCL]: Assert "timeLibContext_"
**DIAG[../../include/oiTmVNetlist.hpp:287:oiTmVInstTermCL]: Assert "timeLibContext_"
**DIAG[../../include/oiTmVNetlist.hpp:287:oiTmVInstTermCL]: Assert "timeLibContext_"
**DIAG[../../include/oiTmVNetlist.hpp:287:oiTmVInstTermCL]: Assert "timeLibContext_"
**DIAG[optinfra/oiUtil.cpp:2137:getRiseDelay]: Assert "(ta !=0) && (tlc_ !=0)"
**DIAG[optinfra/oiUtil.cpp:2148:getFallDelay]: Assert "(ta !=0) && (tlc_ !=0)"
**DIAG[optinfra/oiUtil.cpp:2137:getRiseDelay]: Assert "(ta !=0) && (tlc_ !=0)"
**DIAG[optinfra/oiUtil.cpp:2148:getFallDelay]: Assert "(ta !=0) && (tlc_ !=0)"
**DIAG[optinfra/oiUtil.cpp:2137:getRiseDelay]: Assert "(ta !=0) && (tlc_ !=0)"
**DIAG[optinfra/oiUtil.cpp:2148:getFallDelay]: Assert "(ta !=0) && (tlc_ !=0)"
**DIAG[optinfra/oiUtil.cpp:2137:getRiseDelay]: Assert "(ta !=0) && (tlc_ !=0)"
**DIAG[optinfra/oiUtil.cpp:2148:getFallDelay]: Assert "(ta !=0) && (tlc_ !=0)"
**DIAG[optinfra/oiUtil.cpp:2137:getRiseDelay]: Assert "(ta !=0) && (tlc_ !=0)"
**DIAG[optinfra/oiUtil.cpp:2148:getFallDelay]: Assert "(ta !=0) && (tlc_ !=0)"
**DIAG[optinfra/oiUtil.cpp:2137:getRiseDelay]: Assert "(ta !=0) && (tlc_ !=0)"
**DIAG[optinfra/oiUtil.cpp:2148:getFallDelay]: Assert "(ta !=0) && (tlc_ !=0)"
**DIAG[optinfra/oiUtil.cpp:2137:getRiseDelay]: Assert "(ta !=0) && (tlc_ !=0)"
**DIAG[optinfra/oiUtil.cpp:2148:getFallDelay]: Assert "(ta !=0) && (tlc_ !=0)"
**DIAG[optinfra/oiUtil.cpp:2137:getRiseDelay]: Assert "(ta !=0) && (tlc_ !=0)"
**DIAG[optinfra/oiUtil.cpp:2148:getFallDelay]: Assert "(ta !=0) && (tlc_ !=0)"
**DIAG[../../include/oiTmVNetlist.hpp:287:oiTmVInstTermCL]: Assert "timeLibContext_"
**DIAG[../../include/oiTmVNetlist.hpp:287:oiTmVInstTermCL]: Assert "timeLibContext_"
**DIAG[../../include/oiTmVNetlist.hpp:287:oiTmVInstTermCL]: Assert "timeLibContext_"
**DIAG[../../include/oiTmVNetlist.hpp:287:oiTmVInstTermCL]: Assert "timeLibContext_"
**DIAG[../../include/oiTmVNetlist.hpp:287:oiTmVInstTermCL]: Assert "timeLibContext_"
**DIAG[../../include/oiTmVNetlist.hpp:287:oiTmVInstTermCL]: Assert "timeLibContext_"
**DIAG[../../include/oiTmVNetlist.hpp:287:oiTmVInstTermCL]: Assert "timeLibContext_"
**DIAG[../../include/oiTmVNetlist.hpp:287:oiTmVInstTermCL]: Assert "timeLibContext_"
**DIAG[../../include/oiTmVNetlist.hpp:287:oiTmVInstTermCL]: Assert "timeLibContext_"
**DIAG[optinfra/oiUtil.cpp:2137:getRiseDelay]: Assert "(ta !=0) && (tlc_ !=0)"
**DIAG[optinfra/oiUtil.cpp:2148:getFallDelay]: Assert "(ta !=0) && (tlc_ !=0)"
**DIAG[optinfra/oiUtil.cpp:2137:getRiseDelay]: Assert "(ta !=0) && (tlc_ !=0)"
**DIAG[optinfra/oiUtil.cpp:2148:getFallDelay]: Assert "(ta !=0) && (tlc_ !=0)"
**DIAG[optinfra/oiUtil.cpp:2137:getRiseDelay]: Assert "(ta !=0) && (tlc_ !=0)"
**DIAG[optinfra/oiUtil.cpp:2148:getFallDelay]: Assert "(ta !=0) && (tlc_ !=0)"
**DIAG[optinfra/oiUtil.cpp:2137:getRiseDelay]: Assert "(ta !=0) && (tlc_ !=0)"
**DIAG[optinfra/oiUtil.cpp:2148:getFallDelay]: Assert "(ta !=0) && (tlc_ !=0)"
**DIAG[optinfra/oiUtil.cpp:2137:getRiseDelay]: Assert "(ta !=0) && (tlc_ !=0)"
**DIAG[optinfra/oiUtil.cpp:2148:getFallDelay]: Assert "(ta !=0) && (tlc_ !=0)"
**DIAG[optinfra/oiUtil.cpp:2137:getRiseDelay]: Assert "(ta !=0) && (tlc_ !=0)"
**DIAG[optinfra/oiUtil.cpp:2148:getFallDelay]: Assert "(ta !=0) && (tlc_ !=0)"
**DIAG[optinfra/oiUtil.cpp:2137:getRiseDelay]: Assert "(ta !=0) && (tlc_ !=0)"
**DIAG[optinfra/oiUtil.cpp:2148:getFallDelay]: Assert "(ta !=0) && (tlc_ !=0)"
**DIAG[optinfra/oiUtil.cpp:2137:getRiseDelay]: Assert "(ta !=0) && (tlc_ !=0)"
**DIAG[optinfra/oiUtil.cpp:2148:getFallDelay]: Assert "(ta !=0) && (tlc_ !=0)"
**DIAG[../../include/oiTmVNetlist.hpp:287:oiTmVInstTermCL]: Assert "timeLibContext_"
**DIAG[../../include/oiTmVNetlist.hpp:287:oiTmVInstTermCL]: Assert "timeLibContext_"
**DIAG[../../include/oiTmVNetlist.hpp:287:oiTmVInstTermCL]: Assert "timeLibContext_"
**DIAG[../../include/oiTmVNetlist.hpp:287:oiTmVInstTermCL]: Assert "timeLibContext_"
**DIAG[../../include/oiTmVNetlist.hpp:287:oiTmVInstTermCL]: Assert "timeLibContext_"
**DIAG[../../include/oiTmVNetlist.hpp:287:oiTmVInstTermCL]: Assert "timeLibContext_"
**DIAG[../../include/oiTmVNetlist.hpp:287:oiTmVInstTermCL]: Assert "timeLibContext_"
**DIAG[../../include/oiTmVNetlist.hpp:287:oiTmVInstTermCL]: Assert "timeLibContext_"
**DIAG[../../include/oiTmVNetlist.hpp:287:oiTmVInstTermCL]: Assert "timeLibContext_"
**DIAG[optinfra/oiUtil.cpp:2137:getRiseDelay]: Assert "(ta !=0) && (tlc_ !=0)"
**DIAG[optinfra/oiUtil.cpp:2148:getFallDelay]: Assert "(ta !=0) && (tlc_ !=0)"
**DIAG[optinfra/oiUtil.cpp:2137:getRiseDelay]: Assert "(ta !=0) && (tlc_ !=0)"
**DIAG[optinfra/oiUtil.cpp:2148:getFallDelay]: Assert "(ta !=0) && (tlc_ !=0)"
**DIAG[optinfra/oiUtil.cpp:2137:getRiseDelay]: Assert "(ta !=0) && (tlc_ !=0)"
**DIAG[optinfra/oiUtil.cpp:2148:getFallDelay]: Assert "(ta !=0) && (tlc_ !=0)"
**DIAG[optinfra/oiUtil.cpp:2137:getRiseDelay]: Assert "(ta !=0) && (tlc_ !=0)"
**DIAG[optinfra/oiUtil.cpp:2148:getFallDelay]: Assert "(ta !=0) && (tlc_ !=0)"
**DIAG[optinfra/oiUtil.cpp:2137:getRiseDelay]: Assert "(ta !=0) && (tlc_ !=0)"
**DIAG[optinfra/oiUtil.cpp:2148:getFallDelay]: Assert "(ta !=0) && (tlc_ !=0)"
**DIAG[optinfra/oiUtil.cpp:2137:getRiseDelay]: Assert "(ta !=0) && (tlc_ !=0)"
**DIAG[optinfra/oiUtil.cpp:2148:getFallDelay]: Assert "(ta !=0) && (tlc_ !=0)"
**DIAG[optinfra/oiUtil.cpp:2137:getRiseDelay]: Assert "(ta !=0) && (tlc_ !=0)"
**DIAG[optinfra/oiUtil.cpp:2148:getFallDelay]: Assert "(ta !=0) && (tlc_ !=0)"
**DIAG[optinfra/oiUtil.cpp:2137:getRiseDelay]: Assert "(ta !=0) && (tlc_ !=0)"
**DIAG[optinfra/oiUtil.cpp:2148:getFallDelay]: Assert "(ta !=0) && (tlc_ !=0)"
**DIAG[../../include/oiTmVNetlist.hpp:287:oiTmVInstTermCL]: Assert "timeLibContext_"
**DIAG[../../include/oiTmVNetlist.hpp:287:oiTmVInstTermCL]: Assert "timeLibContext_"
**DIAG[../../include/oiTmVNetlist.hpp:287:oiTmVInstTermCL]: Assert "timeLibContext_"
**DIAG[../../include/oiTmVNetlist.hpp:287:oiTmVInstTermCL]: Assert "timeLibContext_"
**DIAG[../../include/oiTmVNetlist.hpp:287:oiTmVInstTermCL]: Assert "timeLibContext_"
**DIAG[../../include/oiTmVNetlist.hpp:287:oiTmVInstTermCL]: Assert "timeLibContext_"
**DIAG[../../include/oiTmVNetlist.hpp:287:oiTmVInstTermCL]: Assert "timeLibContext_"
**DIAG[../../include/oiTmVNetlist.hpp:287:oiTmVInstTermCL]: Assert "timeLibContext_"
**DIAG[../../include/oiTmVNetlist.hpp:287:oiTmVInstTermCL]: Assert "timeLibContext_"
**DIAG[optinfra/oiUtil.cpp:2137:getRiseDelay]: Assert "(ta !=0) && (tlc_ !=0)"
**DIAG[optinfra/oiUtil.cpp:2148:getFallDelay]: Assert "(ta !=0) && (tlc_ !=0)"
**DIAG[optinfra/oiUtil.cpp:2137:getRiseDelay]: Assert "(ta !=0) && (tlc_ !=0)"
**DIAG[optinfra/oiUtil.cpp:2148:getFallDelay]: Assert "(ta !=0) && (tlc_ !=0)"
**DIAG[optinfra/oiUtil.cpp:2137:getRiseDelay]: Assert "(ta !=0) && (tlc_ !=0)"
**DIAG[optinfra/oiUtil.cpp:2148:getFallDelay]: Assert "(ta !=0) && (tlc_ !=0)"
**DIAG[optinfra/oiUtil.cpp:2137:getRiseDelay]: Assert "(ta !=0) && (tlc_ !=0)"
**DIAG[optinfra/oiUtil.cpp:2148:getFallDelay]: Assert "(ta !=0) && (tlc_ !=0)"
**DIAG[optinfra/oiUtil.cpp:2137:getRiseDelay]: Assert "(ta !=0) && (tlc_ !=0)"
**DIAG[optinfra/oiUtil.cpp:2148:getFallDelay]: Assert "(ta !=0) && (tlc_ !=0)"
**DIAG[optinfra/oiUtil.cpp:2137:getRiseDelay]: Assert "(ta !=0) && (tlc_ !=0)"
**DIAG[optinfra/oiUtil.cpp:2148:getFallDelay]: Assert "(ta !=0) && (tlc_ !=0)"
**DIAG[optinfra/oiUtil.cpp:2137:getRiseDelay]: Assert "(ta !=0) && (tlc_ !=0)"
**DIAG[optinfra/oiUtil.cpp:2148:getFallDelay]: Assert "(ta !=0) && (tlc_ !=0)"
**DIAG[optinfra/oiUtil.cpp:2137:getRiseDelay]: Assert "(ta !=0) && (tlc_ !=0)"
**DIAG[optinfra/oiUtil.cpp:2148:getFallDelay]: Assert "(ta !=0) && (tlc_ !=0)"
**DIAG[../../include/oiTmVNetlist.hpp:287:oiTmVInstTermCL]: Assert "timeLibContext_"
**DIAG[../../include/oiTmVNetlist.hpp:287:oiTmVInstTermCL]: Assert "timeLibContext_"
**DIAG[../../include/oiTmVNetlist.hpp:287:oiTmVInstTermCL]: Assert "timeLibContext_"
**DIAG[../../include/oiTmVNetlist.hpp:287:oiTmVInstTermCL]: Assert "timeLibContext_"
**DIAG[../../include/oiTmVNetlist.hpp:287:oiTmVInstTermCL]: Assert "timeLibContext_"
**DIAG[../../include/oiTmVNetlist.hpp:287:oiTmVInstTermCL]: Assert "timeLibContext_"
**DIAG[../../include/oiTmVNetlist.hpp:287:oiTmVInstTermCL]: Assert "timeLibContext_"
**DIAG[../../include/oiTmVNetlist.hpp:287:oiTmVInstTermCL]: Assert "timeLibContext_"
**DIAG[../../include/oiTmVNetlist.hpp:287:oiTmVInstTermCL]: Assert "timeLibContext_"
**DIAG[optinfra/oiUtil.cpp:2137:getRiseDelay]: Assert "(ta !=0) && (tlc_ !=0)"
**DIAG[optinfra/oiUtil.cpp:2148:getFallDelay]: Assert "(ta !=0) && (tlc_ !=0)"
**DIAG[optinfra/oiUtil.cpp:2137:getRiseDelay]: Assert "(ta !=0) && (tlc_ !=0)"
**DIAG[optinfra/oiUtil.cpp:2148:getFallDelay]: Assert "(ta !=0) && (tlc_ !=0)"
**DIAG[optinfra/oiUtil.cpp:2137:getRiseDelay]: Assert "(ta !=0) && (tlc_ !=0)"
**DIAG[optinfra/oiUtil.cpp:2148:getFallDelay]: Assert "(ta !=0) && (tlc_ !=0)"
**DIAG[optinfra/oiUtil.cpp:2137:getRiseDelay]: Assert "(ta !=0) && (tlc_ !=0)"
**DIAG[optinfra/oiUtil.cpp:2148:getFallDelay]: Assert "(ta !=0) && (tlc_ !=0)"
**DIAG[optinfra/oiUtil.cpp:2137:getRiseDelay]: Assert "(ta !=0) && (tlc_ !=0)"
**DIAG[optinfra/oiUtil.cpp:2148:getFallDelay]: Assert "(ta !=0) && (tlc_ !=0)"
**DIAG[optinfra/oiUtil.cpp:2137:getRiseDelay]: Assert "(ta !=0) && (tlc_ !=0)"
**DIAG[optinfra/oiUtil.cpp:2148:getFallDelay]: Assert "(ta !=0) && (tlc_ !=0)"
**DIAG[optinfra/oiUtil.cpp:2137:getRiseDelay]: Assert "(ta !=0) && (tlc_ !=0)"
**DIAG[optinfra/oiUtil.cpp:2148:getFallDelay]: Assert "(ta !=0) && (tlc_ !=0)"
**DIAG[optinfra/oiUtil.cpp:2137:getRiseDelay]: Assert "(ta !=0) && (tlc_ !=0)"
**DIAG[optinfra/oiUtil.cpp:2148:getFallDelay]: Assert "(ta !=0) && (tlc_ !=0)"
**DIAG[../../include/oiTmVNetlist.hpp:287:oiTmVInstTermCL]: Assert "timeLibContext_"
**DIAG[../../include/oiTmVNetlist.hpp:287:oiTmVInstTermCL]: Assert "timeLibContext_"
**DIAG[../../include/oiTmVNetlist.hpp:287:oiTmVInstTermCL]: Assert "timeLibContext_"
**DIAG[../../include/oiTmVNetlist.hpp:287:oiTmVInstTermCL]: Assert "timeLibContext_"
**DIAG[../../include/oiTmVNetlist.hpp:287:oiTmVInstTermCL]: Assert "timeLibContext_"
**DIAG[../../include/oiTmVNetlist.hpp:287:oiTmVInstTermCL]: Assert "timeLibContext_"
**DIAG[../../include/oiTmVNetlist.hpp:287:oiTmVInstTermCL]: Assert "timeLibContext_"
**DIAG[../../include/oiTmVNetlist.hpp:287:oiTmVInstTermCL]: Assert "timeLibContext_"
**DIAG[../../include/oiTmVNetlist.hpp:287:oiTmVInstTermCL]: Assert "timeLibContext_"
**DIAG[optinfra/oiUtil.cpp:2137:getRiseDelay]: Assert "(ta !=0) && (tlc_ !=0)"
**DIAG[optinfra/oiUtil.cpp:2148:getFallDelay]: Assert "(ta !=0) && (tlc_ !=0)"
**DIAG[optinfra/oiUtil.cpp:2137:getRiseDelay]: Assert "(ta !=0) && (tlc_ !=0)"
**DIAG[optinfra/oiUtil.cpp:2148:getFallDelay]: Assert "(ta !=0) && (tlc_ !=0)"
**DIAG[optinfra/oiUtil.cpp:2137:getRiseDelay]: Assert "(ta !=0) && (tlc_ !=0)"
**DIAG[optinfra/oiUtil.cpp:2148:getFallDelay]: Assert "(ta !=0) && (tlc_ !=0)"
**DIAG[optinfra/oiUtil.cpp:2137:getRiseDelay]: Assert "(ta !=0) && (tlc_ !=0)"
**DIAG[optinfra/oiUtil.cpp:2148:getFallDelay]: Assert "(ta !=0) && (tlc_ !=0)"
**DIAG[optinfra/oiUtil.cpp:2137:getRiseDelay]: Assert "(ta !=0) && (tlc_ !=0)"
**DIAG[optinfra/oiUtil.cpp:2148:getFallDelay]: Assert "(ta !=0) && (tlc_ !=0)"
**DIAG[optinfra/oiUtil.cpp:2137:getRiseDelay]: Assert "(ta !=0) && (tlc_ !=0)"
**DIAG[optinfra/oiUtil.cpp:2148:getFallDelay]: Assert "(ta !=0) && (tlc_ !=0)"
**DIAG[optinfra/oiUtil.cpp:2137:getRiseDelay]: Assert "(ta !=0) && (tlc_ !=0)"
**DIAG[optinfra/oiUtil.cpp:2148:getFallDelay]: Assert "(ta !=0) && (tlc_ !=0)"
**DIAG[optinfra/oiUtil.cpp:2137:getRiseDelay]: Assert "(ta !=0) && (tlc_ !=0)"
**DIAG[optinfra/oiUtil.cpp:2148:getFallDelay]: Assert "(ta !=0) && (tlc_ !=0)"
**DIAG[../../include/oiTmVNetlist.hpp:287:oiTmVInstTermCL]: Assert "timeLibContext_"
**DIAG[../../include/oiTmVNetlist.hpp:287:oiTmVInstTermCL]: Assert "timeLibContext_"
**DIAG[../../include/oiTmVNetlist.hpp:287:oiTmVInstTermCL]: Assert "timeLibContext_"
**DIAG[../../include/oiTmVNetlist.hpp:287:oiTmVInstTermCL]: Assert "timeLibContext_"
**DIAG[../../include/oiTmVNetlist.hpp:287:oiTmVInstTermCL]: Assert "timeLibContext_"
**DIAG[../../include/oiTmVNetlist.hpp:287:oiTmVInstTermCL]: Assert "timeLibContext_"
**DIAG[../../include/oiTmVNetlist.hpp:287:oiTmVInstTermCL]: Assert "timeLibContext_"
**DIAG[../../include/oiTmVNetlist.hpp:287:oiTmVInstTermCL]: Assert "timeLibContext_"
**DIAG[../../include/oiTmVNetlist.hpp:287:oiTmVInstTermCL]: Assert "timeLibContext_"
**DIAG[optinfra/oiUtil.cpp:2137:getRiseDelay]: Assert "(ta !=0) && (tlc_ !=0)"
**DIAG[optinfra/oiUtil.cpp:2148:getFallDelay]: Assert "(ta !=0) && (tlc_ !=0)"
**DIAG[optinfra/oiUtil.cpp:2137:getRiseDelay]: Assert "(ta !=0) && (tlc_ !=0)"
**DIAG[optinfra/oiUtil.cpp:2148:getFallDelay]: Assert "(ta !=0) && (tlc_ !=0)"
**DIAG[optinfra/oiUtil.cpp:2137:getRiseDelay]: Assert "(ta !=0) && (tlc_ !=0)"
**DIAG[optinfra/oiUtil.cpp:2148:getFallDelay]: Assert "(ta !=0) && (tlc_ !=0)"
**DIAG[optinfra/oiUtil.cpp:2137:getRiseDelay]: Assert "(ta !=0) && (tlc_ !=0)"
**DIAG[optinfra/oiUtil.cpp:2148:getFallDelay]: Assert "(ta !=0) && (tlc_ !=0)"
**DIAG[optinfra/oiUtil.cpp:2137:getRiseDelay]: Assert "(ta !=0) && (tlc_ !=0)"
**DIAG[optinfra/oiUtil.cpp:2148:getFallDelay]: Assert "(ta !=0) && (tlc_ !=0)"
**DIAG[optinfra/oiUtil.cpp:2137:getRiseDelay]: Assert "(ta !=0) && (tlc_ !=0)"
**DIAG[optinfra/oiUtil.cpp:2148:getFallDelay]: Assert "(ta !=0) && (tlc_ !=0)"
**DIAG[optinfra/oiUtil.cpp:2137:getRiseDelay]: Assert "(ta !=0) && (tlc_ !=0)"
**DIAG[optinfra/oiUtil.cpp:2148:getFallDelay]: Assert "(ta !=0) && (tlc_ !=0)"
**DIAG[optinfra/oiUtil.cpp:2137:getRiseDelay]: Assert "(ta !=0) && (tlc_ !=0)"
**DIAG[optinfra/oiUtil.cpp:2148:getFallDelay]: Assert "(ta !=0) && (tlc_ !=0)"
**DIAG[../../include/oiTmVNetlist.hpp:287:oiTmVInstTermCL]: Assert "timeLibContext_"
**DIAG[../../include/oiTmVNetlist.hpp:287:oiTmVInstTermCL]: Assert "timeLibContext_"
**DIAG[../../include/oiTmVNetlist.hpp:287:oiTmVInstTermCL]: Assert "timeLibContext_"
**DIAG[../../include/oiTmVNetlist.hpp:287:oiTmVInstTermCL]: Assert "timeLibContext_"
**DIAG[../../include/oiTmVNetlist.hpp:287:oiTmVInstTermCL]: Assert "timeLibContext_"
**DIAG[../../include/oiTmVNetlist.hpp:287:oiTmVInstTermCL]: Assert "timeLibContext_"
**DIAG[../../include/oiTmVNetlist.hpp:287:oiTmVInstTermCL]: Assert "timeLibContext_"
**DIAG[../../include/oiTmVNetlist.hpp:287:oiTmVInstTermCL]: Assert "timeLibContext_"
**DIAG[../../include/oiTmVNetlist.hpp:287:oiTmVInstTermCL]: Assert "timeLibContext_"
**DIAG[optinfra/oiUtil.cpp:2137:getRiseDelay]: Assert "(ta !=0) && (tlc_ !=0)"
**DIAG[optinfra/oiUtil.cpp:2148:getFallDelay]: Assert "(ta !=0) && (tlc_ !=0)"
**DIAG[optinfra/oiUtil.cpp:2137:getRiseDelay]: Assert "(ta !=0) && (tlc_ !=0)"
**DIAG[optinfra/oiUtil.cpp:2148:getFallDelay]: Assert "(ta !=0) && (tlc_ !=0)"
**DIAG[optinfra/oiUtil.cpp:2137:getRiseDelay]: Assert "(ta !=0) && (tlc_ !=0)"
**DIAG[optinfra/oiUtil.cpp:2148:getFallDelay]: Assert "(ta !=0) && (tlc_ !=0)"
**DIAG[optinfra/oiUtil.cpp:2137:getRiseDelay]: Assert "(ta !=0) && (tlc_ !=0)"
**DIAG[optinfra/oiUtil.cpp:2148:getFallDelay]: Assert "(ta !=0) && (tlc_ !=0)"
**DIAG[optinfra/oiUtil.cpp:2137:getRiseDelay]: Assert "(ta !=0) && (tlc_ !=0)"
**DIAG[optinfra/oiUtil.cpp:2148:getFallDelay]: Assert "(ta !=0) && (tlc_ !=0)"
**DIAG[optinfra/oiUtil.cpp:2137:getRiseDelay]: Assert "(ta !=0) && (tlc_ !=0)"
**DIAG[optinfra/oiUtil.cpp:2148:getFallDelay]: Assert "(ta !=0) && (tlc_ !=0)"
**DIAG[optinfra/oiUtil.cpp:2137:getRiseDelay]: Assert "(ta !=0) && (tlc_ !=0)"
**DIAG[optinfra/oiUtil.cpp:2148:getFallDelay]: Assert "(ta !=0) && (tlc_ !=0)"
**DIAG[optinfra/oiUtil.cpp:2137:getRiseDelay]: Assert "(ta !=0) && (tlc_ !=0)"
**DIAG[optinfra/oiUtil.cpp:2148:getFallDelay]: Assert "(ta !=0) && (tlc_ !=0)"
**DIAG[../../include/oiTmVNetlist.hpp:287:oiTmVInstTermCL]: Assert "timeLibContext_"
**DIAG[../../include/oiTmVNetlist.hpp:287:oiTmVInstTermCL]: Assert "timeLibContext_"
**DIAG[../../include/oiTmVNetlist.hpp:287:oiTmVInstTermCL]: Assert "timeLibContext_"
**DIAG[../../include/oiTmVNetlist.hpp:287:oiTmVInstTermCL]: Assert "timeLibContext_"
**DIAG[../../include/oiTmVNetlist.hpp:287:oiTmVInstTermCL]: Assert "timeLibContext_"
**DIAG[../../include/oiTmVNetlist.hpp:287:oiTmVInstTermCL]: Assert "timeLibContext_"
**DIAG[../../include/oiTmVNetlist.hpp:287:oiTmVInstTermCL]: Assert "timeLibContext_"
**DIAG[../../include/oiTmVNetlist.hpp:287:oiTmVInstTermCL]: Assert "timeLibContext_"
**DIAG[../../include/oiTmVNetlist.hpp:287:oiTmVInstTermCL]: Assert "timeLibContext_"
**DIAG[optinfra/oiUtil.cpp:2137:getRiseDelay]: Assert "(ta !=0) && (tlc_ !=0)"
**DIAG[optinfra/oiUtil.cpp:2148:getFallDelay]: Assert "(ta !=0) && (tlc_ !=0)"
**DIAG[optinfra/oiUtil.cpp:2137:getRiseDelay]: Assert "(ta !=0) && (tlc_ !=0)"
**DIAG[optinfra/oiUtil.cpp:2148:getFallDelay]: Assert "(ta !=0) && (tlc_ !=0)"
**DIAG[optinfra/oiUtil.cpp:2137:getRiseDelay]: Assert "(ta !=0) && (tlc_ !=0)"
**DIAG[optinfra/oiUtil.cpp:2148:getFallDelay]: Assert "(ta !=0) && (tlc_ !=0)"
**DIAG[optinfra/oiUtil.cpp:2137:getRiseDelay]: Assert "(ta !=0) && (tlc_ !=0)"
**DIAG[optinfra/oiUtil.cpp:2148:getFallDelay]: Assert "(ta !=0) && (tlc_ !=0)"
**DIAG[optinfra/oiUtil.cpp:2137:getRiseDelay]: Assert "(ta !=0) && (tlc_ !=0)"
**DIAG[optinfra/oiUtil.cpp:2148:getFallDelay]: Assert "(ta !=0) && (tlc_ !=0)"
**DIAG[optinfra/oiUtil.cpp:2137:getRiseDelay]: Assert "(ta !=0) && (tlc_ !=0)"
**DIAG[optinfra/oiUtil.cpp:2148:getFallDelay]: Assert "(ta !=0) && (tlc_ !=0)"
**DIAG[optinfra/oiUtil.cpp:2137:getRiseDelay]: Assert "(ta !=0) && (tlc_ !=0)"
**DIAG[optinfra/oiUtil.cpp:2148:getFallDelay]: Assert "(ta !=0) && (tlc_ !=0)"
**DIAG[optinfra/oiUtil.cpp:2137:getRiseDelay]: Assert "(ta !=0) && (tlc_ !=0)"
**DIAG[optinfra/oiUtil.cpp:2148:getFallDelay]: Assert "(ta !=0) && (tlc_ !=0)"
**DIAG[../../include/oiTmVNetlist.hpp:287:oiTmVInstTermCL]: Assert "timeLibContext_"
**DIAG[../../include/oiTmVNetlist.hpp:287:oiTmVInstTermCL]: Assert "timeLibContext_"
**DIAG[../../include/oiTmVNetlist.hpp:287:oiTmVInstTermCL]: Assert "timeLibContext_"
**DIAG[../../include/oiTmVNetlist.hpp:287:oiTmVInstTermCL]: Assert "timeLibContext_"
**DIAG[../../include/oiTmVNetlist.hpp:287:oiTmVInstTermCL]: Assert "timeLibContext_"
**DIAG[../../include/oiTmVNetlist.hpp:287:oiTmVInstTermCL]: Assert "timeLibContext_"
**DIAG[../../include/oiTmVNetlist.hpp:287:oiTmVInstTermCL]: Assert "timeLibContext_"
**DIAG[../../include/oiTmVNetlist.hpp:287:oiTmVInstTermCL]: Assert "timeLibContext_"
**DIAG[../../include/oiTmVNetlist.hpp:287:oiTmVInstTermCL]: Assert "timeLibContext_"
**DIAG[optinfra/oiUtil.cpp:2137:getRiseDelay]: Assert "(ta !=0) && (tlc_ !=0)"
**DIAG[optinfra/oiUtil.cpp:2148:getFallDelay]: Assert "(ta !=0) && (tlc_ !=0)"
**DIAG[optinfra/oiUtil.cpp:2137:getRiseDelay]: Assert "(ta !=0) && (tlc_ !=0)"
**DIAG[optinfra/oiUtil.cpp:2148:getFallDelay]: Assert "(ta !=0) && (tlc_ !=0)"
**DIAG[optinfra/oiUtil.cpp:2137:getRiseDelay]: Assert "(ta !=0) && (tlc_ !=0)"
**DIAG[optinfra/oiUtil.cpp:2148:getFallDelay]: Assert "(ta !=0) && (tlc_ !=0)"
**DIAG[optinfra/oiUtil.cpp:2137:getRiseDelay]: Assert "(ta !=0) && (tlc_ !=0)"
**DIAG[optinfra/oiUtil.cpp:2148:getFallDelay]: Assert "(ta !=0) && (tlc_ !=0)"
**DIAG[optinfra/oiUtil.cpp:2137:getRiseDelay]: Assert "(ta !=0) && (tlc_ !=0)"
**DIAG[optinfra/oiUtil.cpp:2148:getFallDelay]: Assert "(ta !=0) && (tlc_ !=0)"
**DIAG[optinfra/oiUtil.cpp:2137:getRiseDelay]: Assert "(ta !=0) && (tlc_ !=0)"
**DIAG[optinfra/oiUtil.cpp:2148:getFallDelay]: Assert "(ta !=0) && (tlc_ !=0)"
**DIAG[optinfra/oiUtil.cpp:2137:getRiseDelay]: Assert "(ta !=0) && (tlc_ !=0)"
**DIAG[optinfra/oiUtil.cpp:2148:getFallDelay]: Assert "(ta !=0) && (tlc_ !=0)"
**DIAG[optinfra/oiUtil.cpp:2137:getRiseDelay]: Assert "(ta !=0) && (tlc_ !=0)"
**DIAG[optinfra/oiUtil.cpp:2148:getFallDelay]: Assert "(ta !=0) && (tlc_ !=0)"
**DIAG[../../include/oiTmVNetlist.hpp:287:oiTmVInstTermCL]: Assert "timeLibContext_"
**DIAG[../../include/oiTmVNetlist.hpp:287:oiTmVInstTermCL]: Assert "timeLibContext_"
**DIAG[../../include/oiTmVNetlist.hpp:287:oiTmVInstTermCL]: Assert "timeLibContext_"
**DIAG[../../include/oiTmVNetlist.hpp:287:oiTmVInstTermCL]: Assert "timeLibContext_"
**DIAG[../../include/oiTmVNetlist.hpp:287:oiTmVInstTermCL]: Assert "timeLibContext_"
**DIAG[../../include/oiTmVNetlist.hpp:287:oiTmVInstTermCL]: Assert "timeLibContext_"
**DIAG[../../include/oiTmVNetlist.hpp:287:oiTmVInstTermCL]: Assert "timeLibContext_"
**DIAG[../../include/oiTmVNetlist.hpp:287:oiTmVInstTermCL]: Assert "timeLibContext_"
**DIAG[../../include/oiTmVNetlist.hpp:287:oiTmVInstTermCL]: Assert "timeLibContext_"
**DIAG[optinfra/oiUtil.cpp:2137:getRiseDelay]: Assert "(ta !=0) && (tlc_ !=0)"
**DIAG[optinfra/oiUtil.cpp:2148:getFallDelay]: Assert "(ta !=0) && (tlc_ !=0)"
**DIAG[optinfra/oiUtil.cpp:2137:getRiseDelay]: Assert "(ta !=0) && (tlc_ !=0)"
**DIAG[optinfra/oiUtil.cpp:2148:getFallDelay]: Assert "(ta !=0) && (tlc_ !=0)"
**DIAG[optinfra/oiUtil.cpp:2137:getRiseDelay]: Assert "(ta !=0) && (tlc_ !=0)"
**DIAG[optinfra/oiUtil.cpp:2148:getFallDelay]: Assert "(ta !=0) && (tlc_ !=0)"
**DIAG[optinfra/oiUtil.cpp:2137:getRiseDelay]: Assert "(ta !=0) && (tlc_ !=0)"
**DIAG[optinfra/oiUtil.cpp:2148:getFallDelay]: Assert "(ta !=0) && (tlc_ !=0)"
**DIAG[optinfra/oiUtil.cpp:2137:getRiseDelay]: Assert "(ta !=0) && (tlc_ !=0)"
**DIAG[optinfra/oiUtil.cpp:2148:getFallDelay]: Assert "(ta !=0) && (tlc_ !=0)"
**DIAG[optinfra/oiUtil.cpp:2137:getRiseDelay]: Assert "(ta !=0) && (tlc_ !=0)"
**DIAG[optinfra/oiUtil.cpp:2148:getFallDelay]: Assert "(ta !=0) && (tlc_ !=0)"
**DIAG[optinfra/oiUtil.cpp:2137:getRiseDelay]: Assert "(ta !=0) && (tlc_ !=0)"
**DIAG[optinfra/oiUtil.cpp:2148:getFallDelay]: Assert "(ta !=0) && (tlc_ !=0)"
**DIAG[optinfra/oiUtil.cpp:2137:getRiseDelay]: Assert "(ta !=0) && (tlc_ !=0)"
**DIAG[optinfra/oiUtil.cpp:2148:getFallDelay]: Assert "(ta !=0) && (tlc_ !=0)"
**DIAG[../../include/oiTmVNetlist.hpp:287:oiTmVInstTermCL]: Assert "timeLibContext_"
**DIAG[../../include/oiTmVNetlist.hpp:287:oiTmVInstTermCL]: Assert "timeLibContext_"
**DIAG[../../include/oiTmVNetlist.hpp:287:oiTmVInstTermCL]: Assert "timeLibContext_"
**DIAG[../../include/oiTmVNetlist.hpp:287:oiTmVInstTermCL]: Assert "timeLibContext_"
**DIAG[../../include/oiTmVNetlist.hpp:287:oiTmVInstTermCL]: Assert "timeLibContext_"
**DIAG[../../include/oiTmVNetlist.hpp:287:oiTmVInstTermCL]: Assert "timeLibContext_"
**DIAG[../../include/oiTmVNetlist.hpp:287:oiTmVInstTermCL]: Assert "timeLibContext_"
**DIAG[../../include/oiTmVNetlist.hpp:287:oiTmVInstTermCL]: Assert "timeLibContext_"
**DIAG[../../include/oiTmVNetlist.hpp:287:oiTmVInstTermCL]: Assert "timeLibContext_"
**DIAG[optinfra/oiUtil.cpp:2137:getRiseDelay]: Assert "(ta !=0) && (tlc_ !=0)"
**DIAG[optinfra/oiUtil.cpp:2148:getFallDelay]: Assert "(ta !=0) && (tlc_ !=0)"
**DIAG[optinfra/oiUtil.cpp:2137:getRiseDelay]: Assert "(ta !=0) && (tlc_ !=0)"
**DIAG[optinfra/oiUtil.cpp:2148:getFallDelay]: Assert "(ta !=0) && (tlc_ !=0)"
**DIAG[optinfra/oiUtil.cpp:2137:getRiseDelay]: Assert "(ta !=0) && (tlc_ !=0)"
**DIAG[optinfra/oiUtil.cpp:2148:getFallDelay]: Assert "(ta !=0) && (tlc_ !=0)"
**DIAG[optinfra/oiUtil.cpp:2137:getRiseDelay]: Assert "(ta !=0) && (tlc_ !=0)"
**DIAG[optinfra/oiUtil.cpp:2148:getFallDelay]: Assert "(ta !=0) && (tlc_ !=0)"
**DIAG[optinfra/oiUtil.cpp:2137:getRiseDelay]: Assert "(ta !=0) && (tlc_ !=0)"
**DIAG[optinfra/oiUtil.cpp:2148:getFallDelay]: Assert "(ta !=0) && (tlc_ !=0)"
**DIAG[optinfra/oiUtil.cpp:2137:getRiseDelay]: Assert "(ta !=0) && (tlc_ !=0)"
**DIAG[optinfra/oiUtil.cpp:2148:getFallDelay]: Assert "(ta !=0) && (tlc_ !=0)"
**DIAG[optinfra/oiUtil.cpp:2137:getRiseDelay]: Assert "(ta !=0) && (tlc_ !=0)"
**DIAG[optinfra/oiUtil.cpp:2148:getFallDelay]: Assert "(ta !=0) && (tlc_ !=0)"
**DIAG[optinfra/oiUtil.cpp:2137:getRiseDelay]: Assert "(ta !=0) && (tlc_ !=0)"
**DIAG[optinfra/oiUtil.cpp:2148:getFallDelay]: Assert "(ta !=0) && (tlc_ !=0)"
**DIAG[../../include/oiTmVNetlist.hpp:287:oiTmVInstTermCL]: Assert "timeLibContext_"
**DIAG[../../include/oiTmVNetlist.hpp:287:oiTmVInstTermCL]: Assert "timeLibContext_"
**DIAG[../../include/oiTmVNetlist.hpp:287:oiTmVInstTermCL]: Assert "timeLibContext_"
**DIAG[../../include/oiTmVNetlist.hpp:287:oiTmVInstTermCL]: Assert "timeLibContext_"
**DIAG[../../include/oiTmVNetlist.hpp:287:oiTmVInstTermCL]: Assert "timeLibContext_"
**DIAG[../../include/oiTmVNetlist.hpp:287:oiTmVInstTermCL]: Assert "timeLibContext_"
**DIAG[../../include/oiTmVNetlist.hpp:287:oiTmVInstTermCL]: Assert "timeLibContext_"
**DIAG[../../include/oiTmVNetlist.hpp:287:oiTmVInstTermCL]: Assert "timeLibContext_"
**DIAG[../../include/oiTmVNetlist.hpp:287:oiTmVInstTermCL]: Assert "timeLibContext_"
**DIAG[optinfra/oiUtil.cpp:2137:getRiseDelay]: Assert "(ta !=0) && (tlc_ !=0)"
**DIAG[optinfra/oiUtil.cpp:2148:getFallDelay]: Assert "(ta !=0) && (tlc_ !=0)"
**DIAG[optinfra/oiUtil.cpp:2137:getRiseDelay]: Assert "(ta !=0) && (tlc_ !=0)"
**DIAG[optinfra/oiUtil.cpp:2148:getFallDelay]: Assert "(ta !=0) && (tlc_ !=0)"
**DIAG[optinfra/oiUtil.cpp:2137:getRiseDelay]: Assert "(ta !=0) && (tlc_ !=0)"
**DIAG[optinfra/oiUtil.cpp:2148:getFallDelay]: Assert "(ta !=0) && (tlc_ !=0)"
**DIAG[optinfra/oiUtil.cpp:2137:getRiseDelay]: Assert "(ta !=0) && (tlc_ !=0)"
**DIAG[optinfra/oiUtil.cpp:2148:getFallDelay]: Assert "(ta !=0) && (tlc_ !=0)"
**DIAG[optinfra/oiUtil.cpp:2137:getRiseDelay]: Assert "(ta !=0) && (tlc_ !=0)"
**DIAG[optinfra/oiUtil.cpp:2148:getFallDelay]: Assert "(ta !=0) && (tlc_ !=0)"
**DIAG[optinfra/oiUtil.cpp:2137:getRiseDelay]: Assert "(ta !=0) && (tlc_ !=0)"
**DIAG[optinfra/oiUtil.cpp:2148:getFallDelay]: Assert "(ta !=0) && (tlc_ !=0)"
**DIAG[optinfra/oiUtil.cpp:2137:getRiseDelay]: Assert "(ta !=0) && (tlc_ !=0)"
**DIAG[optinfra/oiUtil.cpp:2148:getFallDelay]: Assert "(ta !=0) && (tlc_ !=0)"
**DIAG[optinfra/oiUtil.cpp:2137:getRiseDelay]: Assert "(ta !=0) && (tlc_ !=0)"
**DIAG[optinfra/oiUtil.cpp:2148:getFallDelay]: Assert "(ta !=0) && (tlc_ !=0)"
**DIAG[../../include/oiTmVNetlist.hpp:287:oiTmVInstTermCL]: Assert "timeLibContext_"
**DIAG[../../include/oiTmVNetlist.hpp:287:oiTmVInstTermCL]: Assert "timeLibContext_"
**DIAG[../../include/oiTmVNetlist.hpp:287:oiTmVInstTermCL]: Assert "timeLibContext_"
**DIAG[../../include/oiTmVNetlist.hpp:287:oiTmVInstTermCL]: Assert "timeLibContext_"
**DIAG[../../include/oiTmVNetlist.hpp:287:oiTmVInstTermCL]: Assert "timeLibContext_"
**DIAG[../../include/oiTmVNetlist.hpp:287:oiTmVInstTermCL]: Assert "timeLibContext_"
**DIAG[../../include/oiTmVNetlist.hpp:287:oiTmVInstTermCL]: Assert "timeLibContext_"
**DIAG[../../include/oiTmVNetlist.hpp:287:oiTmVInstTermCL]: Assert "timeLibContext_"
**DIAG[../../include/oiTmVNetlist.hpp:287:oiTmVInstTermCL]: Assert "timeLibContext_"
**DIAG[optinfra/oiUtil.cpp:2137:getRiseDelay]: Assert "(ta !=0) && (tlc_ !=0)"
**DIAG[optinfra/oiUtil.cpp:2148:getFallDelay]: Assert "(ta !=0) && (tlc_ !=0)"
**DIAG[optinfra/oiUtil.cpp:2137:getRiseDelay]: Assert "(ta !=0) && (tlc_ !=0)"
**DIAG[optinfra/oiUtil.cpp:2148:getFallDelay]: Assert "(ta !=0) && (tlc_ !=0)"
**DIAG[optinfra/oiUtil.cpp:2137:getRiseDelay]: Assert "(ta !=0) && (tlc_ !=0)"
**DIAG[optinfra/oiUtil.cpp:2148:getFallDelay]: Assert "(ta !=0) && (tlc_ !=0)"
**DIAG[optinfra/oiUtil.cpp:2137:getRiseDelay]: Assert "(ta !=0) && (tlc_ !=0)"
**DIAG[optinfra/oiUtil.cpp:2148:getFallDelay]: Assert "(ta !=0) && (tlc_ !=0)"
**DIAG[optinfra/oiUtil.cpp:2137:getRiseDelay]: Assert "(ta !=0) && (tlc_ !=0)"
**DIAG[optinfra/oiUtil.cpp:2148:getFallDelay]: Assert "(ta !=0) && (tlc_ !=0)"
**DIAG[optinfra/oiUtil.cpp:2137:getRiseDelay]: Assert "(ta !=0) && (tlc_ !=0)"
**DIAG[optinfra/oiUtil.cpp:2148:getFallDelay]: Assert "(ta !=0) && (tlc_ !=0)"
**DIAG[optinfra/oiUtil.cpp:2137:getRiseDelay]: Assert "(ta !=0) && (tlc_ !=0)"
**DIAG[optinfra/oiUtil.cpp:2148:getFallDelay]: Assert "(ta !=0) && (tlc_ !=0)"
**DIAG[optinfra/oiUtil.cpp:2137:getRiseDelay]: Assert "(ta !=0) && (tlc_ !=0)"
**DIAG[optinfra/oiUtil.cpp:2148:getFallDelay]: Assert "(ta !=0) && (tlc_ !=0)"
**DIAG[../../include/oiTmVNetlist.hpp:287:oiTmVInstTermCL]: Assert "timeLibContext_"
**DIAG[../../include/oiTmVNetlist.hpp:287:oiTmVInstTermCL]: Assert "timeLibContext_"
**DIAG[../../include/oiTmVNetlist.hpp:287:oiTmVInstTermCL]: Assert "timeLibContext_"
**DIAG[../../include/oiTmVNetlist.hpp:287:oiTmVInstTermCL]: Assert "timeLibContext_"
**DIAG[../../include/oiTmVNetlist.hpp:287:oiTmVInstTermCL]: Assert "timeLibContext_"
**DIAG[../../include/oiTmVNetlist.hpp:287:oiTmVInstTermCL]: Assert "timeLibContext_"
**DIAG[../../include/oiTmVNetlist.hpp:287:oiTmVInstTermCL]: Assert "timeLibContext_"
**DIAG[../../include/oiTmVNetlist.hpp:287:oiTmVInstTermCL]: Assert "timeLibContext_"
**DIAG[../../include/oiTmVNetlist.hpp:287:oiTmVInstTermCL]: Assert "timeLibContext_"
**DIAG[optinfra/oiUtil.cpp:2137:getRiseDelay]: Assert "(ta !=0) && (tlc_ !=0)"
**DIAG[optinfra/oiUtil.cpp:2148:getFallDelay]: Assert "(ta !=0) && (tlc_ !=0)"
**DIAG[optinfra/oiUtil.cpp:2137:getRiseDelay]: Assert "(ta !=0) && (tlc_ !=0)"
**DIAG[optinfra/oiUtil.cpp:2148:getFallDelay]: Assert "(ta !=0) && (tlc_ !=0)"
**DIAG[optinfra/oiUtil.cpp:2137:getRiseDelay]: Assert "(ta !=0) && (tlc_ !=0)"
**DIAG[optinfra/oiUtil.cpp:2148:getFallDelay]: Assert "(ta !=0) && (tlc_ !=0)"
**DIAG[optinfra/oiUtil.cpp:2137:getRiseDelay]: Assert "(ta !=0) && (tlc_ !=0)"
**DIAG[optinfra/oiUtil.cpp:2148:getFallDelay]: Assert "(ta !=0) && (tlc_ !=0)"
**DIAG[optinfra/oiUtil.cpp:2137:getRiseDelay]: Assert "(ta !=0) && (tlc_ !=0)"
**DIAG[optinfra/oiUtil.cpp:2148:getFallDelay]: Assert "(ta !=0) && (tlc_ !=0)"
**DIAG[optinfra/oiUtil.cpp:2137:getRiseDelay]: Assert "(ta !=0) && (tlc_ !=0)"
**DIAG[optinfra/oiUtil.cpp:2148:getFallDelay]: Assert "(ta !=0) && (tlc_ !=0)"
**DIAG[optinfra/oiUtil.cpp:2137:getRiseDelay]: Assert "(ta !=0) && (tlc_ !=0)"
**DIAG[optinfra/oiUtil.cpp:2148:getFallDelay]: Assert "(ta !=0) && (tlc_ !=0)"
**DIAG[optinfra/oiUtil.cpp:2137:getRiseDelay]: Assert "(ta !=0) && (tlc_ !=0)"
**DIAG[optinfra/oiUtil.cpp:2148:getFallDelay]: Assert "(ta !=0) && (tlc_ !=0)"
**DIAG[../../include/oiTmVNetlist.hpp:287:oiTmVInstTermCL]: Assert "timeLibContext_"
**DIAG[../../include/oiTmVNetlist.hpp:287:oiTmVInstTermCL]: Assert "timeLibContext_"
**DIAG[../../include/oiTmVNetlist.hpp:287:oiTmVInstTermCL]: Assert "timeLibContext_"
**DIAG[../../include/oiTmVNetlist.hpp:287:oiTmVInstTermCL]: Assert "timeLibContext_"
**DIAG[../../include/oiTmVNetlist.hpp:287:oiTmVInstTermCL]: Assert "timeLibContext_"
**DIAG[../../include/oiTmVNetlist.hpp:287:oiTmVInstTermCL]: Assert "timeLibContext_"
**DIAG[../../include/oiTmVNetlist.hpp:287:oiTmVInstTermCL]: Assert "timeLibContext_"
**DIAG[../../include/oiTmVNetlist.hpp:287:oiTmVInstTermCL]: Assert "timeLibContext_"
**DIAG[../../include/oiTmVNetlist.hpp:287:oiTmVInstTermCL]: Assert "timeLibContext_"
**DIAG[optinfra/oiUtil.cpp:2137:getRiseDelay]: Assert "(ta !=0) && (tlc_ !=0)"
**DIAG[optinfra/oiUtil.cpp:2148:getFallDelay]: Assert "(ta !=0) && (tlc_ !=0)"
**DIAG[optinfra/oiUtil.cpp:2137:getRiseDelay]: Assert "(ta !=0) && (tlc_ !=0)"
**DIAG[optinfra/oiUtil.cpp:2148:getFallDelay]: Assert "(ta !=0) && (tlc_ !=0)"
**DIAG[optinfra/oiUtil.cpp:2137:getRiseDelay]: Assert "(ta !=0) && (tlc_ !=0)"
**DIAG[optinfra/oiUtil.cpp:2148:getFallDelay]: Assert "(ta !=0) && (tlc_ !=0)"
**DIAG[optinfra/oiUtil.cpp:2137:getRiseDelay]: Assert "(ta !=0) && (tlc_ !=0)"
**DIAG[optinfra/oiUtil.cpp:2148:getFallDelay]: Assert "(ta !=0) && (tlc_ !=0)"
**DIAG[optinfra/oiUtil.cpp:2137:getRiseDelay]: Assert "(ta !=0) && (tlc_ !=0)"
**DIAG[optinfra/oiUtil.cpp:2148:getFallDelay]: Assert "(ta !=0) && (tlc_ !=0)"
**DIAG[optinfra/oiUtil.cpp:2137:getRiseDelay]: Assert "(ta !=0) && (tlc_ !=0)"
**DIAG[optinfra/oiUtil.cpp:2148:getFallDelay]: Assert "(ta !=0) && (tlc_ !=0)"
**DIAG[optinfra/oiUtil.cpp:2137:getRiseDelay]: Assert "(ta !=0) && (tlc_ !=0)"
**DIAG[optinfra/oiUtil.cpp:2148:getFallDelay]: Assert "(ta !=0) && (tlc_ !=0)"
**DIAG[optinfra/oiUtil.cpp:2137:getRiseDelay]: Assert "(ta !=0) && (tlc_ !=0)"
**DIAG[optinfra/oiUtil.cpp:2148:getFallDelay]: Assert "(ta !=0) && (tlc_ !=0)"
**DIAG[../../include/oiTmVNetlist.hpp:287:oiTmVInstTermCL]: Assert "timeLibContext_"
**DIAG[../../include/oiTmVNetlist.hpp:287:oiTmVInstTermCL]: Assert "timeLibContext_"
**DIAG[../../include/oiTmVNetlist.hpp:287:oiTmVInstTermCL]: Assert "timeLibContext_"
**DIAG[../../include/oiTmVNetlist.hpp:287:oiTmVInstTermCL]: Assert "timeLibContext_"
**DIAG[../../include/oiTmVNetlist.hpp:287:oiTmVInstTermCL]: Assert "timeLibContext_"
**DIAG[../../include/oiTmVNetlist.hpp:287:oiTmVInstTermCL]: Assert "timeLibContext_"
**DIAG[../../include/oiTmVNetlist.hpp:287:oiTmVInstTermCL]: Assert "timeLibContext_"
**DIAG[../../include/oiTmVNetlist.hpp:287:oiTmVInstTermCL]: Assert "timeLibContext_"
**DIAG[../../include/oiTmVNetlist.hpp:287:oiTmVInstTermCL]: Assert "timeLibContext_"
**DIAG[optinfra/oiUtil.cpp:2137:getRiseDelay]: Assert "(ta !=0) && (tlc_ !=0)"
**DIAG[optinfra/oiUtil.cpp:2148:getFallDelay]: Assert "(ta !=0) && (tlc_ !=0)"
**DIAG[optinfra/oiUtil.cpp:2137:getRiseDelay]: Assert "(ta !=0) && (tlc_ !=0)"
**DIAG[optinfra/oiUtil.cpp:2148:getFallDelay]: Assert "(ta !=0) && (tlc_ !=0)"
**DIAG[optinfra/oiUtil.cpp:2137:getRiseDelay]: Assert "(ta !=0) && (tlc_ !=0)"
**DIAG[optinfra/oiUtil.cpp:2148:getFallDelay]: Assert "(ta !=0) && (tlc_ !=0)"
**DIAG[optinfra/oiUtil.cpp:2137:getRiseDelay]: Assert "(ta !=0) && (tlc_ !=0)"
**DIAG[optinfra/oiUtil.cpp:2148:getFallDelay]: Assert "(ta !=0) && (tlc_ !=0)"
**DIAG[optinfra/oiUtil.cpp:2137:getRiseDelay]: Assert "(ta !=0) && (tlc_ !=0)"
**DIAG[optinfra/oiUtil.cpp:2148:getFallDelay]: Assert "(ta !=0) && (tlc_ !=0)"
**DIAG[optinfra/oiUtil.cpp:2137:getRiseDelay]: Assert "(ta !=0) && (tlc_ !=0)"
**DIAG[optinfra/oiUtil.cpp:2148:getFallDelay]: Assert "(ta !=0) && (tlc_ !=0)"
**DIAG[optinfra/oiUtil.cpp:2137:getRiseDelay]: Assert "(ta !=0) && (tlc_ !=0)"
**DIAG[optinfra/oiUtil.cpp:2148:getFallDelay]: Assert "(ta !=0) && (tlc_ !=0)"
**DIAG[optinfra/oiUtil.cpp:2137:getRiseDelay]: Assert "(ta !=0) && (tlc_ !=0)"
**DIAG[optinfra/oiUtil.cpp:2148:getFallDelay]: Assert "(ta !=0) && (tlc_ !=0)"
**DIAG[../../include/oiTmVNetlist.hpp:287:oiTmVInstTermCL]: Assert "timeLibContext_"
**DIAG[../../include/oiTmVNetlist.hpp:287:oiTmVInstTermCL]: Assert "timeLibContext_"
**DIAG[../../include/oiTmVNetlist.hpp:287:oiTmVInstTermCL]: Assert "timeLibContext_"
**DIAG[../../include/oiTmVNetlist.hpp:287:oiTmVInstTermCL]: Assert "timeLibContext_"
**DIAG[../../include/oiTmVNetlist.hpp:287:oiTmVInstTermCL]: Assert "timeLibContext_"
**DIAG[../../include/oiTmVNetlist.hpp:287:oiTmVInstTermCL]: Assert "timeLibContext_"
**DIAG[../../include/oiTmVNetlist.hpp:287:oiTmVInstTermCL]: Assert "timeLibContext_"
**DIAG[../../include/oiTmVNetlist.hpp:287:oiTmVInstTermCL]: Assert "timeLibContext_"
**DIAG[../../include/oiTmVNetlist.hpp:287:oiTmVInstTermCL]: Assert "timeLibContext_"
**DIAG[optinfra/oiUtil.cpp:2137:getRiseDelay]: Assert "(ta !=0) && (tlc_ !=0)"
**DIAG[optinfra/oiUtil.cpp:2148:getFallDelay]: Assert "(ta !=0) && (tlc_ !=0)"
**DIAG[optinfra/oiUtil.cpp:2137:getRiseDelay]: Assert "(ta !=0) && (tlc_ !=0)"
**DIAG[optinfra/oiUtil.cpp:2148:getFallDelay]: Assert "(ta !=0) && (tlc_ !=0)"
**DIAG[optinfra/oiUtil.cpp:2137:getRiseDelay]: Assert "(ta !=0) && (tlc_ !=0)"
**DIAG[optinfra/oiUtil.cpp:2148:getFallDelay]: Assert "(ta !=0) && (tlc_ !=0)"
**DIAG[optinfra/oiUtil.cpp:2137:getRiseDelay]: Assert "(ta !=0) && (tlc_ !=0)"
**DIAG[optinfra/oiUtil.cpp:2148:getFallDelay]: Assert "(ta !=0) && (tlc_ !=0)"
**DIAG[optinfra/oiUtil.cpp:2137:getRiseDelay]: Assert "(ta !=0) && (tlc_ !=0)"
**DIAG[optinfra/oiUtil.cpp:2148:getFallDelay]: Assert "(ta !=0) && (tlc_ !=0)"
**DIAG[optinfra/oiUtil.cpp:2137:getRiseDelay]: Assert "(ta !=0) && (tlc_ !=0)"
**DIAG[optinfra/oiUtil.cpp:2148:getFallDelay]: Assert "(ta !=0) && (tlc_ !=0)"
**DIAG[optinfra/oiUtil.cpp:2137:getRiseDelay]: Assert "(ta !=0) && (tlc_ !=0)"
**DIAG[optinfra/oiUtil.cpp:2148:getFallDelay]: Assert "(ta !=0) && (tlc_ !=0)"
**DIAG[optinfra/oiUtil.cpp:2137:getRiseDelay]: Assert "(ta !=0) && (tlc_ !=0)"
**DIAG[optinfra/oiUtil.cpp:2148:getFallDelay]: Assert "(ta !=0) && (tlc_ !=0)"
**DIAG[../../include/oiTmVNetlist.hpp:287:oiTmVInstTermCL]: Assert "timeLibContext_"
**DIAG[../../include/oiTmVNetlist.hpp:287:oiTmVInstTermCL]: Assert "timeLibContext_"
**DIAG[../../include/oiTmVNetlist.hpp:287:oiTmVInstTermCL]: Assert "timeLibContext_"
**DIAG[../../include/oiTmVNetlist.hpp:287:oiTmVInstTermCL]: Assert "timeLibContext_"
**DIAG[../../include/oiTmVNetlist.hpp:287:oiTmVInstTermCL]: Assert "timeLibContext_"
**DIAG[../../include/oiTmVNetlist.hpp:287:oiTmVInstTermCL]: Assert "timeLibContext_"
**DIAG[../../include/oiTmVNetlist.hpp:287:oiTmVInstTermCL]: Assert "timeLibContext_"
**DIAG[../../include/oiTmVNetlist.hpp:287:oiTmVInstTermCL]: Assert "timeLibContext_"
**DIAG[../../include/oiTmVNetlist.hpp:287:oiTmVInstTermCL]: Assert "timeLibContext_"
**DIAG[optinfra/oiUtil.cpp:2137:getRiseDelay]: Assert "(ta !=0) && (tlc_ !=0)"
**DIAG[optinfra/oiUtil.cpp:2148:getFallDelay]: Assert "(ta !=0) && (tlc_ !=0)"
**DIAG[optinfra/oiUtil.cpp:2137:getRiseDelay]: Assert "(ta !=0) && (tlc_ !=0)"
**DIAG[optinfra/oiUtil.cpp:2148:getFallDelay]: Assert "(ta !=0) && (tlc_ !=0)"
**DIAG[optinfra/oiUtil.cpp:2137:getRiseDelay]: Assert "(ta !=0) && (tlc_ !=0)"
**DIAG[optinfra/oiUtil.cpp:2148:getFallDelay]: Assert "(ta !=0) && (tlc_ !=0)"
**DIAG[optinfra/oiUtil.cpp:2137:getRiseDelay]: Assert "(ta !=0) && (tlc_ !=0)"
**DIAG[optinfra/oiUtil.cpp:2148:getFallDelay]: Assert "(ta !=0) && (tlc_ !=0)"
**DIAG[optinfra/oiUtil.cpp:2137:getRiseDelay]: Assert "(ta !=0) && (tlc_ !=0)"
**DIAG[optinfra/oiUtil.cpp:2148:getFallDelay]: Assert "(ta !=0) && (tlc_ !=0)"
**DIAG[optinfra/oiUtil.cpp:2137:getRiseDelay]: Assert "(ta !=0) && (tlc_ !=0)"
**DIAG[optinfra/oiUtil.cpp:2148:getFallDelay]: Assert "(ta !=0) && (tlc_ !=0)"
**DIAG[optinfra/oiUtil.cpp:2137:getRiseDelay]: Assert "(ta !=0) && (tlc_ !=0)"
**DIAG[optinfra/oiUtil.cpp:2148:getFallDelay]: Assert "(ta !=0) && (tlc_ !=0)"
**DIAG[optinfra/oiUtil.cpp:2137:getRiseDelay]: Assert "(ta !=0) && (tlc_ !=0)"
**DIAG[optinfra/oiUtil.cpp:2148:getFallDelay]: Assert "(ta !=0) && (tlc_ !=0)"
**DIAG[../../include/oiTmVNetlist.hpp:287:oiTmVInstTermCL]: Assert "timeLibContext_"
**DIAG[../../include/oiTmVNetlist.hpp:287:oiTmVInstTermCL]: Assert "timeLibContext_"
**DIAG[../../include/oiTmVNetlist.hpp:287:oiTmVInstTermCL]: Assert "timeLibContext_"
**DIAG[../../include/oiTmVNetlist.hpp:287:oiTmVInstTermCL]: Assert "timeLibContext_"
**DIAG[../../include/oiTmVNetlist.hpp:287:oiTmVInstTermCL]: Assert "timeLibContext_"
**DIAG[../../include/oiTmVNetlist.hpp:287:oiTmVInstTermCL]: Assert "timeLibContext_"
**DIAG[../../include/oiTmVNetlist.hpp:287:oiTmVInstTermCL]: Assert "timeLibContext_"
**DIAG[../../include/oiTmVNetlist.hpp:287:oiTmVInstTermCL]: Assert "timeLibContext_"
**DIAG[../../include/oiTmVNetlist.hpp:287:oiTmVInstTermCL]: Assert "timeLibContext_"
**DIAG[optinfra/oiUtil.cpp:2137:getRiseDelay]: Assert "(ta !=0) && (tlc_ !=0)"
**DIAG[optinfra/oiUtil.cpp:2148:getFallDelay]: Assert "(ta !=0) && (tlc_ !=0)"
**DIAG[optinfra/oiUtil.cpp:2137:getRiseDelay]: Assert "(ta !=0) && (tlc_ !=0)"
**DIAG[optinfra/oiUtil.cpp:2148:getFallDelay]: Assert "(ta !=0) && (tlc_ !=0)"
**DIAG[optinfra/oiUtil.cpp:2137:getRiseDelay]: Assert "(ta !=0) && (tlc_ !=0)"
**DIAG[optinfra/oiUtil.cpp:2148:getFallDelay]: Assert "(ta !=0) && (tlc_ !=0)"
**DIAG[optinfra/oiUtil.cpp:2137:getRiseDelay]: Assert "(ta !=0) && (tlc_ !=0)"
**DIAG[optinfra/oiUtil.cpp:2148:getFallDelay]: Assert "(ta !=0) && (tlc_ !=0)"
**DIAG[optinfra/oiUtil.cpp:2137:getRiseDelay]: Assert "(ta !=0) && (tlc_ !=0)"
**DIAG[optinfra/oiUtil.cpp:2148:getFallDelay]: Assert "(ta !=0) && (tlc_ !=0)"
**DIAG[optinfra/oiUtil.cpp:2137:getRiseDelay]: Assert "(ta !=0) && (tlc_ !=0)"
**DIAG[optinfra/oiUtil.cpp:2148:getFallDelay]: Assert "(ta !=0) && (tlc_ !=0)"
**DIAG[optinfra/oiUtil.cpp:2137:getRiseDelay]: Assert "(ta !=0) && (tlc_ !=0)"
**DIAG[optinfra/oiUtil.cpp:2148:getFallDelay]: Assert "(ta !=0) && (tlc_ !=0)"
**DIAG[optinfra/oiUtil.cpp:2137:getRiseDelay]: Assert "(ta !=0) && (tlc_ !=0)"
**DIAG[optinfra/oiUtil.cpp:2148:getFallDelay]: Assert "(ta !=0) && (tlc_ !=0)"
**DIAG[../../include/oiTmVNetlist.hpp:287:oiTmVInstTermCL]: Assert "timeLibContext_"
**DIAG[../../include/oiTmVNetlist.hpp:287:oiTmVInstTermCL]: Assert "timeLibContext_"
**DIAG[../../include/oiTmVNetlist.hpp:287:oiTmVInstTermCL]: Assert "timeLibContext_"
**DIAG[../../include/oiTmVNetlist.hpp:287:oiTmVInstTermCL]: Assert "timeLibContext_"
**DIAG[../../include/oiTmVNetlist.hpp:287:oiTmVInstTermCL]: Assert "timeLibContext_"
**DIAG[../../include/oiTmVNetlist.hpp:287:oiTmVInstTermCL]: Assert "timeLibContext_"
**DIAG[../../include/oiTmVNetlist.hpp:287:oiTmVInstTermCL]: Assert "timeLibContext_"
**DIAG[../../include/oiTmVNetlist.hpp:287:oiTmVInstTermCL]: Assert "timeLibContext_"
**DIAG[../../include/oiTmVNetlist.hpp:287:oiTmVInstTermCL]: Assert "timeLibContext_"
**DIAG[optinfra/oiUtil.cpp:2137:getRiseDelay]: Assert "(ta !=0) && (tlc_ !=0)"
**DIAG[optinfra/oiUtil.cpp:2148:getFallDelay]: Assert "(ta !=0) && (tlc_ !=0)"
**DIAG[optinfra/oiUtil.cpp:2137:getRiseDelay]: Assert "(ta !=0) && (tlc_ !=0)"
**DIAG[optinfra/oiUtil.cpp:2148:getFallDelay]: Assert "(ta !=0) && (tlc_ !=0)"
**DIAG[optinfra/oiUtil.cpp:2137:getRiseDelay]: Assert "(ta !=0) && (tlc_ !=0)"
**DIAG[optinfra/oiUtil.cpp:2148:getFallDelay]: Assert "(ta !=0) && (tlc_ !=0)"
**DIAG[optinfra/oiUtil.cpp:2137:getRiseDelay]: Assert "(ta !=0) && (tlc_ !=0)"
**DIAG[optinfra/oiUtil.cpp:2148:getFallDelay]: Assert "(ta !=0) && (tlc_ !=0)"
**DIAG[optinfra/oiUtil.cpp:2137:getRiseDelay]: Assert "(ta !=0) && (tlc_ !=0)"
**DIAG[optinfra/oiUtil.cpp:2148:getFallDelay]: Assert "(ta !=0) && (tlc_ !=0)"
**DIAG[optinfra/oiUtil.cpp:2137:getRiseDelay]: Assert "(ta !=0) && (tlc_ !=0)"
**DIAG[optinfra/oiUtil.cpp:2148:getFallDelay]: Assert "(ta !=0) && (tlc_ !=0)"
**DIAG[optinfra/oiUtil.cpp:2137:getRiseDelay]: Assert "(ta !=0) && (tlc_ !=0)"
**DIAG[optinfra/oiUtil.cpp:2148:getFallDelay]: Assert "(ta !=0) && (tlc_ !=0)"
**DIAG[optinfra/oiUtil.cpp:2137:getRiseDelay]: Assert "(ta !=0) && (tlc_ !=0)"
**DIAG[optinfra/oiUtil.cpp:2148:getFallDelay]: Assert "(ta !=0) && (tlc_ !=0)"
**DIAG[../../include/oiTmVNetlist.hpp:287:oiTmVInstTermCL]: Assert "timeLibContext_"
**DIAG[../../include/oiTmVNetlist.hpp:287:oiTmVInstTermCL]: Assert "timeLibContext_"
**DIAG[../../include/oiTmVNetlist.hpp:287:oiTmVInstTermCL]: Assert "timeLibContext_"
**DIAG[../../include/oiTmVNetlist.hpp:287:oiTmVInstTermCL]: Assert "timeLibContext_"
**DIAG[../../include/oiTmVNetlist.hpp:287:oiTmVInstTermCL]: Assert "timeLibContext_"
**DIAG[../../include/oiTmVNetlist.hpp:287:oiTmVInstTermCL]: Assert "timeLibContext_"
**DIAG[../../include/oiTmVNetlist.hpp:287:oiTmVInstTermCL]: Assert "timeLibContext_"
**DIAG[../../include/oiTmVNetlist.hpp:287:oiTmVInstTermCL]: Assert "timeLibContext_"
**DIAG[../../include/oiTmVNetlist.hpp:287:oiTmVInstTermCL]: Assert "timeLibContext_"
**DIAG[optinfra/oiUtil.cpp:2137:getRiseDelay]: Assert "(ta !=0) && (tlc_ !=0)"
**DIAG[optinfra/oiUtil.cpp:2148:getFallDelay]: Assert "(ta !=0) && (tlc_ !=0)"
**DIAG[optinfra/oiUtil.cpp:2137:getRiseDelay]: Assert "(ta !=0) && (tlc_ !=0)"
**DIAG[optinfra/oiUtil.cpp:2148:getFallDelay]: Assert "(ta !=0) && (tlc_ !=0)"
**DIAG[optinfra/oiUtil.cpp:2137:getRiseDelay]: Assert "(ta !=0) && (tlc_ !=0)"
**DIAG[optinfra/oiUtil.cpp:2148:getFallDelay]: Assert "(ta !=0) && (tlc_ !=0)"
**DIAG[optinfra/oiUtil.cpp:2137:getRiseDelay]: Assert "(ta !=0) && (tlc_ !=0)"
**DIAG[optinfra/oiUtil.cpp:2148:getFallDelay]: Assert "(ta !=0) && (tlc_ !=0)"
**DIAG[optinfra/oiUtil.cpp:2137:getRiseDelay]: Assert "(ta !=0) && (tlc_ !=0)"
**DIAG[optinfra/oiUtil.cpp:2148:getFallDelay]: Assert "(ta !=0) && (tlc_ !=0)"
**DIAG[optinfra/oiUtil.cpp:2137:getRiseDelay]: Assert "(ta !=0) && (tlc_ !=0)"
**DIAG[optinfra/oiUtil.cpp:2148:getFallDelay]: Assert "(ta !=0) && (tlc_ !=0)"
**DIAG[optinfra/oiUtil.cpp:2137:getRiseDelay]: Assert "(ta !=0) && (tlc_ !=0)"
**DIAG[optinfra/oiUtil.cpp:2148:getFallDelay]: Assert "(ta !=0) && (tlc_ !=0)"
**DIAG[optinfra/oiUtil.cpp:2137:getRiseDelay]: Assert "(ta !=0) && (tlc_ !=0)"
**DIAG[optinfra/oiUtil.cpp:2148:getFallDelay]: Assert "(ta !=0) && (tlc_ !=0)"
**DIAG[../../include/oiTmVNetlist.hpp:287:oiTmVInstTermCL]: Assert "timeLibContext_"
**DIAG[../../include/oiTmVNetlist.hpp:287:oiTmVInstTermCL]: Assert "timeLibContext_"
**DIAG[../../include/oiTmVNetlist.hpp:287:oiTmVInstTermCL]: Assert "timeLibContext_"
**DIAG[../../include/oiTmVNetlist.hpp:287:oiTmVInstTermCL]: Assert "timeLibContext_"
**DIAG[../../include/oiTmVNetlist.hpp:287:oiTmVInstTermCL]: Assert "timeLibContext_"
**DIAG[../../include/oiTmVNetlist.hpp:287:oiTmVInstTermCL]: Assert "timeLibContext_"
**DIAG[../../include/oiTmVNetlist.hpp:287:oiTmVInstTermCL]: Assert "timeLibContext_"
**DIAG[../../include/oiTmVNetlist.hpp:287:oiTmVInstTermCL]: Assert "timeLibContext_"
**DIAG[../../include/oiTmVNetlist.hpp:287:oiTmVInstTermCL]: Assert "timeLibContext_"
**DIAG[optinfra/oiUtil.cpp:2137:getRiseDelay]: Assert "(ta !=0) && (tlc_ !=0)"
**DIAG[optinfra/oiUtil.cpp:2148:getFallDelay]: Assert "(ta !=0) && (tlc_ !=0)"
**DIAG[optinfra/oiUtil.cpp:2137:getRiseDelay]: Assert "(ta !=0) && (tlc_ !=0)"
**DIAG[optinfra/oiUtil.cpp:2148:getFallDelay]: Assert "(ta !=0) && (tlc_ !=0)"
**DIAG[optinfra/oiUtil.cpp:2137:getRiseDelay]: Assert "(ta !=0) && (tlc_ !=0)"
**DIAG[optinfra/oiUtil.cpp:2148:getFallDelay]: Assert "(ta !=0) && (tlc_ !=0)"
**DIAG[optinfra/oiUtil.cpp:2137:getRiseDelay]: Assert "(ta !=0) && (tlc_ !=0)"
**DIAG[optinfra/oiUtil.cpp:2148:getFallDelay]: Assert "(ta !=0) && (tlc_ !=0)"
**DIAG[optinfra/oiUtil.cpp:2137:getRiseDelay]: Assert "(ta !=0) && (tlc_ !=0)"
**DIAG[optinfra/oiUtil.cpp:2148:getFallDelay]: Assert "(ta !=0) && (tlc_ !=0)"
**DIAG[optinfra/oiUtil.cpp:2137:getRiseDelay]: Assert "(ta !=0) && (tlc_ !=0)"
**DIAG[optinfra/oiUtil.cpp:2148:getFallDelay]: Assert "(ta !=0) && (tlc_ !=0)"
**DIAG[optinfra/oiUtil.cpp:2137:getRiseDelay]: Assert "(ta !=0) && (tlc_ !=0)"
**DIAG[optinfra/oiUtil.cpp:2148:getFallDelay]: Assert "(ta !=0) && (tlc_ !=0)"
**DIAG[optinfra/oiUtil.cpp:2137:getRiseDelay]: Assert "(ta !=0) && (tlc_ !=0)"
**DIAG[optinfra/oiUtil.cpp:2148:getFallDelay]: Assert "(ta !=0) && (tlc_ !=0)"
**DIAG[../../include/oiTmVNetlist.hpp:287:oiTmVInstTermCL]: Assert "timeLibContext_"
**DIAG[../../include/oiTmVNetlist.hpp:287:oiTmVInstTermCL]: Assert "timeLibContext_"
**DIAG[../../include/oiTmVNetlist.hpp:287:oiTmVInstTermCL]: Assert "timeLibContext_"
**DIAG[../../include/oiTmVNetlist.hpp:287:oiTmVInstTermCL]: Assert "timeLibContext_"
**DIAG[../../include/oiTmVNetlist.hpp:287:oiTmVInstTermCL]: Assert "timeLibContext_"
**DIAG[../../include/oiTmVNetlist.hpp:287:oiTmVInstTermCL]: Assert "timeLibContext_"
**DIAG[../../include/oiTmVNetlist.hpp:287:oiTmVInstTermCL]: Assert "timeLibContext_"
**DIAG[../../include/oiTmVNetlist.hpp:287:oiTmVInstTermCL]: Assert "timeLibContext_"
**DIAG[../../include/oiTmVNetlist.hpp:287:oiTmVInstTermCL]: Assert "timeLibContext_"
**DIAG[optinfra/oiUtil.cpp:2137:getRiseDelay]: Assert "(ta !=0) && (tlc_ !=0)"
**DIAG[optinfra/oiUtil.cpp:2148:getFallDelay]: Assert "(ta !=0) && (tlc_ !=0)"
**DIAG[optinfra/oiUtil.cpp:2137:getRiseDelay]: Assert "(ta !=0) && (tlc_ !=0)"
**DIAG[optinfra/oiUtil.cpp:2148:getFallDelay]: Assert "(ta !=0) && (tlc_ !=0)"
**DIAG[optinfra/oiUtil.cpp:2137:getRiseDelay]: Assert "(ta !=0) && (tlc_ !=0)"
**DIAG[optinfra/oiUtil.cpp:2148:getFallDelay]: Assert "(ta !=0) && (tlc_ !=0)"
**DIAG[optinfra/oiUtil.cpp:2137:getRiseDelay]: Assert "(ta !=0) && (tlc_ !=0)"
**DIAG[optinfra/oiUtil.cpp:2148:getFallDelay]: Assert "(ta !=0) && (tlc_ !=0)"
**DIAG[optinfra/oiUtil.cpp:2137:getRiseDelay]: Assert "(ta !=0) && (tlc_ !=0)"
**DIAG[optinfra/oiUtil.cpp:2148:getFallDelay]: Assert "(ta !=0) && (tlc_ !=0)"
**DIAG[optinfra/oiUtil.cpp:2137:getRiseDelay]: Assert "(ta !=0) && (tlc_ !=0)"
**DIAG[optinfra/oiUtil.cpp:2148:getFallDelay]: Assert "(ta !=0) && (tlc_ !=0)"
**DIAG[optinfra/oiUtil.cpp:2137:getRiseDelay]: Assert "(ta !=0) && (tlc_ !=0)"
**DIAG[optinfra/oiUtil.cpp:2148:getFallDelay]: Assert "(ta !=0) && (tlc_ !=0)"
**DIAG[optinfra/oiUtil.cpp:2137:getRiseDelay]: Assert "(ta !=0) && (tlc_ !=0)"
**DIAG[optinfra/oiUtil.cpp:2148:getFallDelay]: Assert "(ta !=0) && (tlc_ !=0)"
**DIAG[../../include/oiTmVNetlist.hpp:287:oiTmVInstTermCL]: Assert "timeLibContext_"
**DIAG[../../include/oiTmVNetlist.hpp:287:oiTmVInstTermCL]: Assert "timeLibContext_"
**DIAG[../../include/oiTmVNetlist.hpp:287:oiTmVInstTermCL]: Assert "timeLibContext_"
**DIAG[../../include/oiTmVNetlist.hpp:287:oiTmVInstTermCL]: Assert "timeLibContext_"
**DIAG[../../include/oiTmVNetlist.hpp:287:oiTmVInstTermCL]: Assert "timeLibContext_"
**DIAG[../../include/oiTmVNetlist.hpp:287:oiTmVInstTermCL]: Assert "timeLibContext_"
**DIAG[../../include/oiTmVNetlist.hpp:287:oiTmVInstTermCL]: Assert "timeLibContext_"
**DIAG[../../include/oiTmVNetlist.hpp:287:oiTmVInstTermCL]: Assert "timeLibContext_"
**DIAG[../../include/oiTmVNetlist.hpp:287:oiTmVInstTermCL]: Assert "timeLibContext_"
**DIAG[optinfra/oiUtil.cpp:2137:getRiseDelay]: Assert "(ta !=0) && (tlc_ !=0)"
**DIAG[optinfra/oiUtil.cpp:2148:getFallDelay]: Assert "(ta !=0) && (tlc_ !=0)"
**DIAG[optinfra/oiUtil.cpp:2137:getRiseDelay]: Assert "(ta !=0) && (tlc_ !=0)"
**DIAG[optinfra/oiUtil.cpp:2148:getFallDelay]: Assert "(ta !=0) && (tlc_ !=0)"
**DIAG[optinfra/oiUtil.cpp:2137:getRiseDelay]: Assert "(ta !=0) && (tlc_ !=0)"
**DIAG[optinfra/oiUtil.cpp:2148:getFallDelay]: Assert "(ta !=0) && (tlc_ !=0)"
**DIAG[optinfra/oiUtil.cpp:2137:getRiseDelay]: Assert "(ta !=0) && (tlc_ !=0)"
**DIAG[optinfra/oiUtil.cpp:2148:getFallDelay]: Assert "(ta !=0) && (tlc_ !=0)"
**DIAG[optinfra/oiUtil.cpp:2137:getRiseDelay]: Assert "(ta !=0) && (tlc_ !=0)"
**DIAG[optinfra/oiUtil.cpp:2148:getFallDelay]: Assert "(ta !=0) && (tlc_ !=0)"
**DIAG[optinfra/oiUtil.cpp:2137:getRiseDelay]: Assert "(ta !=0) && (tlc_ !=0)"
**DIAG[optinfra/oiUtil.cpp:2148:getFallDelay]: Assert "(ta !=0) && (tlc_ !=0)"
**DIAG[optinfra/oiUtil.cpp:2137:getRiseDelay]: Assert "(ta !=0) && (tlc_ !=0)"
**DIAG[optinfra/oiUtil.cpp:2148:getFallDelay]: Assert "(ta !=0) && (tlc_ !=0)"
**DIAG[optinfra/oiUtil.cpp:2137:getRiseDelay]: Assert "(ta !=0) && (tlc_ !=0)"
**DIAG[optinfra/oiUtil.cpp:2148:getFallDelay]: Assert "(ta !=0) && (tlc_ !=0)"
**DIAG[../../include/oiTmVNetlist.hpp:287:oiTmVInstTermCL]: Assert "timeLibContext_"
**DIAG[../../include/oiTmVNetlist.hpp:287:oiTmVInstTermCL]: Assert "timeLibContext_"
**DIAG[../../include/oiTmVNetlist.hpp:287:oiTmVInstTermCL]: Assert "timeLibContext_"
**DIAG[../../include/oiTmVNetlist.hpp:287:oiTmVInstTermCL]: Assert "timeLibContext_"
**DIAG[../../include/oiTmVNetlist.hpp:287:oiTmVInstTermCL]: Assert "timeLibContext_"
**DIAG[../../include/oiTmVNetlist.hpp:287:oiTmVInstTermCL]: Assert "timeLibContext_"
**DIAG[../../include/oiTmVNetlist.hpp:287:oiTmVInstTermCL]: Assert "timeLibContext_"
**DIAG[../../include/oiTmVNetlist.hpp:287:oiTmVInstTermCL]: Assert "timeLibContext_"
**DIAG[../../include/oiTmVNetlist.hpp:287:oiTmVInstTermCL]: Assert "timeLibContext_"
**DIAG[optinfra/oiUtil.cpp:2137:getRiseDelay]: Assert "(ta !=0) && (tlc_ !=0)"
**DIAG[optinfra/oiUtil.cpp:2148:getFallDelay]: Assert "(ta !=0) && (tlc_ !=0)"
**DIAG[optinfra/oiUtil.cpp:2137:getRiseDelay]: Assert "(ta !=0) && (tlc_ !=0)"
**DIAG[optinfra/oiUtil.cpp:2148:getFallDelay]: Assert "(ta !=0) && (tlc_ !=0)"
**DIAG[optinfra/oiUtil.cpp:2137:getRiseDelay]: Assert "(ta !=0) && (tlc_ !=0)"
**DIAG[optinfra/oiUtil.cpp:2148:getFallDelay]: Assert "(ta !=0) && (tlc_ !=0)"
**DIAG[optinfra/oiUtil.cpp:2137:getRiseDelay]: Assert "(ta !=0) && (tlc_ !=0)"
**DIAG[optinfra/oiUtil.cpp:2148:getFallDelay]: Assert "(ta !=0) && (tlc_ !=0)"
**DIAG[optinfra/oiUtil.cpp:2137:getRiseDelay]: Assert "(ta !=0) && (tlc_ !=0)"
**DIAG[optinfra/oiUtil.cpp:2148:getFallDelay]: Assert "(ta !=0) && (tlc_ !=0)"
**DIAG[optinfra/oiUtil.cpp:2137:getRiseDelay]: Assert "(ta !=0) && (tlc_ !=0)"
**DIAG[optinfra/oiUtil.cpp:2148:getFallDelay]: Assert "(ta !=0) && (tlc_ !=0)"
**DIAG[optinfra/oiUtil.cpp:2137:getRiseDelay]: Assert "(ta !=0) && (tlc_ !=0)"
**DIAG[optinfra/oiUtil.cpp:2148:getFallDelay]: Assert "(ta !=0) && (tlc_ !=0)"
**DIAG[optinfra/oiUtil.cpp:2137:getRiseDelay]: Assert "(ta !=0) && (tlc_ !=0)"
**DIAG[optinfra/oiUtil.cpp:2148:getFallDelay]: Assert "(ta !=0) && (tlc_ !=0)"
**DIAG[../../include/oiTmVNetlist.hpp:287:oiTmVInstTermCL]: Assert "timeLibContext_"
**DIAG[../../include/oiTmVNetlist.hpp:287:oiTmVInstTermCL]: Assert "timeLibContext_"
**DIAG[../../include/oiTmVNetlist.hpp:287:oiTmVInstTermCL]: Assert "timeLibContext_"
**DIAG[../../include/oiTmVNetlist.hpp:287:oiTmVInstTermCL]: Assert "timeLibContext_"
**DIAG[../../include/oiTmVNetlist.hpp:287:oiTmVInstTermCL]: Assert "timeLibContext_"
**DIAG[../../include/oiTmVNetlist.hpp:287:oiTmVInstTermCL]: Assert "timeLibContext_"
**DIAG[../../include/oiTmVNetlist.hpp:287:oiTmVInstTermCL]: Assert "timeLibContext_"
**DIAG[../../include/oiTmVNetlist.hpp:287:oiTmVInstTermCL]: Assert "timeLibContext_"
**DIAG[../../include/oiTmVNetlist.hpp:287:oiTmVInstTermCL]: Assert "timeLibContext_"
**DIAG[optinfra/oiUtil.cpp:2137:getRiseDelay]: Assert "(ta !=0) && (tlc_ !=0)"
**DIAG[optinfra/oiUtil.cpp:2148:getFallDelay]: Assert "(ta !=0) && (tlc_ !=0)"
**DIAG[optinfra/oiUtil.cpp:2137:getRiseDelay]: Assert "(ta !=0) && (tlc_ !=0)"
**DIAG[optinfra/oiUtil.cpp:2148:getFallDelay]: Assert "(ta !=0) && (tlc_ !=0)"
**DIAG[optinfra/oiUtil.cpp:2137:getRiseDelay]: Assert "(ta !=0) && (tlc_ !=0)"
**DIAG[optinfra/oiUtil.cpp:2148:getFallDelay]: Assert "(ta !=0) && (tlc_ !=0)"
**DIAG[optinfra/oiUtil.cpp:2137:getRiseDelay]: Assert "(ta !=0) && (tlc_ !=0)"
**DIAG[optinfra/oiUtil.cpp:2148:getFallDelay]: Assert "(ta !=0) && (tlc_ !=0)"
**DIAG[optinfra/oiUtil.cpp:2137:getRiseDelay]: Assert "(ta !=0) && (tlc_ !=0)"
**DIAG[optinfra/oiUtil.cpp:2148:getFallDelay]: Assert "(ta !=0) && (tlc_ !=0)"
**DIAG[optinfra/oiUtil.cpp:2137:getRiseDelay]: Assert "(ta !=0) && (tlc_ !=0)"
**DIAG[optinfra/oiUtil.cpp:2148:getFallDelay]: Assert "(ta !=0) && (tlc_ !=0)"
**DIAG[optinfra/oiUtil.cpp:2137:getRiseDelay]: Assert "(ta !=0) && (tlc_ !=0)"
**DIAG[optinfra/oiUtil.cpp:2148:getFallDelay]: Assert "(ta !=0) && (tlc_ !=0)"
**DIAG[optinfra/oiUtil.cpp:2137:getRiseDelay]: Assert "(ta !=0) && (tlc_ !=0)"
**DIAG[optinfra/oiUtil.cpp:2148:getFallDelay]: Assert "(ta !=0) && (tlc_ !=0)"
**DIAG[../../include/oiTmVNetlist.hpp:287:oiTmVInstTermCL]: Assert "timeLibContext_"
**DIAG[../../include/oiTmVNetlist.hpp:287:oiTmVInstTermCL]: Assert "timeLibContext_"
**DIAG[../../include/oiTmVNetlist.hpp:287:oiTmVInstTermCL]: Assert "timeLibContext_"
**DIAG[../../include/oiTmVNetlist.hpp:287:oiTmVInstTermCL]: Assert "timeLibContext_"
**DIAG[../../include/oiTmVNetlist.hpp:287:oiTmVInstTermCL]: Assert "timeLibContext_"
**DIAG[../../include/oiTmVNetlist.hpp:287:oiTmVInstTermCL]: Assert "timeLibContext_"
**DIAG[../../include/oiTmVNetlist.hpp:287:oiTmVInstTermCL]: Assert "timeLibContext_"
**DIAG[../../include/oiTmVNetlist.hpp:287:oiTmVInstTermCL]: Assert "timeLibContext_"
**DIAG[../../include/oiTmVNetlist.hpp:287:oiTmVInstTermCL]: Assert "timeLibContext_"
**DIAG[../../include/oiTmVNetlist.hpp:287:oiTmVInstTermCL]: Assert "timeLibContext_"
**DIAG[../../include/oiTmVNetlist.hpp:287:oiTmVInstTermCL]: Assert "timeLibContext_"
**DIAG[optinfra/oiUtil.cpp:2137:getRiseDelay]: Assert "(ta !=0) && (tlc_ !=0)"
**DIAG[optinfra/oiUtil.cpp:2148:getFallDelay]: Assert "(ta !=0) && (tlc_ !=0)"
**DIAG[optinfra/oiUtil.cpp:2137:getRiseDelay]: Assert "(ta !=0) && (tlc_ !=0)"
**DIAG[optinfra/oiUtil.cpp:2148:getFallDelay]: Assert "(ta !=0) && (tlc_ !=0)"
**DIAG[optinfra/oiUtil.cpp:2137:getRiseDelay]: Assert "(ta !=0) && (tlc_ !=0)"
**DIAG[optinfra/oiUtil.cpp:2148:getFallDelay]: Assert "(ta !=0) && (tlc_ !=0)"
**DIAG[optinfra/oiUtil.cpp:2137:getRiseDelay]: Assert "(ta !=0) && (tlc_ !=0)"
**DIAG[optinfra/oiUtil.cpp:2148:getFallDelay]: Assert "(ta !=0) && (tlc_ !=0)"
**DIAG[optinfra/oiUtil.cpp:2137:getRiseDelay]: Assert "(ta !=0) && (tlc_ !=0)"
**DIAG[optinfra/oiUtil.cpp:2148:getFallDelay]: Assert "(ta !=0) && (tlc_ !=0)"
**DIAG[optinfra/oiUtil.cpp:2137:getRiseDelay]: Assert "(ta !=0) && (tlc_ !=0)"
**DIAG[optinfra/oiUtil.cpp:2148:getFallDelay]: Assert "(ta !=0) && (tlc_ !=0)"
**DIAG[optinfra/oiUtil.cpp:2137:getRiseDelay]: Assert "(ta !=0) && (tlc_ !=0)"
**DIAG[optinfra/oiUtil.cpp:2148:getFallDelay]: Assert "(ta !=0) && (tlc_ !=0)"
**DIAG[optinfra/oiUtil.cpp:2137:getRiseDelay]: Assert "(ta !=0) && (tlc_ !=0)"
**DIAG[optinfra/oiUtil.cpp:2148:getFallDelay]: Assert "(ta !=0) && (tlc_ !=0)"
**DIAG[optinfra/oiUtil.cpp:2137:getRiseDelay]: Assert "(ta !=0) && (tlc_ !=0)"
**DIAG[optinfra/oiUtil.cpp:2148:getFallDelay]: Assert "(ta !=0) && (tlc_ !=0)"
**DIAG[optinfra/oiUtil.cpp:2137:getRiseDelay]: Assert "(ta !=0) && (tlc_ !=0)"
**DIAG[optinfra/oiUtil.cpp:2148:getFallDelay]: Assert "(ta !=0) && (tlc_ !=0)"
**DIAG[../../include/oiTmVNetlist.hpp:287:oiTmVInstTermCL]: Assert "timeLibContext_"
**DIAG[../../include/oiTmVNetlist.hpp:287:oiTmVInstTermCL]: Assert "timeLibContext_"
**DIAG[../../include/oiTmVNetlist.hpp:287:oiTmVInstTermCL]: Assert "timeLibContext_"
**DIAG[../../include/oiTmVNetlist.hpp:287:oiTmVInstTermCL]: Assert "timeLibContext_"
**DIAG[../../include/oiTmVNetlist.hpp:287:oiTmVInstTermCL]: Assert "timeLibContext_"
**DIAG[../../include/oiTmVNetlist.hpp:287:oiTmVInstTermCL]: Assert "timeLibContext_"
**DIAG[../../include/oiTmVNetlist.hpp:287:oiTmVInstTermCL]: Assert "timeLibContext_"
**DIAG[../../include/oiTmVNetlist.hpp:287:oiTmVInstTermCL]: Assert "timeLibContext_"
**DIAG[../../include/oiTmVNetlist.hpp:287:oiTmVInstTermCL]: Assert "timeLibContext_"
**DIAG[../../include/oiTmVNetlist.hpp:287:oiTmVInstTermCL]: Assert "timeLibContext_"
**DIAG[../../include/oiTmVNetlist.hpp:287:oiTmVInstTermCL]: Assert "timeLibContext_"
**DIAG[optinfra/oiUtil.cpp:2137:getRiseDelay]: Assert "(ta !=0) && (tlc_ !=0)"
**DIAG[optinfra/oiUtil.cpp:2148:getFallDelay]: Assert "(ta !=0) && (tlc_ !=0)"
**DIAG[optinfra/oiUtil.cpp:2137:getRiseDelay]: Assert "(ta !=0) && (tlc_ !=0)"
**DIAG[optinfra/oiUtil.cpp:2148:getFallDelay]: Assert "(ta !=0) && (tlc_ !=0)"
**DIAG[optinfra/oiUtil.cpp:2137:getRiseDelay]: Assert "(ta !=0) && (tlc_ !=0)"
**DIAG[optinfra/oiUtil.cpp:2148:getFallDelay]: Assert "(ta !=0) && (tlc_ !=0)"
**DIAG[optinfra/oiUtil.cpp:2137:getRiseDelay]: Assert "(ta !=0) && (tlc_ !=0)"
**DIAG[optinfra/oiUtil.cpp:2148:getFallDelay]: Assert "(ta !=0) && (tlc_ !=0)"
**DIAG[optinfra/oiUtil.cpp:2137:getRiseDelay]: Assert "(ta !=0) && (tlc_ !=0)"
**DIAG[optinfra/oiUtil.cpp:2148:getFallDelay]: Assert "(ta !=0) && (tlc_ !=0)"
**DIAG[optinfra/oiUtil.cpp:2137:getRiseDelay]: Assert "(ta !=0) && (tlc_ !=0)"
**DIAG[optinfra/oiUtil.cpp:2148:getFallDelay]: Assert "(ta !=0) && (tlc_ !=0)"
**DIAG[optinfra/oiUtil.cpp:2137:getRiseDelay]: Assert "(ta !=0) && (tlc_ !=0)"
**DIAG[optinfra/oiUtil.cpp:2148:getFallDelay]: Assert "(ta !=0) && (tlc_ !=0)"
**DIAG[optinfra/oiUtil.cpp:2137:getRiseDelay]: Assert "(ta !=0) && (tlc_ !=0)"
**DIAG[optinfra/oiUtil.cpp:2148:getFallDelay]: Assert "(ta !=0) && (tlc_ !=0)"
**DIAG[optinfra/oiUtil.cpp:2137:getRiseDelay]: Assert "(ta !=0) && (tlc_ !=0)"
**DIAG[optinfra/oiUtil.cpp:2148:getFallDelay]: Assert "(ta !=0) && (tlc_ !=0)"
**DIAG[optinfra/oiUtil.cpp:2137:getRiseDelay]: Assert "(ta !=0) && (tlc_ !=0)"
**DIAG[optinfra/oiUtil.cpp:2148:getFallDelay]: Assert "(ta !=0) && (tlc_ !=0)"
**DIAG[../../include/oiTmVNetlist.hpp:287:oiTmVInstTermCL]: Assert "timeLibContext_"
**DIAG[../../include/oiTmVNetlist.hpp:287:oiTmVInstTermCL]: Assert "timeLibContext_"
**DIAG[../../include/oiTmVNetlist.hpp:287:oiTmVInstTermCL]: Assert "timeLibContext_"
**DIAG[../../include/oiTmVNetlist.hpp:287:oiTmVInstTermCL]: Assert "timeLibContext_"
**DIAG[../../include/oiTmVNetlist.hpp:287:oiTmVInstTermCL]: Assert "timeLibContext_"
**DIAG[../../include/oiTmVNetlist.hpp:287:oiTmVInstTermCL]: Assert "timeLibContext_"
**DIAG[../../include/oiTmVNetlist.hpp:287:oiTmVInstTermCL]: Assert "timeLibContext_"
**DIAG[../../include/oiTmVNetlist.hpp:287:oiTmVInstTermCL]: Assert "timeLibContext_"
**DIAG[../../include/oiTmVNetlist.hpp:287:oiTmVInstTermCL]: Assert "timeLibContext_"
**DIAG[../../include/oiTmVNetlist.hpp:287:oiTmVInstTermCL]: Assert "timeLibContext_"
**DIAG[../../include/oiTmVNetlist.hpp:287:oiTmVInstTermCL]: Assert "timeLibContext_"
**DIAG[optinfra/oiUtil.cpp:2137:getRiseDelay]: Assert "(ta !=0) && (tlc_ !=0)"
**DIAG[optinfra/oiUtil.cpp:2148:getFallDelay]: Assert "(ta !=0) && (tlc_ !=0)"
**DIAG[optinfra/oiUtil.cpp:2137:getRiseDelay]: Assert "(ta !=0) && (tlc_ !=0)"
**DIAG[optinfra/oiUtil.cpp:2148:getFallDelay]: Assert "(ta !=0) && (tlc_ !=0)"
**DIAG[optinfra/oiUtil.cpp:2137:getRiseDelay]: Assert "(ta !=0) && (tlc_ !=0)"
**DIAG[optinfra/oiUtil.cpp:2148:getFallDelay]: Assert "(ta !=0) && (tlc_ !=0)"
**DIAG[optinfra/oiUtil.cpp:2137:getRiseDelay]: Assert "(ta !=0) && (tlc_ !=0)"
**DIAG[optinfra/oiUtil.cpp:2148:getFallDelay]: Assert "(ta !=0) && (tlc_ !=0)"
**DIAG[optinfra/oiUtil.cpp:2137:getRiseDelay]: Assert "(ta !=0) && (tlc_ !=0)"
**DIAG[optinfra/oiUtil.cpp:2148:getFallDelay]: Assert "(ta !=0) && (tlc_ !=0)"
**DIAG[optinfra/oiUtil.cpp:2137:getRiseDelay]: Assert "(ta !=0) && (tlc_ !=0)"
**DIAG[optinfra/oiUtil.cpp:2148:getFallDelay]: Assert "(ta !=0) && (tlc_ !=0)"
**DIAG[optinfra/oiUtil.cpp:2137:getRiseDelay]: Assert "(ta !=0) && (tlc_ !=0)"
**DIAG[optinfra/oiUtil.cpp:2148:getFallDelay]: Assert "(ta !=0) && (tlc_ !=0)"
**DIAG[optinfra/oiUtil.cpp:2137:getRiseDelay]: Assert "(ta !=0) && (tlc_ !=0)"
**DIAG[optinfra/oiUtil.cpp:2148:getFallDelay]: Assert "(ta !=0) && (tlc_ !=0)"
**DIAG[optinfra/oiUtil.cpp:2137:getRiseDelay]: Assert "(ta !=0) && (tlc_ !=0)"
**DIAG[optinfra/oiUtil.cpp:2148:getFallDelay]: Assert "(ta !=0) && (tlc_ !=0)"
**DIAG[optinfra/oiUtil.cpp:2137:getRiseDelay]: Assert "(ta !=0) && (tlc_ !=0)"
**DIAG[optinfra/oiUtil.cpp:2148:getFallDelay]: Assert "(ta !=0) && (tlc_ !=0)"
**DIAG[../../include/oiTmVNetlist.hpp:287:oiTmVInstTermCL]: Assert "timeLibContext_"
**DIAG[../../include/oiTmVNetlist.hpp:287:oiTmVInstTermCL]: Assert "timeLibContext_"
**DIAG[../../include/oiTmVNetlist.hpp:287:oiTmVInstTermCL]: Assert "timeLibContext_"
**DIAG[../../include/oiTmVNetlist.hpp:287:oiTmVInstTermCL]: Assert "timeLibContext_"
**DIAG[../../include/oiTmVNetlist.hpp:287:oiTmVInstTermCL]: Assert "timeLibContext_"
**DIAG[../../include/oiTmVNetlist.hpp:287:oiTmVInstTermCL]: Assert "timeLibContext_"
**DIAG[../../include/oiTmVNetlist.hpp:287:oiTmVInstTermCL]: Assert "timeLibContext_"
**DIAG[../../include/oiTmVNetlist.hpp:287:oiTmVInstTermCL]: Assert "timeLibContext_"
**DIAG[../../include/oiTmVNetlist.hpp:287:oiTmVInstTermCL]: Assert "timeLibContext_"
**DIAG[../../include/oiTmVNetlist.hpp:287:oiTmVInstTermCL]: Assert "timeLibContext_"
**DIAG[../../include/oiTmVNetlist.hpp:287:oiTmVInstTermCL]: Assert "timeLibContext_"
**DIAG[optinfra/oiUtil.cpp:2137:getRiseDelay]: Assert "(ta !=0) && (tlc_ !=0)"
**DIAG[optinfra/oiUtil.cpp:2148:getFallDelay]: Assert "(ta !=0) && (tlc_ !=0)"
**DIAG[optinfra/oiUtil.cpp:2137:getRiseDelay]: Assert "(ta !=0) && (tlc_ !=0)"
**DIAG[optinfra/oiUtil.cpp:2148:getFallDelay]: Assert "(ta !=0) && (tlc_ !=0)"
**DIAG[optinfra/oiUtil.cpp:2137:getRiseDelay]: Assert "(ta !=0) && (tlc_ !=0)"
**DIAG[optinfra/oiUtil.cpp:2148:getFallDelay]: Assert "(ta !=0) && (tlc_ !=0)"
**DIAG[optinfra/oiUtil.cpp:2137:getRiseDelay]: Assert "(ta !=0) && (tlc_ !=0)"
**DIAG[optinfra/oiUtil.cpp:2148:getFallDelay]: Assert "(ta !=0) && (tlc_ !=0)"
**DIAG[optinfra/oiUtil.cpp:2137:getRiseDelay]: Assert "(ta !=0) && (tlc_ !=0)"
**DIAG[optinfra/oiUtil.cpp:2148:getFallDelay]: Assert "(ta !=0) && (tlc_ !=0)"
**DIAG[optinfra/oiUtil.cpp:2137:getRiseDelay]: Assert "(ta !=0) && (tlc_ !=0)"
**DIAG[optinfra/oiUtil.cpp:2148:getFallDelay]: Assert "(ta !=0) && (tlc_ !=0)"
**DIAG[optinfra/oiUtil.cpp:2137:getRiseDelay]: Assert "(ta !=0) && (tlc_ !=0)"
**DIAG[optinfra/oiUtil.cpp:2148:getFallDelay]: Assert "(ta !=0) && (tlc_ !=0)"
**DIAG[optinfra/oiUtil.cpp:2137:getRiseDelay]: Assert "(ta !=0) && (tlc_ !=0)"
**DIAG[optinfra/oiUtil.cpp:2148:getFallDelay]: Assert "(ta !=0) && (tlc_ !=0)"
**DIAG[optinfra/oiUtil.cpp:2137:getRiseDelay]: Assert "(ta !=0) && (tlc_ !=0)"
**DIAG[optinfra/oiUtil.cpp:2148:getFallDelay]: Assert "(ta !=0) && (tlc_ !=0)"
**DIAG[optinfra/oiUtil.cpp:2137:getRiseDelay]: Assert "(ta !=0) && (tlc_ !=0)"
**DIAG[optinfra/oiUtil.cpp:2148:getFallDelay]: Assert "(ta !=0) && (tlc_ !=0)"
**DIAG[../../include/oiTmVNetlist.hpp:287:oiTmVInstTermCL]: Assert "timeLibContext_"
**DIAG[../../include/oiTmVNetlist.hpp:287:oiTmVInstTermCL]: Assert "timeLibContext_"
**DIAG[../../include/oiTmVNetlist.hpp:287:oiTmVInstTermCL]: Assert "timeLibContext_"
**DIAG[../../include/oiTmVNetlist.hpp:287:oiTmVInstTermCL]: Assert "timeLibContext_"
**DIAG[../../include/oiTmVNetlist.hpp:287:oiTmVInstTermCL]: Assert "timeLibContext_"
**DIAG[../../include/oiTmVNetlist.hpp:287:oiTmVInstTermCL]: Assert "timeLibContext_"
**DIAG[../../include/oiTmVNetlist.hpp:287:oiTmVInstTermCL]: Assert "timeLibContext_"
**DIAG[../../include/oiTmVNetlist.hpp:287:oiTmVInstTermCL]: Assert "timeLibContext_"
**DIAG[../../include/oiTmVNetlist.hpp:287:oiTmVInstTermCL]: Assert "timeLibContext_"
**DIAG[../../include/oiTmVNetlist.hpp:287:oiTmVInstTermCL]: Assert "timeLibContext_"
**DIAG[../../include/oiTmVNetlist.hpp:287:oiTmVInstTermCL]: Assert "timeLibContext_"
**DIAG[optinfra/oiUtil.cpp:2137:getRiseDelay]: Assert "(ta !=0) && (tlc_ !=0)"
**DIAG[optinfra/oiUtil.cpp:2148:getFallDelay]: Assert "(ta !=0) && (tlc_ !=0)"
**DIAG[optinfra/oiUtil.cpp:2137:getRiseDelay]: Assert "(ta !=0) && (tlc_ !=0)"
**DIAG[optinfra/oiUtil.cpp:2148:getFallDelay]: Assert "(ta !=0) && (tlc_ !=0)"
**DIAG[optinfra/oiUtil.cpp:2137:getRiseDelay]: Assert "(ta !=0) && (tlc_ !=0)"
**DIAG[optinfra/oiUtil.cpp:2148:getFallDelay]: Assert "(ta !=0) && (tlc_ !=0)"
**DIAG[optinfra/oiUtil.cpp:2137:getRiseDelay]: Assert "(ta !=0) && (tlc_ !=0)"
**DIAG[optinfra/oiUtil.cpp:2148:getFallDelay]: Assert "(ta !=0) && (tlc_ !=0)"
**DIAG[optinfra/oiUtil.cpp:2137:getRiseDelay]: Assert "(ta !=0) && (tlc_ !=0)"
**DIAG[optinfra/oiUtil.cpp:2148:getFallDelay]: Assert "(ta !=0) && (tlc_ !=0)"
**DIAG[optinfra/oiUtil.cpp:2137:getRiseDelay]: Assert "(ta !=0) && (tlc_ !=0)"
**DIAG[optinfra/oiUtil.cpp:2148:getFallDelay]: Assert "(ta !=0) && (tlc_ !=0)"
**DIAG[optinfra/oiUtil.cpp:2137:getRiseDelay]: Assert "(ta !=0) && (tlc_ !=0)"
**DIAG[optinfra/oiUtil.cpp:2148:getFallDelay]: Assert "(ta !=0) && (tlc_ !=0)"
**DIAG[optinfra/oiUtil.cpp:2137:getRiseDelay]: Assert "(ta !=0) && (tlc_ !=0)"
**DIAG[optinfra/oiUtil.cpp:2148:getFallDelay]: Assert "(ta !=0) && (tlc_ !=0)"
**DIAG[optinfra/oiUtil.cpp:2137:getRiseDelay]: Assert "(ta !=0) && (tlc_ !=0)"
**DIAG[optinfra/oiUtil.cpp:2148:getFallDelay]: Assert "(ta !=0) && (tlc_ !=0)"
**DIAG[optinfra/oiUtil.cpp:2137:getRiseDelay]: Assert "(ta !=0) && (tlc_ !=0)"
**DIAG[optinfra/oiUtil.cpp:2148:getFallDelay]: Assert "(ta !=0) && (tlc_ !=0)"
**DIAG[../../include/oiTmVNetlist.hpp:287:oiTmVInstTermCL]: Assert "timeLibContext_"
**DIAG[../../include/oiTmVNetlist.hpp:287:oiTmVInstTermCL]: Assert "timeLibContext_"
**DIAG[../../include/oiTmVNetlist.hpp:287:oiTmVInstTermCL]: Assert "timeLibContext_"
**DIAG[../../include/oiTmVNetlist.hpp:287:oiTmVInstTermCL]: Assert "timeLibContext_"
**DIAG[../../include/oiTmVNetlist.hpp:287:oiTmVInstTermCL]: Assert "timeLibContext_"
**DIAG[../../include/oiTmVNetlist.hpp:287:oiTmVInstTermCL]: Assert "timeLibContext_"
**DIAG[../../include/oiTmVNetlist.hpp:287:oiTmVInstTermCL]: Assert "timeLibContext_"
**DIAG[../../include/oiTmVNetlist.hpp:287:oiTmVInstTermCL]: Assert "timeLibContext_"
**DIAG[../../include/oiTmVNetlist.hpp:287:oiTmVInstTermCL]: Assert "timeLibContext_"
**DIAG[../../include/oiTmVNetlist.hpp:287:oiTmVInstTermCL]: Assert "timeLibContext_"
**DIAG[../../include/oiTmVNetlist.hpp:287:oiTmVInstTermCL]: Assert "timeLibContext_"
**DIAG[optinfra/oiUtil.cpp:2137:getRiseDelay]: Assert "(ta !=0) && (tlc_ !=0)"
**DIAG[optinfra/oiUtil.cpp:2148:getFallDelay]: Assert "(ta !=0) && (tlc_ !=0)"
**DIAG[optinfra/oiUtil.cpp:2137:getRiseDelay]: Assert "(ta !=0) && (tlc_ !=0)"
**DIAG[optinfra/oiUtil.cpp:2148:getFallDelay]: Assert "(ta !=0) && (tlc_ !=0)"
**DIAG[optinfra/oiUtil.cpp:2137:getRiseDelay]: Assert "(ta !=0) && (tlc_ !=0)"
**DIAG[optinfra/oiUtil.cpp:2148:getFallDelay]: Assert "(ta !=0) && (tlc_ !=0)"
**DIAG[optinfra/oiUtil.cpp:2137:getRiseDelay]: Assert "(ta !=0) && (tlc_ !=0)"
**DIAG[optinfra/oiUtil.cpp:2148:getFallDelay]: Assert "(ta !=0) && (tlc_ !=0)"
**DIAG[optinfra/oiUtil.cpp:2137:getRiseDelay]: Assert "(ta !=0) && (tlc_ !=0)"
**DIAG[optinfra/oiUtil.cpp:2148:getFallDelay]: Assert "(ta !=0) && (tlc_ !=0)"
**DIAG[optinfra/oiUtil.cpp:2137:getRiseDelay]: Assert "(ta !=0) && (tlc_ !=0)"
**DIAG[optinfra/oiUtil.cpp:2148:getFallDelay]: Assert "(ta !=0) && (tlc_ !=0)"
**DIAG[optinfra/oiUtil.cpp:2137:getRiseDelay]: Assert "(ta !=0) && (tlc_ !=0)"
**DIAG[optinfra/oiUtil.cpp:2148:getFallDelay]: Assert "(ta !=0) && (tlc_ !=0)"
**DIAG[optinfra/oiUtil.cpp:2137:getRiseDelay]: Assert "(ta !=0) && (tlc_ !=0)"
**DIAG[optinfra/oiUtil.cpp:2148:getFallDelay]: Assert "(ta !=0) && (tlc_ !=0)"
**DIAG[optinfra/oiUtil.cpp:2137:getRiseDelay]: Assert "(ta !=0) && (tlc_ !=0)"
**DIAG[optinfra/oiUtil.cpp:2148:getFallDelay]: Assert "(ta !=0) && (tlc_ !=0)"
**DIAG[optinfra/oiUtil.cpp:2137:getRiseDelay]: Assert "(ta !=0) && (tlc_ !=0)"
**DIAG[optinfra/oiUtil.cpp:2148:getFallDelay]: Assert "(ta !=0) && (tlc_ !=0)"
**DIAG[../../include/oiTmVNetlist.hpp:287:oiTmVInstTermCL]: Assert "timeLibContext_"
**DIAG[../../include/oiTmVNetlist.hpp:287:oiTmVInstTermCL]: Assert "timeLibContext_"
**DIAG[../../include/oiTmVNetlist.hpp:287:oiTmVInstTermCL]: Assert "timeLibContext_"
**DIAG[../../include/oiTmVNetlist.hpp:287:oiTmVInstTermCL]: Assert "timeLibContext_"
**DIAG[../../include/oiTmVNetlist.hpp:287:oiTmVInstTermCL]: Assert "timeLibContext_"
**DIAG[../../include/oiTmVNetlist.hpp:287:oiTmVInstTermCL]: Assert "timeLibContext_"
**DIAG[../../include/oiTmVNetlist.hpp:287:oiTmVInstTermCL]: Assert "timeLibContext_"
**DIAG[../../include/oiTmVNetlist.hpp:287:oiTmVInstTermCL]: Assert "timeLibContext_"
**DIAG[../../include/oiTmVNetlist.hpp:287:oiTmVInstTermCL]: Assert "timeLibContext_"
**DIAG[../../include/oiTmVNetlist.hpp:287:oiTmVInstTermCL]: Assert "timeLibContext_"
**DIAG[../../include/oiTmVNetlist.hpp:287:oiTmVInstTermCL]: Assert "timeLibContext_"
**DIAG[optinfra/oiUtil.cpp:2137:getRiseDelay]: Assert "(ta !=0) && (tlc_ !=0)"
**DIAG[optinfra/oiUtil.cpp:2148:getFallDelay]: Assert "(ta !=0) && (tlc_ !=0)"
**DIAG[optinfra/oiUtil.cpp:2137:getRiseDelay]: Assert "(ta !=0) && (tlc_ !=0)"
**DIAG[optinfra/oiUtil.cpp:2148:getFallDelay]: Assert "(ta !=0) && (tlc_ !=0)"
**DIAG[optinfra/oiUtil.cpp:2137:getRiseDelay]: Assert "(ta !=0) && (tlc_ !=0)"
**DIAG[optinfra/oiUtil.cpp:2148:getFallDelay]: Assert "(ta !=0) && (tlc_ !=0)"
**DIAG[optinfra/oiUtil.cpp:2137:getRiseDelay]: Assert "(ta !=0) && (tlc_ !=0)"
**DIAG[optinfra/oiUtil.cpp:2148:getFallDelay]: Assert "(ta !=0) && (tlc_ !=0)"
**DIAG[optinfra/oiUtil.cpp:2137:getRiseDelay]: Assert "(ta !=0) && (tlc_ !=0)"
**DIAG[optinfra/oiUtil.cpp:2148:getFallDelay]: Assert "(ta !=0) && (tlc_ !=0)"
**DIAG[optinfra/oiUtil.cpp:2137:getRiseDelay]: Assert "(ta !=0) && (tlc_ !=0)"
**DIAG[optinfra/oiUtil.cpp:2148:getFallDelay]: Assert "(ta !=0) && (tlc_ !=0)"
**DIAG[optinfra/oiUtil.cpp:2137:getRiseDelay]: Assert "(ta !=0) && (tlc_ !=0)"
**DIAG[optinfra/oiUtil.cpp:2148:getFallDelay]: Assert "(ta !=0) && (tlc_ !=0)"
**DIAG[optinfra/oiUtil.cpp:2137:getRiseDelay]: Assert "(ta !=0) && (tlc_ !=0)"
**DIAG[optinfra/oiUtil.cpp:2148:getFallDelay]: Assert "(ta !=0) && (tlc_ !=0)"
**DIAG[optinfra/oiUtil.cpp:2137:getRiseDelay]: Assert "(ta !=0) && (tlc_ !=0)"
**DIAG[optinfra/oiUtil.cpp:2148:getFallDelay]: Assert "(ta !=0) && (tlc_ !=0)"
**DIAG[optinfra/oiUtil.cpp:2137:getRiseDelay]: Assert "(ta !=0) && (tlc_ !=0)"
**DIAG[optinfra/oiUtil.cpp:2148:getFallDelay]: Assert "(ta !=0) && (tlc_ !=0)"
**DIAG[../../include/oiTmVNetlist.hpp:287:oiTmVInstTermCL]: Assert "timeLibContext_"
**DIAG[../../include/oiTmVNetlist.hpp:287:oiTmVInstTermCL]: Assert "timeLibContext_"
**DIAG[../../include/oiTmVNetlist.hpp:287:oiTmVInstTermCL]: Assert "timeLibContext_"
**DIAG[../../include/oiTmVNetlist.hpp:287:oiTmVInstTermCL]: Assert "timeLibContext_"
**DIAG[../../include/oiTmVNetlist.hpp:287:oiTmVInstTermCL]: Assert "timeLibContext_"
**DIAG[../../include/oiTmVNetlist.hpp:287:oiTmVInstTermCL]: Assert "timeLibContext_"
**DIAG[../../include/oiTmVNetlist.hpp:287:oiTmVInstTermCL]: Assert "timeLibContext_"
**DIAG[../../include/oiTmVNetlist.hpp:287:oiTmVInstTermCL]: Assert "timeLibContext_"
**DIAG[../../include/oiTmVNetlist.hpp:287:oiTmVInstTermCL]: Assert "timeLibContext_"
**DIAG[../../include/oiTmVNetlist.hpp:287:oiTmVInstTermCL]: Assert "timeLibContext_"
**DIAG[../../include/oiTmVNetlist.hpp:287:oiTmVInstTermCL]: Assert "timeLibContext_"
**DIAG[optinfra/oiUtil.cpp:2137:getRiseDelay]: Assert "(ta !=0) && (tlc_ !=0)"
**DIAG[optinfra/oiUtil.cpp:2148:getFallDelay]: Assert "(ta !=0) && (tlc_ !=0)"
**DIAG[optinfra/oiUtil.cpp:2137:getRiseDelay]: Assert "(ta !=0) && (tlc_ !=0)"
**DIAG[optinfra/oiUtil.cpp:2148:getFallDelay]: Assert "(ta !=0) && (tlc_ !=0)"
**DIAG[optinfra/oiUtil.cpp:2137:getRiseDelay]: Assert "(ta !=0) && (tlc_ !=0)"
**DIAG[optinfra/oiUtil.cpp:2148:getFallDelay]: Assert "(ta !=0) && (tlc_ !=0)"
**DIAG[optinfra/oiUtil.cpp:2137:getRiseDelay]: Assert "(ta !=0) && (tlc_ !=0)"
**DIAG[optinfra/oiUtil.cpp:2148:getFallDelay]: Assert "(ta !=0) && (tlc_ !=0)"
**DIAG[optinfra/oiUtil.cpp:2137:getRiseDelay]: Assert "(ta !=0) && (tlc_ !=0)"
**DIAG[optinfra/oiUtil.cpp:2148:getFallDelay]: Assert "(ta !=0) && (tlc_ !=0)"
**DIAG[optinfra/oiUtil.cpp:2137:getRiseDelay]: Assert "(ta !=0) && (tlc_ !=0)"
**DIAG[optinfra/oiUtil.cpp:2148:getFallDelay]: Assert "(ta !=0) && (tlc_ !=0)"
**DIAG[optinfra/oiUtil.cpp:2137:getRiseDelay]: Assert "(ta !=0) && (tlc_ !=0)"
**DIAG[optinfra/oiUtil.cpp:2148:getFallDelay]: Assert "(ta !=0) && (tlc_ !=0)"
**DIAG[optinfra/oiUtil.cpp:2137:getRiseDelay]: Assert "(ta !=0) && (tlc_ !=0)"
**DIAG[optinfra/oiUtil.cpp:2148:getFallDelay]: Assert "(ta !=0) && (tlc_ !=0)"
**DIAG[optinfra/oiUtil.cpp:2137:getRiseDelay]: Assert "(ta !=0) && (tlc_ !=0)"
**DIAG[optinfra/oiUtil.cpp:2148:getFallDelay]: Assert "(ta !=0) && (tlc_ !=0)"
**DIAG[optinfra/oiUtil.cpp:2137:getRiseDelay]: Assert "(ta !=0) && (tlc_ !=0)"
**DIAG[optinfra/oiUtil.cpp:2148:getFallDelay]: Assert "(ta !=0) && (tlc_ !=0)"
**DIAG[../../include/oiTmVNetlist.hpp:287:oiTmVInstTermCL]: Assert "timeLibContext_"
**DIAG[../../include/oiTmVNetlist.hpp:287:oiTmVInstTermCL]: Assert "timeLibContext_"
**DIAG[../../include/oiTmVNetlist.hpp:287:oiTmVInstTermCL]: Assert "timeLibContext_"
**DIAG[../../include/oiTmVNetlist.hpp:287:oiTmVInstTermCL]: Assert "timeLibContext_"
**DIAG[../../include/oiTmVNetlist.hpp:287:oiTmVInstTermCL]: Assert "timeLibContext_"
**DIAG[../../include/oiTmVNetlist.hpp:287:oiTmVInstTermCL]: Assert "timeLibContext_"
**DIAG[../../include/oiTmVNetlist.hpp:287:oiTmVInstTermCL]: Assert "timeLibContext_"
**DIAG[../../include/oiTmVNetlist.hpp:287:oiTmVInstTermCL]: Assert "timeLibContext_"
**DIAG[../../include/oiTmVNetlist.hpp:287:oiTmVInstTermCL]: Assert "timeLibContext_"
**DIAG[../../include/oiTmVNetlist.hpp:287:oiTmVInstTermCL]: Assert "timeLibContext_"
**DIAG[../../include/oiTmVNetlist.hpp:287:oiTmVInstTermCL]: Assert "timeLibContext_"
**DIAG[../../include/oiTmVNetlist.hpp:287:oiTmVInstTermCL]: Assert "timeLibContext_"
**DIAG[../../include/oiTmVNetlist.hpp:287:oiTmVInstTermCL]: Assert "timeLibContext_"
**DIAG[optinfra/oiUtil.cpp:2137:getRiseDelay]: Assert "(ta !=0) && (tlc_ !=0)"
**DIAG[optinfra/oiUtil.cpp:2148:getFallDelay]: Assert "(ta !=0) && (tlc_ !=0)"
**DIAG[optinfra/oiUtil.cpp:2137:getRiseDelay]: Assert "(ta !=0) && (tlc_ !=0)"
**DIAG[optinfra/oiUtil.cpp:2148:getFallDelay]: Assert "(ta !=0) && (tlc_ !=0)"
**DIAG[optinfra/oiUtil.cpp:2137:getRiseDelay]: Assert "(ta !=0) && (tlc_ !=0)"
**DIAG[optinfra/oiUtil.cpp:2148:getFallDelay]: Assert "(ta !=0) && (tlc_ !=0)"
**DIAG[optinfra/oiUtil.cpp:2137:getRiseDelay]: Assert "(ta !=0) && (tlc_ !=0)"
**DIAG[optinfra/oiUtil.cpp:2148:getFallDelay]: Assert "(ta !=0) && (tlc_ !=0)"
**DIAG[optinfra/oiUtil.cpp:2137:getRiseDelay]: Assert "(ta !=0) && (tlc_ !=0)"
**DIAG[optinfra/oiUtil.cpp:2148:getFallDelay]: Assert "(ta !=0) && (tlc_ !=0)"
**DIAG[optinfra/oiUtil.cpp:2137:getRiseDelay]: Assert "(ta !=0) && (tlc_ !=0)"
**DIAG[optinfra/oiUtil.cpp:2148:getFallDelay]: Assert "(ta !=0) && (tlc_ !=0)"
**DIAG[optinfra/oiUtil.cpp:2137:getRiseDelay]: Assert "(ta !=0) && (tlc_ !=0)"
**DIAG[optinfra/oiUtil.cpp:2148:getFallDelay]: Assert "(ta !=0) && (tlc_ !=0)"
**DIAG[optinfra/oiUtil.cpp:2137:getRiseDelay]: Assert "(ta !=0) && (tlc_ !=0)"
**DIAG[optinfra/oiUtil.cpp:2148:getFallDelay]: Assert "(ta !=0) && (tlc_ !=0)"
**DIAG[optinfra/oiUtil.cpp:2137:getRiseDelay]: Assert "(ta !=0) && (tlc_ !=0)"
**DIAG[optinfra/oiUtil.cpp:2148:getFallDelay]: Assert "(ta !=0) && (tlc_ !=0)"
**DIAG[optinfra/oiUtil.cpp:2137:getRiseDelay]: Assert "(ta !=0) && (tlc_ !=0)"
**DIAG[optinfra/oiUtil.cpp:2148:getFallDelay]: Assert "(ta !=0) && (tlc_ !=0)"
**DIAG[optinfra/oiUtil.cpp:2137:getRiseDelay]: Assert "(ta !=0) && (tlc_ !=0)"
**DIAG[optinfra/oiUtil.cpp:2148:getFallDelay]: Assert "(ta !=0) && (tlc_ !=0)"
**DIAG[optinfra/oiUtil.cpp:2137:getRiseDelay]: Assert "(ta !=0) && (tlc_ !=0)"
**DIAG[optinfra/oiUtil.cpp:2148:getFallDelay]: Assert "(ta !=0) && (tlc_ !=0)"
**DIAG[../../include/oiTmVNetlist.hpp:287:oiTmVInstTermCL]: Assert "timeLibContext_"
**DIAG[../../include/oiTmVNetlist.hpp:287:oiTmVInstTermCL]: Assert "timeLibContext_"
**DIAG[../../include/oiTmVNetlist.hpp:287:oiTmVInstTermCL]: Assert "timeLibContext_"
**DIAG[../../include/oiTmVNetlist.hpp:287:oiTmVInstTermCL]: Assert "timeLibContext_"
**DIAG[../../include/oiTmVNetlist.hpp:287:oiTmVInstTermCL]: Assert "timeLibContext_"
**DIAG[../../include/oiTmVNetlist.hpp:287:oiTmVInstTermCL]: Assert "timeLibContext_"
**DIAG[../../include/oiTmVNetlist.hpp:287:oiTmVInstTermCL]: Assert "timeLibContext_"
**DIAG[../../include/oiTmVNetlist.hpp:287:oiTmVInstTermCL]: Assert "timeLibContext_"
**DIAG[../../include/oiTmVNetlist.hpp:287:oiTmVInstTermCL]: Assert "timeLibContext_"
**DIAG[../../include/oiTmVNetlist.hpp:287:oiTmVInstTermCL]: Assert "timeLibContext_"
**DIAG[../../include/oiTmVNetlist.hpp:287:oiTmVInstTermCL]: Assert "timeLibContext_"
**DIAG[../../include/oiTmVNetlist.hpp:287:oiTmVInstTermCL]: Assert "timeLibContext_"
**DIAG[../../include/oiTmVNetlist.hpp:287:oiTmVInstTermCL]: Assert "timeLibContext_"
**DIAG[optinfra/oiUtil.cpp:2137:getRiseDelay]: Assert "(ta !=0) && (tlc_ !=0)"
**DIAG[optinfra/oiUtil.cpp:2148:getFallDelay]: Assert "(ta !=0) && (tlc_ !=0)"
**DIAG[optinfra/oiUtil.cpp:2137:getRiseDelay]: Assert "(ta !=0) && (tlc_ !=0)"
**DIAG[optinfra/oiUtil.cpp:2148:getFallDelay]: Assert "(ta !=0) && (tlc_ !=0)"
**DIAG[optinfra/oiUtil.cpp:2137:getRiseDelay]: Assert "(ta !=0) && (tlc_ !=0)"
**DIAG[optinfra/oiUtil.cpp:2148:getFallDelay]: Assert "(ta !=0) && (tlc_ !=0)"
**DIAG[optinfra/oiUtil.cpp:2137:getRiseDelay]: Assert "(ta !=0) && (tlc_ !=0)"
**DIAG[optinfra/oiUtil.cpp:2148:getFallDelay]: Assert "(ta !=0) && (tlc_ !=0)"
**DIAG[optinfra/oiUtil.cpp:2137:getRiseDelay]: Assert "(ta !=0) && (tlc_ !=0)"
**DIAG[optinfra/oiUtil.cpp:2148:getFallDelay]: Assert "(ta !=0) && (tlc_ !=0)"
**DIAG[optinfra/oiUtil.cpp:2137:getRiseDelay]: Assert "(ta !=0) && (tlc_ !=0)"
**DIAG[optinfra/oiUtil.cpp:2148:getFallDelay]: Assert "(ta !=0) && (tlc_ !=0)"
**DIAG[optinfra/oiUtil.cpp:2137:getRiseDelay]: Assert "(ta !=0) && (tlc_ !=0)"
**DIAG[optinfra/oiUtil.cpp:2148:getFallDelay]: Assert "(ta !=0) && (tlc_ !=0)"
**DIAG[optinfra/oiUtil.cpp:2137:getRiseDelay]: Assert "(ta !=0) && (tlc_ !=0)"
**DIAG[optinfra/oiUtil.cpp:2148:getFallDelay]: Assert "(ta !=0) && (tlc_ !=0)"
**DIAG[optinfra/oiUtil.cpp:2137:getRiseDelay]: Assert "(ta !=0) && (tlc_ !=0)"
**DIAG[optinfra/oiUtil.cpp:2148:getFallDelay]: Assert "(ta !=0) && (tlc_ !=0)"
**DIAG[optinfra/oiUtil.cpp:2137:getRiseDelay]: Assert "(ta !=0) && (tlc_ !=0)"
**DIAG[optinfra/oiUtil.cpp:2148:getFallDelay]: Assert "(ta !=0) && (tlc_ !=0)"
**DIAG[optinfra/oiUtil.cpp:2137:getRiseDelay]: Assert "(ta !=0) && (tlc_ !=0)"
**DIAG[optinfra/oiUtil.cpp:2148:getFallDelay]: Assert "(ta !=0) && (tlc_ !=0)"
**DIAG[optinfra/oiUtil.cpp:2137:getRiseDelay]: Assert "(ta !=0) && (tlc_ !=0)"
**DIAG[optinfra/oiUtil.cpp:2148:getFallDelay]: Assert "(ta !=0) && (tlc_ !=0)"
**DIAG[../../include/oiTmVNetlist.hpp:287:oiTmVInstTermCL]: Assert "timeLibContext_"
**DIAG[../../include/oiTmVNetlist.hpp:287:oiTmVInstTermCL]: Assert "timeLibContext_"
**DIAG[../../include/oiTmVNetlist.hpp:287:oiTmVInstTermCL]: Assert "timeLibContext_"
**DIAG[../../include/oiTmVNetlist.hpp:287:oiTmVInstTermCL]: Assert "timeLibContext_"
**DIAG[../../include/oiTmVNetlist.hpp:287:oiTmVInstTermCL]: Assert "timeLibContext_"
**DIAG[../../include/oiTmVNetlist.hpp:287:oiTmVInstTermCL]: Assert "timeLibContext_"
**DIAG[../../include/oiTmVNetlist.hpp:287:oiTmVInstTermCL]: Assert "timeLibContext_"
**DIAG[../../include/oiTmVNetlist.hpp:287:oiTmVInstTermCL]: Assert "timeLibContext_"
**DIAG[../../include/oiTmVNetlist.hpp:287:oiTmVInstTermCL]: Assert "timeLibContext_"
**DIAG[../../include/oiTmVNetlist.hpp:287:oiTmVInstTermCL]: Assert "timeLibContext_"
**DIAG[../../include/oiTmVNetlist.hpp:287:oiTmVInstTermCL]: Assert "timeLibContext_"
**DIAG[../../include/oiTmVNetlist.hpp:287:oiTmVInstTermCL]: Assert "timeLibContext_"
**DIAG[../../include/oiTmVNetlist.hpp:287:oiTmVInstTermCL]: Assert "timeLibContext_"
**DIAG[optinfra/oiUtil.cpp:2137:getRiseDelay]: Assert "(ta !=0) && (tlc_ !=0)"
**DIAG[optinfra/oiUtil.cpp:2148:getFallDelay]: Assert "(ta !=0) && (tlc_ !=0)"
**DIAG[optinfra/oiUtil.cpp:2137:getRiseDelay]: Assert "(ta !=0) && (tlc_ !=0)"
**DIAG[optinfra/oiUtil.cpp:2148:getFallDelay]: Assert "(ta !=0) && (tlc_ !=0)"
**DIAG[optinfra/oiUtil.cpp:2137:getRiseDelay]: Assert "(ta !=0) && (tlc_ !=0)"
**DIAG[optinfra/oiUtil.cpp:2148:getFallDelay]: Assert "(ta !=0) && (tlc_ !=0)"
**DIAG[optinfra/oiUtil.cpp:2137:getRiseDelay]: Assert "(ta !=0) && (tlc_ !=0)"
**DIAG[optinfra/oiUtil.cpp:2148:getFallDelay]: Assert "(ta !=0) && (tlc_ !=0)"
**DIAG[optinfra/oiUtil.cpp:2137:getRiseDelay]: Assert "(ta !=0) && (tlc_ !=0)"
**DIAG[optinfra/oiUtil.cpp:2148:getFallDelay]: Assert "(ta !=0) && (tlc_ !=0)"
**DIAG[optinfra/oiUtil.cpp:2137:getRiseDelay]: Assert "(ta !=0) && (tlc_ !=0)"
**DIAG[optinfra/oiUtil.cpp:2148:getFallDelay]: Assert "(ta !=0) && (tlc_ !=0)"
**DIAG[optinfra/oiUtil.cpp:2137:getRiseDelay]: Assert "(ta !=0) && (tlc_ !=0)"
**DIAG[optinfra/oiUtil.cpp:2148:getFallDelay]: Assert "(ta !=0) && (tlc_ !=0)"
**DIAG[optinfra/oiUtil.cpp:2137:getRiseDelay]: Assert "(ta !=0) && (tlc_ !=0)"
**DIAG[optinfra/oiUtil.cpp:2148:getFallDelay]: Assert "(ta !=0) && (tlc_ !=0)"
**DIAG[optinfra/oiUtil.cpp:2137:getRiseDelay]: Assert "(ta !=0) && (tlc_ !=0)"
**DIAG[optinfra/oiUtil.cpp:2148:getFallDelay]: Assert "(ta !=0) && (tlc_ !=0)"
**DIAG[optinfra/oiUtil.cpp:2137:getRiseDelay]: Assert "(ta !=0) && (tlc_ !=0)"
**DIAG[optinfra/oiUtil.cpp:2148:getFallDelay]: Assert "(ta !=0) && (tlc_ !=0)"
**DIAG[optinfra/oiUtil.cpp:2137:getRiseDelay]: Assert "(ta !=0) && (tlc_ !=0)"
**DIAG[optinfra/oiUtil.cpp:2148:getFallDelay]: Assert "(ta !=0) && (tlc_ !=0)"
**DIAG[optinfra/oiUtil.cpp:2137:getRiseDelay]: Assert "(ta !=0) && (tlc_ !=0)"
**DIAG[optinfra/oiUtil.cpp:2148:getFallDelay]: Assert "(ta !=0) && (tlc_ !=0)"
**DIAG[../../include/oiTmVNetlist.hpp:287:oiTmVInstTermCL]: Assert "timeLibContext_"
**DIAG[../../include/oiTmVNetlist.hpp:287:oiTmVInstTermCL]: Assert "timeLibContext_"
**DIAG[../../include/oiTmVNetlist.hpp:287:oiTmVInstTermCL]: Assert "timeLibContext_"
**DIAG[../../include/oiTmVNetlist.hpp:287:oiTmVInstTermCL]: Assert "timeLibContext_"
**DIAG[../../include/oiTmVNetlist.hpp:287:oiTmVInstTermCL]: Assert "timeLibContext_"
**DIAG[../../include/oiTmVNetlist.hpp:287:oiTmVInstTermCL]: Assert "timeLibContext_"
**DIAG[../../include/oiTmVNetlist.hpp:287:oiTmVInstTermCL]: Assert "timeLibContext_"
**DIAG[../../include/oiTmVNetlist.hpp:287:oiTmVInstTermCL]: Assert "timeLibContext_"
**DIAG[../../include/oiTmVNetlist.hpp:287:oiTmVInstTermCL]: Assert "timeLibContext_"
**DIAG[../../include/oiTmVNetlist.hpp:287:oiTmVInstTermCL]: Assert "timeLibContext_"
**DIAG[../../include/oiTmVNetlist.hpp:287:oiTmVInstTermCL]: Assert "timeLibContext_"
**DIAG[../../include/oiTmVNetlist.hpp:287:oiTmVInstTermCL]: Assert "timeLibContext_"
**DIAG[../../include/oiTmVNetlist.hpp:287:oiTmVInstTermCL]: Assert "timeLibContext_"
**DIAG[optinfra/oiUtil.cpp:2137:getRiseDelay]: Assert "(ta !=0) && (tlc_ !=0)"
**DIAG[optinfra/oiUtil.cpp:2148:getFallDelay]: Assert "(ta !=0) && (tlc_ !=0)"
**DIAG[optinfra/oiUtil.cpp:2137:getRiseDelay]: Assert "(ta !=0) && (tlc_ !=0)"
**DIAG[optinfra/oiUtil.cpp:2148:getFallDelay]: Assert "(ta !=0) && (tlc_ !=0)"
**DIAG[optinfra/oiUtil.cpp:2137:getRiseDelay]: Assert "(ta !=0) && (tlc_ !=0)"
**DIAG[optinfra/oiUtil.cpp:2148:getFallDelay]: Assert "(ta !=0) && (tlc_ !=0)"
**DIAG[optinfra/oiUtil.cpp:2137:getRiseDelay]: Assert "(ta !=0) && (tlc_ !=0)"
**DIAG[optinfra/oiUtil.cpp:2148:getFallDelay]: Assert "(ta !=0) && (tlc_ !=0)"
**DIAG[optinfra/oiUtil.cpp:2137:getRiseDelay]: Assert "(ta !=0) && (tlc_ !=0)"
**DIAG[optinfra/oiUtil.cpp:2148:getFallDelay]: Assert "(ta !=0) && (tlc_ !=0)"
**DIAG[optinfra/oiUtil.cpp:2137:getRiseDelay]: Assert "(ta !=0) && (tlc_ !=0)"
**DIAG[optinfra/oiUtil.cpp:2148:getFallDelay]: Assert "(ta !=0) && (tlc_ !=0)"
**DIAG[optinfra/oiUtil.cpp:2137:getRiseDelay]: Assert "(ta !=0) && (tlc_ !=0)"
**DIAG[optinfra/oiUtil.cpp:2148:getFallDelay]: Assert "(ta !=0) && (tlc_ !=0)"
**DIAG[optinfra/oiUtil.cpp:2137:getRiseDelay]: Assert "(ta !=0) && (tlc_ !=0)"
**DIAG[optinfra/oiUtil.cpp:2148:getFallDelay]: Assert "(ta !=0) && (tlc_ !=0)"
**DIAG[optinfra/oiUtil.cpp:2137:getRiseDelay]: Assert "(ta !=0) && (tlc_ !=0)"
**DIAG[optinfra/oiUtil.cpp:2148:getFallDelay]: Assert "(ta !=0) && (tlc_ !=0)"
**DIAG[optinfra/oiUtil.cpp:2137:getRiseDelay]: Assert "(ta !=0) && (tlc_ !=0)"
**DIAG[optinfra/oiUtil.cpp:2148:getFallDelay]: Assert "(ta !=0) && (tlc_ !=0)"
**DIAG[optinfra/oiUtil.cpp:2137:getRiseDelay]: Assert "(ta !=0) && (tlc_ !=0)"
**DIAG[optinfra/oiUtil.cpp:2148:getFallDelay]: Assert "(ta !=0) && (tlc_ !=0)"
**DIAG[optinfra/oiUtil.cpp:2137:getRiseDelay]: Assert "(ta !=0) && (tlc_ !=0)"
**DIAG[optinfra/oiUtil.cpp:2148:getFallDelay]: Assert "(ta !=0) && (tlc_ !=0)"
**DIAG[../../include/oiTmVNetlist.hpp:287:oiTmVInstTermCL]: Assert "timeLibContext_"
**DIAG[../../include/oiTmVNetlist.hpp:287:oiTmVInstTermCL]: Assert "timeLibContext_"
**DIAG[../../include/oiTmVNetlist.hpp:287:oiTmVInstTermCL]: Assert "timeLibContext_"
**DIAG[../../include/oiTmVNetlist.hpp:287:oiTmVInstTermCL]: Assert "timeLibContext_"
**DIAG[../../include/oiTmVNetlist.hpp:287:oiTmVInstTermCL]: Assert "timeLibContext_"
**DIAG[../../include/oiTmVNetlist.hpp:287:oiTmVInstTermCL]: Assert "timeLibContext_"
**DIAG[../../include/oiTmVNetlist.hpp:287:oiTmVInstTermCL]: Assert "timeLibContext_"
**DIAG[../../include/oiTmVNetlist.hpp:287:oiTmVInstTermCL]: Assert "timeLibContext_"
**DIAG[../../include/oiTmVNetlist.hpp:287:oiTmVInstTermCL]: Assert "timeLibContext_"
**DIAG[../../include/oiTmVNetlist.hpp:287:oiTmVInstTermCL]: Assert "timeLibContext_"
**DIAG[../../include/oiTmVNetlist.hpp:287:oiTmVInstTermCL]: Assert "timeLibContext_"
**DIAG[../../include/oiTmVNetlist.hpp:287:oiTmVInstTermCL]: Assert "timeLibContext_"
**DIAG[../../include/oiTmVNetlist.hpp:287:oiTmVInstTermCL]: Assert "timeLibContext_"
**DIAG[optinfra/oiUtil.cpp:2137:getRiseDelay]: Assert "(ta !=0) && (tlc_ !=0)"
**DIAG[optinfra/oiUtil.cpp:2148:getFallDelay]: Assert "(ta !=0) && (tlc_ !=0)"
**DIAG[optinfra/oiUtil.cpp:2137:getRiseDelay]: Assert "(ta !=0) && (tlc_ !=0)"
**DIAG[optinfra/oiUtil.cpp:2148:getFallDelay]: Assert "(ta !=0) && (tlc_ !=0)"
**DIAG[optinfra/oiUtil.cpp:2137:getRiseDelay]: Assert "(ta !=0) && (tlc_ !=0)"
**DIAG[optinfra/oiUtil.cpp:2148:getFallDelay]: Assert "(ta !=0) && (tlc_ !=0)"
**DIAG[optinfra/oiUtil.cpp:2137:getRiseDelay]: Assert "(ta !=0) && (tlc_ !=0)"
**DIAG[optinfra/oiUtil.cpp:2148:getFallDelay]: Assert "(ta !=0) && (tlc_ !=0)"
**DIAG[optinfra/oiUtil.cpp:2137:getRiseDelay]: Assert "(ta !=0) && (tlc_ !=0)"
**DIAG[optinfra/oiUtil.cpp:2148:getFallDelay]: Assert "(ta !=0) && (tlc_ !=0)"
**DIAG[optinfra/oiUtil.cpp:2137:getRiseDelay]: Assert "(ta !=0) && (tlc_ !=0)"
**DIAG[optinfra/oiUtil.cpp:2148:getFallDelay]: Assert "(ta !=0) && (tlc_ !=0)"
**DIAG[optinfra/oiUtil.cpp:2137:getRiseDelay]: Assert "(ta !=0) && (tlc_ !=0)"
**DIAG[optinfra/oiUtil.cpp:2148:getFallDelay]: Assert "(ta !=0) && (tlc_ !=0)"
**DIAG[optinfra/oiUtil.cpp:2137:getRiseDelay]: Assert "(ta !=0) && (tlc_ !=0)"
**DIAG[optinfra/oiUtil.cpp:2148:getFallDelay]: Assert "(ta !=0) && (tlc_ !=0)"
**DIAG[optinfra/oiUtil.cpp:2137:getRiseDelay]: Assert "(ta !=0) && (tlc_ !=0)"
**DIAG[optinfra/oiUtil.cpp:2148:getFallDelay]: Assert "(ta !=0) && (tlc_ !=0)"
**DIAG[optinfra/oiUtil.cpp:2137:getRiseDelay]: Assert "(ta !=0) && (tlc_ !=0)"
**DIAG[optinfra/oiUtil.cpp:2148:getFallDelay]: Assert "(ta !=0) && (tlc_ !=0)"
**DIAG[optinfra/oiUtil.cpp:2137:getRiseDelay]: Assert "(ta !=0) && (tlc_ !=0)"
**DIAG[optinfra/oiUtil.cpp:2148:getFallDelay]: Assert "(ta !=0) && (tlc_ !=0)"
**DIAG[optinfra/oiUtil.cpp:2137:getRiseDelay]: Assert "(ta !=0) && (tlc_ !=0)"
**DIAG[optinfra/oiUtil.cpp:2148:getFallDelay]: Assert "(ta !=0) && (tlc_ !=0)"
**DIAG[../../include/oiTmVNetlist.hpp:287:oiTmVInstTermCL]: Assert "timeLibContext_"
**DIAG[../../include/oiTmVNetlist.hpp:287:oiTmVInstTermCL]: Assert "timeLibContext_"
**DIAG[../../include/oiTmVNetlist.hpp:287:oiTmVInstTermCL]: Assert "timeLibContext_"
**DIAG[../../include/oiTmVNetlist.hpp:287:oiTmVInstTermCL]: Assert "timeLibContext_"
**DIAG[../../include/oiTmVNetlist.hpp:287:oiTmVInstTermCL]: Assert "timeLibContext_"
**DIAG[../../include/oiTmVNetlist.hpp:287:oiTmVInstTermCL]: Assert "timeLibContext_"
**DIAG[../../include/oiTmVNetlist.hpp:287:oiTmVInstTermCL]: Assert "timeLibContext_"
**DIAG[../../include/oiTmVNetlist.hpp:287:oiTmVInstTermCL]: Assert "timeLibContext_"
**DIAG[../../include/oiTmVNetlist.hpp:287:oiTmVInstTermCL]: Assert "timeLibContext_"
**DIAG[../../include/oiTmVNetlist.hpp:287:oiTmVInstTermCL]: Assert "timeLibContext_"
**DIAG[../../include/oiTmVNetlist.hpp:287:oiTmVInstTermCL]: Assert "timeLibContext_"
**DIAG[../../include/oiTmVNetlist.hpp:287:oiTmVInstTermCL]: Assert "timeLibContext_"
**DIAG[../../include/oiTmVNetlist.hpp:287:oiTmVInstTermCL]: Assert "timeLibContext_"
**DIAG[optinfra/oiUtil.cpp:2137:getRiseDelay]: Assert "(ta !=0) && (tlc_ !=0)"
**DIAG[optinfra/oiUtil.cpp:2148:getFallDelay]: Assert "(ta !=0) && (tlc_ !=0)"
**DIAG[optinfra/oiUtil.cpp:2137:getRiseDelay]: Assert "(ta !=0) && (tlc_ !=0)"
**DIAG[optinfra/oiUtil.cpp:2148:getFallDelay]: Assert "(ta !=0) && (tlc_ !=0)"
**DIAG[optinfra/oiUtil.cpp:2137:getRiseDelay]: Assert "(ta !=0) && (tlc_ !=0)"
**DIAG[optinfra/oiUtil.cpp:2148:getFallDelay]: Assert "(ta !=0) && (tlc_ !=0)"
**DIAG[optinfra/oiUtil.cpp:2137:getRiseDelay]: Assert "(ta !=0) && (tlc_ !=0)"
**DIAG[optinfra/oiUtil.cpp:2148:getFallDelay]: Assert "(ta !=0) && (tlc_ !=0)"
**DIAG[optinfra/oiUtil.cpp:2137:getRiseDelay]: Assert "(ta !=0) && (tlc_ !=0)"
**DIAG[optinfra/oiUtil.cpp:2148:getFallDelay]: Assert "(ta !=0) && (tlc_ !=0)"
**DIAG[optinfra/oiUtil.cpp:2137:getRiseDelay]: Assert "(ta !=0) && (tlc_ !=0)"
**DIAG[optinfra/oiUtil.cpp:2148:getFallDelay]: Assert "(ta !=0) && (tlc_ !=0)"
**DIAG[optinfra/oiUtil.cpp:2137:getRiseDelay]: Assert "(ta !=0) && (tlc_ !=0)"
**DIAG[optinfra/oiUtil.cpp:2148:getFallDelay]: Assert "(ta !=0) && (tlc_ !=0)"
**DIAG[optinfra/oiUtil.cpp:2137:getRiseDelay]: Assert "(ta !=0) && (tlc_ !=0)"
**DIAG[optinfra/oiUtil.cpp:2148:getFallDelay]: Assert "(ta !=0) && (tlc_ !=0)"
**DIAG[optinfra/oiUtil.cpp:2137:getRiseDelay]: Assert "(ta !=0) && (tlc_ !=0)"
**DIAG[optinfra/oiUtil.cpp:2148:getFallDelay]: Assert "(ta !=0) && (tlc_ !=0)"
**DIAG[optinfra/oiUtil.cpp:2137:getRiseDelay]: Assert "(ta !=0) && (tlc_ !=0)"
**DIAG[optinfra/oiUtil.cpp:2148:getFallDelay]: Assert "(ta !=0) && (tlc_ !=0)"
**DIAG[optinfra/oiUtil.cpp:2137:getRiseDelay]: Assert "(ta !=0) && (tlc_ !=0)"
**DIAG[optinfra/oiUtil.cpp:2148:getFallDelay]: Assert "(ta !=0) && (tlc_ !=0)"
**DIAG[optinfra/oiUtil.cpp:2137:getRiseDelay]: Assert "(ta !=0) && (tlc_ !=0)"
**DIAG[optinfra/oiUtil.cpp:2148:getFallDelay]: Assert "(ta !=0) && (tlc_ !=0)"
**DIAG[../../include/oiTmVNetlist.hpp:287:oiTmVInstTermCL]: Assert "timeLibContext_"
**DIAG[../../include/oiTmVNetlist.hpp:287:oiTmVInstTermCL]: Assert "timeLibContext_"
**DIAG[../../include/oiTmVNetlist.hpp:287:oiTmVInstTermCL]: Assert "timeLibContext_"
**DIAG[../../include/oiTmVNetlist.hpp:287:oiTmVInstTermCL]: Assert "timeLibContext_"
**DIAG[../../include/oiTmVNetlist.hpp:287:oiTmVInstTermCL]: Assert "timeLibContext_"
**DIAG[../../include/oiTmVNetlist.hpp:287:oiTmVInstTermCL]: Assert "timeLibContext_"
**DIAG[../../include/oiTmVNetlist.hpp:287:oiTmVInstTermCL]: Assert "timeLibContext_"
**DIAG[../../include/oiTmVNetlist.hpp:287:oiTmVInstTermCL]: Assert "timeLibContext_"
**DIAG[../../include/oiTmVNetlist.hpp:287:oiTmVInstTermCL]: Assert "timeLibContext_"
**DIAG[../../include/oiTmVNetlist.hpp:287:oiTmVInstTermCL]: Assert "timeLibContext_"
**DIAG[../../include/oiTmVNetlist.hpp:287:oiTmVInstTermCL]: Assert "timeLibContext_"
**DIAG[../../include/oiTmVNetlist.hpp:287:oiTmVInstTermCL]: Assert "timeLibContext_"
**DIAG[../../include/oiTmVNetlist.hpp:287:oiTmVInstTermCL]: Assert "timeLibContext_"
**DIAG[optinfra/oiUtil.cpp:2137:getRiseDelay]: Assert "(ta !=0) && (tlc_ !=0)"
**DIAG[optinfra/oiUtil.cpp:2148:getFallDelay]: Assert "(ta !=0) && (tlc_ !=0)"
**DIAG[optinfra/oiUtil.cpp:2137:getRiseDelay]: Assert "(ta !=0) && (tlc_ !=0)"
**DIAG[optinfra/oiUtil.cpp:2148:getFallDelay]: Assert "(ta !=0) && (tlc_ !=0)"
**DIAG[optinfra/oiUtil.cpp:2137:getRiseDelay]: Assert "(ta !=0) && (tlc_ !=0)"
**DIAG[optinfra/oiUtil.cpp:2148:getFallDelay]: Assert "(ta !=0) && (tlc_ !=0)"
**DIAG[optinfra/oiUtil.cpp:2137:getRiseDelay]: Assert "(ta !=0) && (tlc_ !=0)"
**DIAG[optinfra/oiUtil.cpp:2148:getFallDelay]: Assert "(ta !=0) && (tlc_ !=0)"
**DIAG[optinfra/oiUtil.cpp:2137:getRiseDelay]: Assert "(ta !=0) && (tlc_ !=0)"
**DIAG[optinfra/oiUtil.cpp:2148:getFallDelay]: Assert "(ta !=0) && (tlc_ !=0)"
**DIAG[optinfra/oiUtil.cpp:2137:getRiseDelay]: Assert "(ta !=0) && (tlc_ !=0)"
**DIAG[optinfra/oiUtil.cpp:2148:getFallDelay]: Assert "(ta !=0) && (tlc_ !=0)"
**DIAG[optinfra/oiUtil.cpp:2137:getRiseDelay]: Assert "(ta !=0) && (tlc_ !=0)"
**DIAG[optinfra/oiUtil.cpp:2148:getFallDelay]: Assert "(ta !=0) && (tlc_ !=0)"
**DIAG[optinfra/oiUtil.cpp:2137:getRiseDelay]: Assert "(ta !=0) && (tlc_ !=0)"
**DIAG[optinfra/oiUtil.cpp:2148:getFallDelay]: Assert "(ta !=0) && (tlc_ !=0)"
**DIAG[optinfra/oiUtil.cpp:2137:getRiseDelay]: Assert "(ta !=0) && (tlc_ !=0)"
**DIAG[optinfra/oiUtil.cpp:2148:getFallDelay]: Assert "(ta !=0) && (tlc_ !=0)"
**DIAG[optinfra/oiUtil.cpp:2137:getRiseDelay]: Assert "(ta !=0) && (tlc_ !=0)"
**DIAG[optinfra/oiUtil.cpp:2148:getFallDelay]: Assert "(ta !=0) && (tlc_ !=0)"
**DIAG[optinfra/oiUtil.cpp:2137:getRiseDelay]: Assert "(ta !=0) && (tlc_ !=0)"
**DIAG[optinfra/oiUtil.cpp:2148:getFallDelay]: Assert "(ta !=0) && (tlc_ !=0)"
**DIAG[optinfra/oiUtil.cpp:2137:getRiseDelay]: Assert "(ta !=0) && (tlc_ !=0)"
**DIAG[optinfra/oiUtil.cpp:2148:getFallDelay]: Assert "(ta !=0) && (tlc_ !=0)"
**DIAG[../../include/oiTmVNetlist.hpp:287:oiTmVInstTermCL]: Assert "timeLibContext_"
**DIAG[../../include/oiTmVNetlist.hpp:287:oiTmVInstTermCL]: Assert "timeLibContext_"
**DIAG[../../include/oiTmVNetlist.hpp:287:oiTmVInstTermCL]: Assert "timeLibContext_"
**DIAG[../../include/oiTmVNetlist.hpp:287:oiTmVInstTermCL]: Assert "timeLibContext_"
**DIAG[../../include/oiTmVNetlist.hpp:287:oiTmVInstTermCL]: Assert "timeLibContext_"
**DIAG[../../include/oiTmVNetlist.hpp:287:oiTmVInstTermCL]: Assert "timeLibContext_"
**DIAG[../../include/oiTmVNetlist.hpp:287:oiTmVInstTermCL]: Assert "timeLibContext_"
**DIAG[../../include/oiTmVNetlist.hpp:287:oiTmVInstTermCL]: Assert "timeLibContext_"
**DIAG[../../include/oiTmVNetlist.hpp:287:oiTmVInstTermCL]: Assert "timeLibContext_"
**DIAG[../../include/oiTmVNetlist.hpp:287:oiTmVInstTermCL]: Assert "timeLibContext_"
**DIAG[../../include/oiTmVNetlist.hpp:287:oiTmVInstTermCL]: Assert "timeLibContext_"
**DIAG[../../include/oiTmVNetlist.hpp:287:oiTmVInstTermCL]: Assert "timeLibContext_"
**DIAG[../../include/oiTmVNetlist.hpp:287:oiTmVInstTermCL]: Assert "timeLibContext_"
**DIAG[optinfra/oiUtil.cpp:2137:getRiseDelay]: Assert "(ta !=0) && (tlc_ !=0)"
**DIAG[optinfra/oiUtil.cpp:2148:getFallDelay]: Assert "(ta !=0) && (tlc_ !=0)"
**DIAG[optinfra/oiUtil.cpp:2137:getRiseDelay]: Assert "(ta !=0) && (tlc_ !=0)"
**DIAG[optinfra/oiUtil.cpp:2148:getFallDelay]: Assert "(ta !=0) && (tlc_ !=0)"
**DIAG[optinfra/oiUtil.cpp:2137:getRiseDelay]: Assert "(ta !=0) && (tlc_ !=0)"
**DIAG[optinfra/oiUtil.cpp:2148:getFallDelay]: Assert "(ta !=0) && (tlc_ !=0)"
**DIAG[optinfra/oiUtil.cpp:2137:getRiseDelay]: Assert "(ta !=0) && (tlc_ !=0)"
**DIAG[optinfra/oiUtil.cpp:2148:getFallDelay]: Assert "(ta !=0) && (tlc_ !=0)"
**DIAG[optinfra/oiUtil.cpp:2137:getRiseDelay]: Assert "(ta !=0) && (tlc_ !=0)"
**DIAG[optinfra/oiUtil.cpp:2148:getFallDelay]: Assert "(ta !=0) && (tlc_ !=0)"
**DIAG[optinfra/oiUtil.cpp:2137:getRiseDelay]: Assert "(ta !=0) && (tlc_ !=0)"
**DIAG[optinfra/oiUtil.cpp:2148:getFallDelay]: Assert "(ta !=0) && (tlc_ !=0)"
**DIAG[optinfra/oiUtil.cpp:2137:getRiseDelay]: Assert "(ta !=0) && (tlc_ !=0)"
**DIAG[optinfra/oiUtil.cpp:2148:getFallDelay]: Assert "(ta !=0) && (tlc_ !=0)"
**DIAG[optinfra/oiUtil.cpp:2137:getRiseDelay]: Assert "(ta !=0) && (tlc_ !=0)"
**DIAG[optinfra/oiUtil.cpp:2148:getFallDelay]: Assert "(ta !=0) && (tlc_ !=0)"
**DIAG[optinfra/oiUtil.cpp:2137:getRiseDelay]: Assert "(ta !=0) && (tlc_ !=0)"
**DIAG[optinfra/oiUtil.cpp:2148:getFallDelay]: Assert "(ta !=0) && (tlc_ !=0)"
**DIAG[optinfra/oiUtil.cpp:2137:getRiseDelay]: Assert "(ta !=0) && (tlc_ !=0)"
**DIAG[optinfra/oiUtil.cpp:2148:getFallDelay]: Assert "(ta !=0) && (tlc_ !=0)"
**DIAG[optinfra/oiUtil.cpp:2137:getRiseDelay]: Assert "(ta !=0) && (tlc_ !=0)"
**DIAG[optinfra/oiUtil.cpp:2148:getFallDelay]: Assert "(ta !=0) && (tlc_ !=0)"
**DIAG[optinfra/oiUtil.cpp:2137:getRiseDelay]: Assert "(ta !=0) && (tlc_ !=0)"
**DIAG[optinfra/oiUtil.cpp:2148:getFallDelay]: Assert "(ta !=0) && (tlc_ !=0)"
**DIAG[../../include/oiTmVNetlist.hpp:287:oiTmVInstTermCL]: Assert "timeLibContext_"
**DIAG[../../include/oiTmVNetlist.hpp:287:oiTmVInstTermCL]: Assert "timeLibContext_"
**DIAG[../../include/oiTmVNetlist.hpp:287:oiTmVInstTermCL]: Assert "timeLibContext_"
**DIAG[../../include/oiTmVNetlist.hpp:287:oiTmVInstTermCL]: Assert "timeLibContext_"
**DIAG[../../include/oiTmVNetlist.hpp:287:oiTmVInstTermCL]: Assert "timeLibContext_"
**DIAG[../../include/oiTmVNetlist.hpp:287:oiTmVInstTermCL]: Assert "timeLibContext_"
**DIAG[../../include/oiTmVNetlist.hpp:287:oiTmVInstTermCL]: Assert "timeLibContext_"
**DIAG[optinfra/oiUtil.cpp:2137:getRiseDelay]: Assert "(ta !=0) && (tlc_ !=0)"
**DIAG[optinfra/oiUtil.cpp:2148:getFallDelay]: Assert "(ta !=0) && (tlc_ !=0)"
**DIAG[optinfra/oiUtil.cpp:2137:getRiseDelay]: Assert "(ta !=0) && (tlc_ !=0)"
**DIAG[optinfra/oiUtil.cpp:2148:getFallDelay]: Assert "(ta !=0) && (tlc_ !=0)"
**DIAG[optinfra/oiUtil.cpp:2137:getRiseDelay]: Assert "(ta !=0) && (tlc_ !=0)"
**DIAG[optinfra/oiUtil.cpp:2148:getFallDelay]: Assert "(ta !=0) && (tlc_ !=0)"
**DIAG[optinfra/oiUtil.cpp:2137:getRiseDelay]: Assert "(ta !=0) && (tlc_ !=0)"
**DIAG[optinfra/oiUtil.cpp:2148:getFallDelay]: Assert "(ta !=0) && (tlc_ !=0)"
**DIAG[optinfra/oiUtil.cpp:2137:getRiseDelay]: Assert "(ta !=0) && (tlc_ !=0)"
**DIAG[optinfra/oiUtil.cpp:2148:getFallDelay]: Assert "(ta !=0) && (tlc_ !=0)"
**DIAG[optinfra/oiUtil.cpp:2137:getRiseDelay]: Assert "(ta !=0) && (tlc_ !=0)"
**DIAG[optinfra/oiUtil.cpp:2148:getFallDelay]: Assert "(ta !=0) && (tlc_ !=0)"
**DIAG[optinfra/oiUtil.cpp:2137:getRiseDelay]: Assert "(ta !=0) && (tlc_ !=0)"
**DIAG[optinfra/oiUtil.cpp:2148:getFallDelay]: Assert "(ta !=0) && (tlc_ !=0)"
**DIAG[optinfra/oiUtil.cpp:2137:getRiseDelay]: Assert "(ta !=0) && (tlc_ !=0)"
**DIAG[optinfra/oiUtil.cpp:2148:getFallDelay]: Assert "(ta !=0) && (tlc_ !=0)"
**DIAG[../../include/oiTmVNetlist.hpp:287:oiTmVInstTermCL]: Assert "timeLibContext_"
**DIAG[../../include/oiTmVNetlist.hpp:287:oiTmVInstTermCL]: Assert "timeLibContext_"
**DIAG[../../include/oiTmVNetlist.hpp:287:oiTmVInstTermCL]: Assert "timeLibContext_"
**DIAG[../../include/oiTmVNetlist.hpp:287:oiTmVInstTermCL]: Assert "timeLibContext_"
**DIAG[../../include/oiTmVNetlist.hpp:287:oiTmVInstTermCL]: Assert "timeLibContext_"
**DIAG[../../include/oiTmVNetlist.hpp:287:oiTmVInstTermCL]: Assert "timeLibContext_"
**DIAG[../../include/oiTmVNetlist.hpp:287:oiTmVInstTermCL]: Assert "timeLibContext_"
**DIAG[optinfra/oiUtil.cpp:2137:getRiseDelay]: Assert "(ta !=0) && (tlc_ !=0)"
**DIAG[optinfra/oiUtil.cpp:2148:getFallDelay]: Assert "(ta !=0) && (tlc_ !=0)"
**DIAG[optinfra/oiUtil.cpp:2137:getRiseDelay]: Assert "(ta !=0) && (tlc_ !=0)"
**DIAG[optinfra/oiUtil.cpp:2148:getFallDelay]: Assert "(ta !=0) && (tlc_ !=0)"
**DIAG[optinfra/oiUtil.cpp:2137:getRiseDelay]: Assert "(ta !=0) && (tlc_ !=0)"
**DIAG[optinfra/oiUtil.cpp:2148:getFallDelay]: Assert "(ta !=0) && (tlc_ !=0)"
**DIAG[optinfra/oiUtil.cpp:2137:getRiseDelay]: Assert "(ta !=0) && (tlc_ !=0)"
**DIAG[optinfra/oiUtil.cpp:2148:getFallDelay]: Assert "(ta !=0) && (tlc_ !=0)"
**DIAG[optinfra/oiUtil.cpp:2137:getRiseDelay]: Assert "(ta !=0) && (tlc_ !=0)"
**DIAG[optinfra/oiUtil.cpp:2148:getFallDelay]: Assert "(ta !=0) && (tlc_ !=0)"
**DIAG[optinfra/oiUtil.cpp:2137:getRiseDelay]: Assert "(ta !=0) && (tlc_ !=0)"
**DIAG[optinfra/oiUtil.cpp:2148:getFallDelay]: Assert "(ta !=0) && (tlc_ !=0)"
**DIAG[optinfra/oiUtil.cpp:2137:getRiseDelay]: Assert "(ta !=0) && (tlc_ !=0)"
**DIAG[optinfra/oiUtil.cpp:2148:getFallDelay]: Assert "(ta !=0) && (tlc_ !=0)"
**DIAG[optinfra/oiUtil.cpp:2137:getRiseDelay]: Assert "(ta !=0) && (tlc_ !=0)"
**DIAG[optinfra/oiUtil.cpp:2148:getFallDelay]: Assert "(ta !=0) && (tlc_ !=0)"
**DIAG[../../include/oiTmVNetlist.hpp:287:oiTmVInstTermCL]: Assert "timeLibContext_"
**DIAG[../../include/oiTmVNetlist.hpp:287:oiTmVInstTermCL]: Assert "timeLibContext_"
**DIAG[../../include/oiTmVNetlist.hpp:287:oiTmVInstTermCL]: Assert "timeLibContext_"
**DIAG[../../include/oiTmVNetlist.hpp:287:oiTmVInstTermCL]: Assert "timeLibContext_"
**DIAG[../../include/oiTmVNetlist.hpp:287:oiTmVInstTermCL]: Assert "timeLibContext_"
**DIAG[../../include/oiTmVNetlist.hpp:287:oiTmVInstTermCL]: Assert "timeLibContext_"
**DIAG[../../include/oiTmVNetlist.hpp:287:oiTmVInstTermCL]: Assert "timeLibContext_"
**DIAG[optinfra/oiUtil.cpp:2137:getRiseDelay]: Assert "(ta !=0) && (tlc_ !=0)"
**DIAG[optinfra/oiUtil.cpp:2148:getFallDelay]: Assert "(ta !=0) && (tlc_ !=0)"
**DIAG[optinfra/oiUtil.cpp:2137:getRiseDelay]: Assert "(ta !=0) && (tlc_ !=0)"
**DIAG[optinfra/oiUtil.cpp:2148:getFallDelay]: Assert "(ta !=0) && (tlc_ !=0)"
**DIAG[optinfra/oiUtil.cpp:2137:getRiseDelay]: Assert "(ta !=0) && (tlc_ !=0)"
**DIAG[optinfra/oiUtil.cpp:2148:getFallDelay]: Assert "(ta !=0) && (tlc_ !=0)"
**DIAG[optinfra/oiUtil.cpp:2137:getRiseDelay]: Assert "(ta !=0) && (tlc_ !=0)"
**DIAG[optinfra/oiUtil.cpp:2148:getFallDelay]: Assert "(ta !=0) && (tlc_ !=0)"
**DIAG[optinfra/oiUtil.cpp:2137:getRiseDelay]: Assert "(ta !=0) && (tlc_ !=0)"
**DIAG[optinfra/oiUtil.cpp:2148:getFallDelay]: Assert "(ta !=0) && (tlc_ !=0)"
**DIAG[optinfra/oiUtil.cpp:2137:getRiseDelay]: Assert "(ta !=0) && (tlc_ !=0)"
**DIAG[optinfra/oiUtil.cpp:2148:getFallDelay]: Assert "(ta !=0) && (tlc_ !=0)"
**DIAG[optinfra/oiUtil.cpp:2137:getRiseDelay]: Assert "(ta !=0) && (tlc_ !=0)"
**DIAG[optinfra/oiUtil.cpp:2148:getFallDelay]: Assert "(ta !=0) && (tlc_ !=0)"
**DIAG[optinfra/oiUtil.cpp:2137:getRiseDelay]: Assert "(ta !=0) && (tlc_ !=0)"
**DIAG[optinfra/oiUtil.cpp:2148:getFallDelay]: Assert "(ta !=0) && (tlc_ !=0)"
**DIAG[../../include/oiTmVNetlist.hpp:287:oiTmVInstTermCL]: Assert "timeLibContext_"
**DIAG[../../include/oiTmVNetlist.hpp:287:oiTmVInstTermCL]: Assert "timeLibContext_"
**DIAG[../../include/oiTmVNetlist.hpp:287:oiTmVInstTermCL]: Assert "timeLibContext_"
**DIAG[../../include/oiTmVNetlist.hpp:287:oiTmVInstTermCL]: Assert "timeLibContext_"
**DIAG[../../include/oiTmVNetlist.hpp:287:oiTmVInstTermCL]: Assert "timeLibContext_"
**DIAG[../../include/oiTmVNetlist.hpp:287:oiTmVInstTermCL]: Assert "timeLibContext_"
**DIAG[../../include/oiTmVNetlist.hpp:287:oiTmVInstTermCL]: Assert "timeLibContext_"
**DIAG[optinfra/oiUtil.cpp:2137:getRiseDelay]: Assert "(ta !=0) && (tlc_ !=0)"
**DIAG[optinfra/oiUtil.cpp:2148:getFallDelay]: Assert "(ta !=0) && (tlc_ !=0)"
**DIAG[optinfra/oiUtil.cpp:2137:getRiseDelay]: Assert "(ta !=0) && (tlc_ !=0)"
**DIAG[optinfra/oiUtil.cpp:2148:getFallDelay]: Assert "(ta !=0) && (tlc_ !=0)"
**DIAG[optinfra/oiUtil.cpp:2137:getRiseDelay]: Assert "(ta !=0) && (tlc_ !=0)"
**DIAG[optinfra/oiUtil.cpp:2148:getFallDelay]: Assert "(ta !=0) && (tlc_ !=0)"
**DIAG[optinfra/oiUtil.cpp:2137:getRiseDelay]: Assert "(ta !=0) && (tlc_ !=0)"
**DIAG[optinfra/oiUtil.cpp:2148:getFallDelay]: Assert "(ta !=0) && (tlc_ !=0)"
**DIAG[optinfra/oiUtil.cpp:2137:getRiseDelay]: Assert "(ta !=0) && (tlc_ !=0)"
**DIAG[optinfra/oiUtil.cpp:2148:getFallDelay]: Assert "(ta !=0) && (tlc_ !=0)"
**DIAG[optinfra/oiUtil.cpp:2137:getRiseDelay]: Assert "(ta !=0) && (tlc_ !=0)"
**DIAG[optinfra/oiUtil.cpp:2148:getFallDelay]: Assert "(ta !=0) && (tlc_ !=0)"
**DIAG[optinfra/oiUtil.cpp:2137:getRiseDelay]: Assert "(ta !=0) && (tlc_ !=0)"
**DIAG[optinfra/oiUtil.cpp:2148:getFallDelay]: Assert "(ta !=0) && (tlc_ !=0)"
**DIAG[optinfra/oiUtil.cpp:2137:getRiseDelay]: Assert "(ta !=0) && (tlc_ !=0)"
**DIAG[optinfra/oiUtil.cpp:2148:getFallDelay]: Assert "(ta !=0) && (tlc_ !=0)"
**DIAG[../../include/oiTmVNetlist.hpp:287:oiTmVInstTermCL]: Assert "timeLibContext_"
**DIAG[../../include/oiTmVNetlist.hpp:287:oiTmVInstTermCL]: Assert "timeLibContext_"
**DIAG[../../include/oiTmVNetlist.hpp:287:oiTmVInstTermCL]: Assert "timeLibContext_"
**DIAG[../../include/oiTmVNetlist.hpp:287:oiTmVInstTermCL]: Assert "timeLibContext_"
**DIAG[../../include/oiTmVNetlist.hpp:287:oiTmVInstTermCL]: Assert "timeLibContext_"
**DIAG[../../include/oiTmVNetlist.hpp:287:oiTmVInstTermCL]: Assert "timeLibContext_"
**DIAG[../../include/oiTmVNetlist.hpp:287:oiTmVInstTermCL]: Assert "timeLibContext_"
**DIAG[optinfra/oiUtil.cpp:2137:getRiseDelay]: Assert "(ta !=0) && (tlc_ !=0)"
**DIAG[optinfra/oiUtil.cpp:2148:getFallDelay]: Assert "(ta !=0) && (tlc_ !=0)"
**DIAG[optinfra/oiUtil.cpp:2137:getRiseDelay]: Assert "(ta !=0) && (tlc_ !=0)"
**DIAG[optinfra/oiUtil.cpp:2148:getFallDelay]: Assert "(ta !=0) && (tlc_ !=0)"
**DIAG[optinfra/oiUtil.cpp:2137:getRiseDelay]: Assert "(ta !=0) && (tlc_ !=0)"
**DIAG[optinfra/oiUtil.cpp:2148:getFallDelay]: Assert "(ta !=0) && (tlc_ !=0)"
**DIAG[optinfra/oiUtil.cpp:2137:getRiseDelay]: Assert "(ta !=0) && (tlc_ !=0)"
**DIAG[optinfra/oiUtil.cpp:2148:getFallDelay]: Assert "(ta !=0) && (tlc_ !=0)"
**DIAG[optinfra/oiUtil.cpp:2137:getRiseDelay]: Assert "(ta !=0) && (tlc_ !=0)"
**DIAG[optinfra/oiUtil.cpp:2148:getFallDelay]: Assert "(ta !=0) && (tlc_ !=0)"
**DIAG[optinfra/oiUtil.cpp:2137:getRiseDelay]: Assert "(ta !=0) && (tlc_ !=0)"
**DIAG[optinfra/oiUtil.cpp:2148:getFallDelay]: Assert "(ta !=0) && (tlc_ !=0)"
**DIAG[optinfra/oiUtil.cpp:2137:getRiseDelay]: Assert "(ta !=0) && (tlc_ !=0)"
**DIAG[optinfra/oiUtil.cpp:2148:getFallDelay]: Assert "(ta !=0) && (tlc_ !=0)"
**DIAG[optinfra/oiUtil.cpp:2137:getRiseDelay]: Assert "(ta !=0) && (tlc_ !=0)"
**DIAG[optinfra/oiUtil.cpp:2148:getFallDelay]: Assert "(ta !=0) && (tlc_ !=0)"
**DIAG[../../include/oiTmVNetlist.hpp:287:oiTmVInstTermCL]: Assert "timeLibContext_"
**DIAG[../../include/oiTmVNetlist.hpp:287:oiTmVInstTermCL]: Assert "timeLibContext_"
**DIAG[../../include/oiTmVNetlist.hpp:287:oiTmVInstTermCL]: Assert "timeLibContext_"
**DIAG[../../include/oiTmVNetlist.hpp:287:oiTmVInstTermCL]: Assert "timeLibContext_"
**DIAG[../../include/oiTmVNetlist.hpp:287:oiTmVInstTermCL]: Assert "timeLibContext_"
**DIAG[../../include/oiTmVNetlist.hpp:287:oiTmVInstTermCL]: Assert "timeLibContext_"
**DIAG[../../include/oiTmVNetlist.hpp:287:oiTmVInstTermCL]: Assert "timeLibContext_"
**DIAG[optinfra/oiUtil.cpp:2137:getRiseDelay]: Assert "(ta !=0) && (tlc_ !=0)"
**DIAG[optinfra/oiUtil.cpp:2148:getFallDelay]: Assert "(ta !=0) && (tlc_ !=0)"
**DIAG[optinfra/oiUtil.cpp:2137:getRiseDelay]: Assert "(ta !=0) && (tlc_ !=0)"
**DIAG[optinfra/oiUtil.cpp:2148:getFallDelay]: Assert "(ta !=0) && (tlc_ !=0)"
**DIAG[optinfra/oiUtil.cpp:2137:getRiseDelay]: Assert "(ta !=0) && (tlc_ !=0)"
**DIAG[optinfra/oiUtil.cpp:2148:getFallDelay]: Assert "(ta !=0) && (tlc_ !=0)"
**DIAG[optinfra/oiUtil.cpp:2137:getRiseDelay]: Assert "(ta !=0) && (tlc_ !=0)"
**DIAG[optinfra/oiUtil.cpp:2148:getFallDelay]: Assert "(ta !=0) && (tlc_ !=0)"
**DIAG[optinfra/oiUtil.cpp:2137:getRiseDelay]: Assert "(ta !=0) && (tlc_ !=0)"
**DIAG[optinfra/oiUtil.cpp:2148:getFallDelay]: Assert "(ta !=0) && (tlc_ !=0)"
**DIAG[optinfra/oiUtil.cpp:2137:getRiseDelay]: Assert "(ta !=0) && (tlc_ !=0)"
**DIAG[optinfra/oiUtil.cpp:2148:getFallDelay]: Assert "(ta !=0) && (tlc_ !=0)"
**DIAG[optinfra/oiUtil.cpp:2137:getRiseDelay]: Assert "(ta !=0) && (tlc_ !=0)"
**DIAG[optinfra/oiUtil.cpp:2148:getFallDelay]: Assert "(ta !=0) && (tlc_ !=0)"
**DIAG[optinfra/oiUtil.cpp:2137:getRiseDelay]: Assert "(ta !=0) && (tlc_ !=0)"
**DIAG[optinfra/oiUtil.cpp:2148:getFallDelay]: Assert "(ta !=0) && (tlc_ !=0)"
**DIAG[../../include/oiTmVNetlist.hpp:287:oiTmVInstTermCL]: Assert "timeLibContext_"
**DIAG[../../include/oiTmVNetlist.hpp:287:oiTmVInstTermCL]: Assert "timeLibContext_"
**DIAG[../../include/oiTmVNetlist.hpp:287:oiTmVInstTermCL]: Assert "timeLibContext_"
**DIAG[../../include/oiTmVNetlist.hpp:287:oiTmVInstTermCL]: Assert "timeLibContext_"
**DIAG[../../include/oiTmVNetlist.hpp:287:oiTmVInstTermCL]: Assert "timeLibContext_"
**DIAG[../../include/oiTmVNetlist.hpp:287:oiTmVInstTermCL]: Assert "timeLibContext_"
**DIAG[../../include/oiTmVNetlist.hpp:287:oiTmVInstTermCL]: Assert "timeLibContext_"
**DIAG[optinfra/oiUtil.cpp:2137:getRiseDelay]: Assert "(ta !=0) && (tlc_ !=0)"
**DIAG[optinfra/oiUtil.cpp:2148:getFallDelay]: Assert "(ta !=0) && (tlc_ !=0)"
**DIAG[optinfra/oiUtil.cpp:2137:getRiseDelay]: Assert "(ta !=0) && (tlc_ !=0)"
**DIAG[optinfra/oiUtil.cpp:2148:getFallDelay]: Assert "(ta !=0) && (tlc_ !=0)"
**DIAG[optinfra/oiUtil.cpp:2137:getRiseDelay]: Assert "(ta !=0) && (tlc_ !=0)"
**DIAG[optinfra/oiUtil.cpp:2148:getFallDelay]: Assert "(ta !=0) && (tlc_ !=0)"
**DIAG[optinfra/oiUtil.cpp:2137:getRiseDelay]: Assert "(ta !=0) && (tlc_ !=0)"
**DIAG[optinfra/oiUtil.cpp:2148:getFallDelay]: Assert "(ta !=0) && (tlc_ !=0)"
**DIAG[optinfra/oiUtil.cpp:2137:getRiseDelay]: Assert "(ta !=0) && (tlc_ !=0)"
**DIAG[optinfra/oiUtil.cpp:2148:getFallDelay]: Assert "(ta !=0) && (tlc_ !=0)"
**DIAG[optinfra/oiUtil.cpp:2137:getRiseDelay]: Assert "(ta !=0) && (tlc_ !=0)"
**DIAG[optinfra/oiUtil.cpp:2148:getFallDelay]: Assert "(ta !=0) && (tlc_ !=0)"
**DIAG[optinfra/oiUtil.cpp:2137:getRiseDelay]: Assert "(ta !=0) && (tlc_ !=0)"
**DIAG[optinfra/oiUtil.cpp:2148:getFallDelay]: Assert "(ta !=0) && (tlc_ !=0)"
**DIAG[optinfra/oiUtil.cpp:2137:getRiseDelay]: Assert "(ta !=0) && (tlc_ !=0)"
**DIAG[optinfra/oiUtil.cpp:2148:getFallDelay]: Assert "(ta !=0) && (tlc_ !=0)"
**DIAG[../../include/oiTmVNetlist.hpp:287:oiTmVInstTermCL]: Assert "timeLibContext_"
**DIAG[../../include/oiTmVNetlist.hpp:287:oiTmVInstTermCL]: Assert "timeLibContext_"
**DIAG[../../include/oiTmVNetlist.hpp:287:oiTmVInstTermCL]: Assert "timeLibContext_"
**DIAG[../../include/oiTmVNetlist.hpp:287:oiTmVInstTermCL]: Assert "timeLibContext_"
**DIAG[../../include/oiTmVNetlist.hpp:287:oiTmVInstTermCL]: Assert "timeLibContext_"
**DIAG[../../include/oiTmVNetlist.hpp:287:oiTmVInstTermCL]: Assert "timeLibContext_"
**DIAG[../../include/oiTmVNetlist.hpp:287:oiTmVInstTermCL]: Assert "timeLibContext_"
**DIAG[optinfra/oiUtil.cpp:2137:getRiseDelay]: Assert "(ta !=0) && (tlc_ !=0)"
**DIAG[optinfra/oiUtil.cpp:2148:getFallDelay]: Assert "(ta !=0) && (tlc_ !=0)"
**DIAG[optinfra/oiUtil.cpp:2137:getRiseDelay]: Assert "(ta !=0) && (tlc_ !=0)"
**DIAG[optinfra/oiUtil.cpp:2148:getFallDelay]: Assert "(ta !=0) && (tlc_ !=0)"
**DIAG[optinfra/oiUtil.cpp:2137:getRiseDelay]: Assert "(ta !=0) && (tlc_ !=0)"
**DIAG[optinfra/oiUtil.cpp:2148:getFallDelay]: Assert "(ta !=0) && (tlc_ !=0)"
**DIAG[optinfra/oiUtil.cpp:2137:getRiseDelay]: Assert "(ta !=0) && (tlc_ !=0)"
**DIAG[optinfra/oiUtil.cpp:2148:getFallDelay]: Assert "(ta !=0) && (tlc_ !=0)"
**DIAG[optinfra/oiUtil.cpp:2137:getRiseDelay]: Assert "(ta !=0) && (tlc_ !=0)"
**DIAG[optinfra/oiUtil.cpp:2148:getFallDelay]: Assert "(ta !=0) && (tlc_ !=0)"
**DIAG[optinfra/oiUtil.cpp:2137:getRiseDelay]: Assert "(ta !=0) && (tlc_ !=0)"
**DIAG[optinfra/oiUtil.cpp:2148:getFallDelay]: Assert "(ta !=0) && (tlc_ !=0)"
**DIAG[optinfra/oiUtil.cpp:2137:getRiseDelay]: Assert "(ta !=0) && (tlc_ !=0)"
**DIAG[optinfra/oiUtil.cpp:2148:getFallDelay]: Assert "(ta !=0) && (tlc_ !=0)"
**DIAG[optinfra/oiUtil.cpp:2137:getRiseDelay]: Assert "(ta !=0) && (tlc_ !=0)"
**DIAG[optinfra/oiUtil.cpp:2148:getFallDelay]: Assert "(ta !=0) && (tlc_ !=0)"
**DIAG[../../include/oiTmVNetlist.hpp:287:oiTmVInstTermCL]: Assert "timeLibContext_"
**DIAG[../../include/oiTmVNetlist.hpp:287:oiTmVInstTermCL]: Assert "timeLibContext_"
**DIAG[../../include/oiTmVNetlist.hpp:287:oiTmVInstTermCL]: Assert "timeLibContext_"
**DIAG[../../include/oiTmVNetlist.hpp:287:oiTmVInstTermCL]: Assert "timeLibContext_"
**DIAG[../../include/oiTmVNetlist.hpp:287:oiTmVInstTermCL]: Assert "timeLibContext_"
**DIAG[../../include/oiTmVNetlist.hpp:287:oiTmVInstTermCL]: Assert "timeLibContext_"
**DIAG[../../include/oiTmVNetlist.hpp:287:oiTmVInstTermCL]: Assert "timeLibContext_"
**DIAG[optinfra/oiUtil.cpp:2137:getRiseDelay]: Assert "(ta !=0) && (tlc_ !=0)"
**DIAG[optinfra/oiUtil.cpp:2148:getFallDelay]: Assert "(ta !=0) && (tlc_ !=0)"
**DIAG[optinfra/oiUtil.cpp:2137:getRiseDelay]: Assert "(ta !=0) && (tlc_ !=0)"
**DIAG[optinfra/oiUtil.cpp:2148:getFallDelay]: Assert "(ta !=0) && (tlc_ !=0)"
**DIAG[optinfra/oiUtil.cpp:2137:getRiseDelay]: Assert "(ta !=0) && (tlc_ !=0)"
**DIAG[optinfra/oiUtil.cpp:2148:getFallDelay]: Assert "(ta !=0) && (tlc_ !=0)"
**DIAG[optinfra/oiUtil.cpp:2137:getRiseDelay]: Assert "(ta !=0) && (tlc_ !=0)"
**DIAG[optinfra/oiUtil.cpp:2148:getFallDelay]: Assert "(ta !=0) && (tlc_ !=0)"
**DIAG[optinfra/oiUtil.cpp:2137:getRiseDelay]: Assert "(ta !=0) && (tlc_ !=0)"
**DIAG[optinfra/oiUtil.cpp:2148:getFallDelay]: Assert "(ta !=0) && (tlc_ !=0)"
**DIAG[optinfra/oiUtil.cpp:2137:getRiseDelay]: Assert "(ta !=0) && (tlc_ !=0)"
**DIAG[optinfra/oiUtil.cpp:2148:getFallDelay]: Assert "(ta !=0) && (tlc_ !=0)"
**DIAG[optinfra/oiUtil.cpp:2137:getRiseDelay]: Assert "(ta !=0) && (tlc_ !=0)"
**DIAG[optinfra/oiUtil.cpp:2148:getFallDelay]: Assert "(ta !=0) && (tlc_ !=0)"
**DIAG[optinfra/oiUtil.cpp:2137:getRiseDelay]: Assert "(ta !=0) && (tlc_ !=0)"
**DIAG[optinfra/oiUtil.cpp:2148:getFallDelay]: Assert "(ta !=0) && (tlc_ !=0)"
**DIAG[../../include/oiTmVNetlist.hpp:287:oiTmVInstTermCL]: Assert "timeLibContext_"
**DIAG[../../include/oiTmVNetlist.hpp:287:oiTmVInstTermCL]: Assert "timeLibContext_"
**DIAG[../../include/oiTmVNetlist.hpp:287:oiTmVInstTermCL]: Assert "timeLibContext_"
**DIAG[../../include/oiTmVNetlist.hpp:287:oiTmVInstTermCL]: Assert "timeLibContext_"
**DIAG[../../include/oiTmVNetlist.hpp:287:oiTmVInstTermCL]: Assert "timeLibContext_"
**DIAG[../../include/oiTmVNetlist.hpp:287:oiTmVInstTermCL]: Assert "timeLibContext_"
**DIAG[../../include/oiTmVNetlist.hpp:287:oiTmVInstTermCL]: Assert "timeLibContext_"
**DIAG[optinfra/oiUtil.cpp:2137:getRiseDelay]: Assert "(ta !=0) && (tlc_ !=0)"
**DIAG[optinfra/oiUtil.cpp:2148:getFallDelay]: Assert "(ta !=0) && (tlc_ !=0)"
**DIAG[optinfra/oiUtil.cpp:2137:getRiseDelay]: Assert "(ta !=0) && (tlc_ !=0)"
**DIAG[optinfra/oiUtil.cpp:2148:getFallDelay]: Assert "(ta !=0) && (tlc_ !=0)"
**DIAG[optinfra/oiUtil.cpp:2137:getRiseDelay]: Assert "(ta !=0) && (tlc_ !=0)"
**DIAG[optinfra/oiUtil.cpp:2148:getFallDelay]: Assert "(ta !=0) && (tlc_ !=0)"
**DIAG[optinfra/oiUtil.cpp:2137:getRiseDelay]: Assert "(ta !=0) && (tlc_ !=0)"
**DIAG[optinfra/oiUtil.cpp:2148:getFallDelay]: Assert "(ta !=0) && (tlc_ !=0)"
**DIAG[optinfra/oiUtil.cpp:2137:getRiseDelay]: Assert "(ta !=0) && (tlc_ !=0)"
**DIAG[optinfra/oiUtil.cpp:2148:getFallDelay]: Assert "(ta !=0) && (tlc_ !=0)"
**DIAG[optinfra/oiUtil.cpp:2137:getRiseDelay]: Assert "(ta !=0) && (tlc_ !=0)"
**DIAG[optinfra/oiUtil.cpp:2148:getFallDelay]: Assert "(ta !=0) && (tlc_ !=0)"
**DIAG[optinfra/oiUtil.cpp:2137:getRiseDelay]: Assert "(ta !=0) && (tlc_ !=0)"
**DIAG[optinfra/oiUtil.cpp:2148:getFallDelay]: Assert "(ta !=0) && (tlc_ !=0)"
**DIAG[optinfra/oiUtil.cpp:2137:getRiseDelay]: Assert "(ta !=0) && (tlc_ !=0)"
**DIAG[optinfra/oiUtil.cpp:2148:getFallDelay]: Assert "(ta !=0) && (tlc_ !=0)"
**DIAG[../../include/oiTmVNetlist.hpp:287:oiTmVInstTermCL]: Assert "timeLibContext_"
**DIAG[../../include/oiTmVNetlist.hpp:287:oiTmVInstTermCL]: Assert "timeLibContext_"
**DIAG[../../include/oiTmVNetlist.hpp:287:oiTmVInstTermCL]: Assert "timeLibContext_"
**DIAG[../../include/oiTmVNetlist.hpp:287:oiTmVInstTermCL]: Assert "timeLibContext_"
**DIAG[../../include/oiTmVNetlist.hpp:287:oiTmVInstTermCL]: Assert "timeLibContext_"
**DIAG[../../include/oiTmVNetlist.hpp:287:oiTmVInstTermCL]: Assert "timeLibContext_"
**DIAG[../../include/oiTmVNetlist.hpp:287:oiTmVInstTermCL]: Assert "timeLibContext_"
**DIAG[optinfra/oiUtil.cpp:2137:getRiseDelay]: Assert "(ta !=0) && (tlc_ !=0)"
**DIAG[optinfra/oiUtil.cpp:2148:getFallDelay]: Assert "(ta !=0) && (tlc_ !=0)"
**DIAG[optinfra/oiUtil.cpp:2137:getRiseDelay]: Assert "(ta !=0) && (tlc_ !=0)"
**DIAG[optinfra/oiUtil.cpp:2148:getFallDelay]: Assert "(ta !=0) && (tlc_ !=0)"
**DIAG[optinfra/oiUtil.cpp:2137:getRiseDelay]: Assert "(ta !=0) && (tlc_ !=0)"
**DIAG[optinfra/oiUtil.cpp:2148:getFallDelay]: Assert "(ta !=0) && (tlc_ !=0)"
**DIAG[optinfra/oiUtil.cpp:2137:getRiseDelay]: Assert "(ta !=0) && (tlc_ !=0)"
**DIAG[optinfra/oiUtil.cpp:2148:getFallDelay]: Assert "(ta !=0) && (tlc_ !=0)"
**DIAG[optinfra/oiUtil.cpp:2137:getRiseDelay]: Assert "(ta !=0) && (tlc_ !=0)"
**DIAG[optinfra/oiUtil.cpp:2148:getFallDelay]: Assert "(ta !=0) && (tlc_ !=0)"
**DIAG[optinfra/oiUtil.cpp:2137:getRiseDelay]: Assert "(ta !=0) && (tlc_ !=0)"
**DIAG[optinfra/oiUtil.cpp:2148:getFallDelay]: Assert "(ta !=0) && (tlc_ !=0)"
**DIAG[optinfra/oiUtil.cpp:2137:getRiseDelay]: Assert "(ta !=0) && (tlc_ !=0)"
**DIAG[optinfra/oiUtil.cpp:2148:getFallDelay]: Assert "(ta !=0) && (tlc_ !=0)"
**DIAG[optinfra/oiUtil.cpp:2137:getRiseDelay]: Assert "(ta !=0) && (tlc_ !=0)"
**DIAG[optinfra/oiUtil.cpp:2148:getFallDelay]: Assert "(ta !=0) && (tlc_ !=0)"
**DIAG[../../include/oiTmVNetlist.hpp:287:oiTmVInstTermCL]: Assert "timeLibContext_"
**DIAG[../../include/oiTmVNetlist.hpp:287:oiTmVInstTermCL]: Assert "timeLibContext_"
**DIAG[../../include/oiTmVNetlist.hpp:287:oiTmVInstTermCL]: Assert "timeLibContext_"
**DIAG[../../include/oiTmVNetlist.hpp:287:oiTmVInstTermCL]: Assert "timeLibContext_"
**DIAG[../../include/oiTmVNetlist.hpp:287:oiTmVInstTermCL]: Assert "timeLibContext_"
**DIAG[../../include/oiTmVNetlist.hpp:287:oiTmVInstTermCL]: Assert "timeLibContext_"
**DIAG[../../include/oiTmVNetlist.hpp:287:oiTmVInstTermCL]: Assert "timeLibContext_"
**DIAG[optinfra/oiUtil.cpp:2137:getRiseDelay]: Assert "(ta !=0) && (tlc_ !=0)"
**DIAG[optinfra/oiUtil.cpp:2148:getFallDelay]: Assert "(ta !=0) && (tlc_ !=0)"
**DIAG[optinfra/oiUtil.cpp:2137:getRiseDelay]: Assert "(ta !=0) && (tlc_ !=0)"
**DIAG[optinfra/oiUtil.cpp:2148:getFallDelay]: Assert "(ta !=0) && (tlc_ !=0)"
**DIAG[optinfra/oiUtil.cpp:2137:getRiseDelay]: Assert "(ta !=0) && (tlc_ !=0)"
**DIAG[optinfra/oiUtil.cpp:2148:getFallDelay]: Assert "(ta !=0) && (tlc_ !=0)"
**DIAG[optinfra/oiUtil.cpp:2137:getRiseDelay]: Assert "(ta !=0) && (tlc_ !=0)"
**DIAG[optinfra/oiUtil.cpp:2148:getFallDelay]: Assert "(ta !=0) && (tlc_ !=0)"
**DIAG[optinfra/oiUtil.cpp:2137:getRiseDelay]: Assert "(ta !=0) && (tlc_ !=0)"
**DIAG[optinfra/oiUtil.cpp:2148:getFallDelay]: Assert "(ta !=0) && (tlc_ !=0)"
**DIAG[optinfra/oiUtil.cpp:2137:getRiseDelay]: Assert "(ta !=0) && (tlc_ !=0)"
**DIAG[optinfra/oiUtil.cpp:2148:getFallDelay]: Assert "(ta !=0) && (tlc_ !=0)"
**DIAG[optinfra/oiUtil.cpp:2137:getRiseDelay]: Assert "(ta !=0) && (tlc_ !=0)"
**DIAG[optinfra/oiUtil.cpp:2148:getFallDelay]: Assert "(ta !=0) && (tlc_ !=0)"
**DIAG[optinfra/oiUtil.cpp:2137:getRiseDelay]: Assert "(ta !=0) && (tlc_ !=0)"
**DIAG[optinfra/oiUtil.cpp:2148:getFallDelay]: Assert "(ta !=0) && (tlc_ !=0)"
**DIAG[../../include/oiTmVNetlist.hpp:287:oiTmVInstTermCL]: Assert "timeLibContext_"
**DIAG[../../include/oiTmVNetlist.hpp:287:oiTmVInstTermCL]: Assert "timeLibContext_"
**DIAG[../../include/oiTmVNetlist.hpp:287:oiTmVInstTermCL]: Assert "timeLibContext_"
**DIAG[../../include/oiTmVNetlist.hpp:287:oiTmVInstTermCL]: Assert "timeLibContext_"
**DIAG[../../include/oiTmVNetlist.hpp:287:oiTmVInstTermCL]: Assert "timeLibContext_"
**DIAG[../../include/oiTmVNetlist.hpp:287:oiTmVInstTermCL]: Assert "timeLibContext_"
**DIAG[../../include/oiTmVNetlist.hpp:287:oiTmVInstTermCL]: Assert "timeLibContext_"
**DIAG[../../include/oiTmVNetlist.hpp:287:oiTmVInstTermCL]: Assert "timeLibContext_"
**DIAG[../../include/oiTmVNetlist.hpp:287:oiTmVInstTermCL]: Assert "timeLibContext_"
**DIAG[../../include/oiTmVNetlist.hpp:287:oiTmVInstTermCL]: Assert "timeLibContext_"
**DIAG[../../include/oiTmVNetlist.hpp:287:oiTmVInstTermCL]: Assert "timeLibContext_"
**DIAG[../../include/oiTmVNetlist.hpp:287:oiTmVInstTermCL]: Assert "timeLibContext_"
**DIAG[../../include/oiTmVNetlist.hpp:287:oiTmVInstTermCL]: Assert "timeLibContext_"
**DIAG[optinfra/oiUtil.cpp:2137:getRiseDelay]: Assert "(ta !=0) && (tlc_ !=0)"
**DIAG[optinfra/oiUtil.cpp:2148:getFallDelay]: Assert "(ta !=0) && (tlc_ !=0)"
**DIAG[optinfra/oiUtil.cpp:2137:getRiseDelay]: Assert "(ta !=0) && (tlc_ !=0)"
**DIAG[optinfra/oiUtil.cpp:2148:getFallDelay]: Assert "(ta !=0) && (tlc_ !=0)"
**DIAG[optinfra/oiUtil.cpp:2137:getRiseDelay]: Assert "(ta !=0) && (tlc_ !=0)"
**DIAG[optinfra/oiUtil.cpp:2148:getFallDelay]: Assert "(ta !=0) && (tlc_ !=0)"
**DIAG[optinfra/oiUtil.cpp:2137:getRiseDelay]: Assert "(ta !=0) && (tlc_ !=0)"
**DIAG[optinfra/oiUtil.cpp:2148:getFallDelay]: Assert "(ta !=0) && (tlc_ !=0)"
**DIAG[optinfra/oiUtil.cpp:2137:getRiseDelay]: Assert "(ta !=0) && (tlc_ !=0)"
**DIAG[optinfra/oiUtil.cpp:2148:getFallDelay]: Assert "(ta !=0) && (tlc_ !=0)"
**DIAG[optinfra/oiUtil.cpp:2137:getRiseDelay]: Assert "(ta !=0) && (tlc_ !=0)"
**DIAG[optinfra/oiUtil.cpp:2148:getFallDelay]: Assert "(ta !=0) && (tlc_ !=0)"
**DIAG[optinfra/oiUtil.cpp:2137:getRiseDelay]: Assert "(ta !=0) && (tlc_ !=0)"
**DIAG[optinfra/oiUtil.cpp:2148:getFallDelay]: Assert "(ta !=0) && (tlc_ !=0)"
**DIAG[optinfra/oiUtil.cpp:2137:getRiseDelay]: Assert "(ta !=0) && (tlc_ !=0)"
**DIAG[optinfra/oiUtil.cpp:2148:getFallDelay]: Assert "(ta !=0) && (tlc_ !=0)"
**DIAG[optinfra/oiUtil.cpp:2137:getRiseDelay]: Assert "(ta !=0) && (tlc_ !=0)"
**DIAG[optinfra/oiUtil.cpp:2148:getFallDelay]: Assert "(ta !=0) && (tlc_ !=0)"
**DIAG[optinfra/oiUtil.cpp:2137:getRiseDelay]: Assert "(ta !=0) && (tlc_ !=0)"
**DIAG[optinfra/oiUtil.cpp:2148:getFallDelay]: Assert "(ta !=0) && (tlc_ !=0)"
**DIAG[optinfra/oiUtil.cpp:2137:getRiseDelay]: Assert "(ta !=0) && (tlc_ !=0)"
**DIAG[optinfra/oiUtil.cpp:2148:getFallDelay]: Assert "(ta !=0) && (tlc_ !=0)"
**DIAG[optinfra/oiUtil.cpp:2137:getRiseDelay]: Assert "(ta !=0) && (tlc_ !=0)"
**DIAG[optinfra/oiUtil.cpp:2148:getFallDelay]: Assert "(ta !=0) && (tlc_ !=0)"
**DIAG[optinfra/oiUtil.cpp:2137:getRiseDelay]: Assert "(ta !=0) && (tlc_ !=0)"
**DIAG[optinfra/oiUtil.cpp:2148:getFallDelay]: Assert "(ta !=0) && (tlc_ !=0)"
**DIAG[optinfra/oiUtil.cpp:2137:getRiseDelay]: Assert "(ta !=0) && (tlc_ !=0)"
**DIAG[optinfra/oiUtil.cpp:2148:getFallDelay]: Assert "(ta !=0) && (tlc_ !=0)"
**DIAG[optinfra/oiUtil.cpp:2137:getRiseDelay]: Assert "(ta !=0) && (tlc_ !=0)"
**DIAG[optinfra/oiUtil.cpp:2148:getFallDelay]: Assert "(ta !=0) && (tlc_ !=0)"
**DIAG[optinfra/oiUtil.cpp:2137:getRiseDelay]: Assert "(ta !=0) && (tlc_ !=0)"
**DIAG[optinfra/oiUtil.cpp:2148:getFallDelay]: Assert "(ta !=0) && (tlc_ !=0)"
**DIAG[../../include/oiTmVNetlist.hpp:287:oiTmVInstTermCL]: Assert "timeLibContext_"
**DIAG[../../include/oiTmVNetlist.hpp:287:oiTmVInstTermCL]: Assert "timeLibContext_"
**DIAG[../../include/oiTmVNetlist.hpp:287:oiTmVInstTermCL]: Assert "timeLibContext_"
**DIAG[../../include/oiTmVNetlist.hpp:287:oiTmVInstTermCL]: Assert "timeLibContext_"
**DIAG[../../include/oiTmVNetlist.hpp:287:oiTmVInstTermCL]: Assert "timeLibContext_"
**DIAG[../../include/oiTmVNetlist.hpp:287:oiTmVInstTermCL]: Assert "timeLibContext_"
**DIAG[../../include/oiTmVNetlist.hpp:287:oiTmVInstTermCL]: Assert "timeLibContext_"
**DIAG[../../include/oiTmVNetlist.hpp:287:oiTmVInstTermCL]: Assert "timeLibContext_"
**DIAG[../../include/oiTmVNetlist.hpp:287:oiTmVInstTermCL]: Assert "timeLibContext_"
**DIAG[../../include/oiTmVNetlist.hpp:287:oiTmVInstTermCL]: Assert "timeLibContext_"
**DIAG[../../include/oiTmVNetlist.hpp:287:oiTmVInstTermCL]: Assert "timeLibContext_"
**DIAG[../../include/oiTmVNetlist.hpp:287:oiTmVInstTermCL]: Assert "timeLibContext_"
**DIAG[../../include/oiTmVNetlist.hpp:287:oiTmVInstTermCL]: Assert "timeLibContext_"
**DIAG[optinfra/oiUtil.cpp:2137:getRiseDelay]: Assert "(ta !=0) && (tlc_ !=0)"
**DIAG[optinfra/oiUtil.cpp:2148:getFallDelay]: Assert "(ta !=0) && (tlc_ !=0)"
**DIAG[optinfra/oiUtil.cpp:2137:getRiseDelay]: Assert "(ta !=0) && (tlc_ !=0)"
**DIAG[optinfra/oiUtil.cpp:2148:getFallDelay]: Assert "(ta !=0) && (tlc_ !=0)"
**DIAG[optinfra/oiUtil.cpp:2137:getRiseDelay]: Assert "(ta !=0) && (tlc_ !=0)"
**DIAG[optinfra/oiUtil.cpp:2148:getFallDelay]: Assert "(ta !=0) && (tlc_ !=0)"
**DIAG[optinfra/oiUtil.cpp:2137:getRiseDelay]: Assert "(ta !=0) && (tlc_ !=0)"
**DIAG[optinfra/oiUtil.cpp:2148:getFallDelay]: Assert "(ta !=0) && (tlc_ !=0)"
**DIAG[optinfra/oiUtil.cpp:2137:getRiseDelay]: Assert "(ta !=0) && (tlc_ !=0)"
**DIAG[optinfra/oiUtil.cpp:2148:getFallDelay]: Assert "(ta !=0) && (tlc_ !=0)"
**DIAG[optinfra/oiUtil.cpp:2137:getRiseDelay]: Assert "(ta !=0) && (tlc_ !=0)"
**DIAG[optinfra/oiUtil.cpp:2148:getFallDelay]: Assert "(ta !=0) && (tlc_ !=0)"
**DIAG[optinfra/oiUtil.cpp:2137:getRiseDelay]: Assert "(ta !=0) && (tlc_ !=0)"
**DIAG[optinfra/oiUtil.cpp:2148:getFallDelay]: Assert "(ta !=0) && (tlc_ !=0)"
**DIAG[optinfra/oiUtil.cpp:2137:getRiseDelay]: Assert "(ta !=0) && (tlc_ !=0)"
**DIAG[optinfra/oiUtil.cpp:2148:getFallDelay]: Assert "(ta !=0) && (tlc_ !=0)"
**DIAG[optinfra/oiUtil.cpp:2137:getRiseDelay]: Assert "(ta !=0) && (tlc_ !=0)"
**DIAG[optinfra/oiUtil.cpp:2148:getFallDelay]: Assert "(ta !=0) && (tlc_ !=0)"
**DIAG[optinfra/oiUtil.cpp:2137:getRiseDelay]: Assert "(ta !=0) && (tlc_ !=0)"
**DIAG[optinfra/oiUtil.cpp:2148:getFallDelay]: Assert "(ta !=0) && (tlc_ !=0)"
**DIAG[optinfra/oiUtil.cpp:2137:getRiseDelay]: Assert "(ta !=0) && (tlc_ !=0)"
**DIAG[optinfra/oiUtil.cpp:2148:getFallDelay]: Assert "(ta !=0) && (tlc_ !=0)"
**DIAG[optinfra/oiUtil.cpp:2137:getRiseDelay]: Assert "(ta !=0) && (tlc_ !=0)"
**DIAG[optinfra/oiUtil.cpp:2148:getFallDelay]: Assert "(ta !=0) && (tlc_ !=0)"
**DIAG[optinfra/oiUtil.cpp:2137:getRiseDelay]: Assert "(ta !=0) && (tlc_ !=0)"
**DIAG[optinfra/oiUtil.cpp:2148:getFallDelay]: Assert "(ta !=0) && (tlc_ !=0)"
**DIAG[optinfra/oiUtil.cpp:2137:getRiseDelay]: Assert "(ta !=0) && (tlc_ !=0)"
**DIAG[optinfra/oiUtil.cpp:2148:getFallDelay]: Assert "(ta !=0) && (tlc_ !=0)"
**DIAG[optinfra/oiUtil.cpp:2137:getRiseDelay]: Assert "(ta !=0) && (tlc_ !=0)"
**DIAG[optinfra/oiUtil.cpp:2148:getFallDelay]: Assert "(ta !=0) && (tlc_ !=0)"
**DIAG[optinfra/oiUtil.cpp:2137:getRiseDelay]: Assert "(ta !=0) && (tlc_ !=0)"
**DIAG[optinfra/oiUtil.cpp:2148:getFallDelay]: Assert "(ta !=0) && (tlc_ !=0)"
**DIAG[../../include/oiTmVNetlist.hpp:287:oiTmVInstTermCL]: Assert "timeLibContext_"
**DIAG[../../include/oiTmVNetlist.hpp:287:oiTmVInstTermCL]: Assert "timeLibContext_"
**DIAG[../../include/oiTmVNetlist.hpp:287:oiTmVInstTermCL]: Assert "timeLibContext_"
**DIAG[../../include/oiTmVNetlist.hpp:287:oiTmVInstTermCL]: Assert "timeLibContext_"
**DIAG[../../include/oiTmVNetlist.hpp:287:oiTmVInstTermCL]: Assert "timeLibContext_"
**DIAG[../../include/oiTmVNetlist.hpp:287:oiTmVInstTermCL]: Assert "timeLibContext_"
**DIAG[../../include/oiTmVNetlist.hpp:287:oiTmVInstTermCL]: Assert "timeLibContext_"
**DIAG[../../include/oiTmVNetlist.hpp:287:oiTmVInstTermCL]: Assert "timeLibContext_"
**DIAG[../../include/oiTmVNetlist.hpp:287:oiTmVInstTermCL]: Assert "timeLibContext_"
**DIAG[../../include/oiTmVNetlist.hpp:287:oiTmVInstTermCL]: Assert "timeLibContext_"
**DIAG[../../include/oiTmVNetlist.hpp:287:oiTmVInstTermCL]: Assert "timeLibContext_"
**DIAG[../../include/oiTmVNetlist.hpp:287:oiTmVInstTermCL]: Assert "timeLibContext_"
**DIAG[../../include/oiTmVNetlist.hpp:287:oiTmVInstTermCL]: Assert "timeLibContext_"
**DIAG[optinfra/oiUtil.cpp:2137:getRiseDelay]: Assert "(ta !=0) && (tlc_ !=0)"
**DIAG[optinfra/oiUtil.cpp:2148:getFallDelay]: Assert "(ta !=0) && (tlc_ !=0)"
**DIAG[optinfra/oiUtil.cpp:2137:getRiseDelay]: Assert "(ta !=0) && (tlc_ !=0)"
**DIAG[optinfra/oiUtil.cpp:2148:getFallDelay]: Assert "(ta !=0) && (tlc_ !=0)"
**DIAG[optinfra/oiUtil.cpp:2137:getRiseDelay]: Assert "(ta !=0) && (tlc_ !=0)"
**DIAG[optinfra/oiUtil.cpp:2148:getFallDelay]: Assert "(ta !=0) && (tlc_ !=0)"
**DIAG[optinfra/oiUtil.cpp:2137:getRiseDelay]: Assert "(ta !=0) && (tlc_ !=0)"
**DIAG[optinfra/oiUtil.cpp:2148:getFallDelay]: Assert "(ta !=0) && (tlc_ !=0)"
**DIAG[optinfra/oiUtil.cpp:2137:getRiseDelay]: Assert "(ta !=0) && (tlc_ !=0)"
**DIAG[optinfra/oiUtil.cpp:2148:getFallDelay]: Assert "(ta !=0) && (tlc_ !=0)"
**DIAG[optinfra/oiUtil.cpp:2137:getRiseDelay]: Assert "(ta !=0) && (tlc_ !=0)"
**DIAG[optinfra/oiUtil.cpp:2148:getFallDelay]: Assert "(ta !=0) && (tlc_ !=0)"
**DIAG[optinfra/oiUtil.cpp:2137:getRiseDelay]: Assert "(ta !=0) && (tlc_ !=0)"
**DIAG[optinfra/oiUtil.cpp:2148:getFallDelay]: Assert "(ta !=0) && (tlc_ !=0)"
**DIAG[optinfra/oiUtil.cpp:2137:getRiseDelay]: Assert "(ta !=0) && (tlc_ !=0)"
**DIAG[optinfra/oiUtil.cpp:2148:getFallDelay]: Assert "(ta !=0) && (tlc_ !=0)"
**DIAG[optinfra/oiUtil.cpp:2137:getRiseDelay]: Assert "(ta !=0) && (tlc_ !=0)"
**DIAG[optinfra/oiUtil.cpp:2148:getFallDelay]: Assert "(ta !=0) && (tlc_ !=0)"
**DIAG[optinfra/oiUtil.cpp:2137:getRiseDelay]: Assert "(ta !=0) && (tlc_ !=0)"
**DIAG[optinfra/oiUtil.cpp:2148:getFallDelay]: Assert "(ta !=0) && (tlc_ !=0)"
**DIAG[optinfra/oiUtil.cpp:2137:getRiseDelay]: Assert "(ta !=0) && (tlc_ !=0)"
**DIAG[optinfra/oiUtil.cpp:2148:getFallDelay]: Assert "(ta !=0) && (tlc_ !=0)"
**DIAG[optinfra/oiUtil.cpp:2137:getRiseDelay]: Assert "(ta !=0) && (tlc_ !=0)"
**DIAG[optinfra/oiUtil.cpp:2148:getFallDelay]: Assert "(ta !=0) && (tlc_ !=0)"
**DIAG[optinfra/oiUtil.cpp:2137:getRiseDelay]: Assert "(ta !=0) && (tlc_ !=0)"
**DIAG[optinfra/oiUtil.cpp:2148:getFallDelay]: Assert "(ta !=0) && (tlc_ !=0)"
**DIAG[optinfra/oiUtil.cpp:2137:getRiseDelay]: Assert "(ta !=0) && (tlc_ !=0)"
**DIAG[optinfra/oiUtil.cpp:2148:getFallDelay]: Assert "(ta !=0) && (tlc_ !=0)"
**DIAG[optinfra/oiUtil.cpp:2137:getRiseDelay]: Assert "(ta !=0) && (tlc_ !=0)"
**DIAG[optinfra/oiUtil.cpp:2148:getFallDelay]: Assert "(ta !=0) && (tlc_ !=0)"
**DIAG[optinfra/oiUtil.cpp:2137:getRiseDelay]: Assert "(ta !=0) && (tlc_ !=0)"
**DIAG[optinfra/oiUtil.cpp:2148:getFallDelay]: Assert "(ta !=0) && (tlc_ !=0)"
**DIAG[../../include/oiTmVNetlist.hpp:287:oiTmVInstTermCL]: Assert "timeLibContext_"
**DIAG[../../include/oiTmVNetlist.hpp:287:oiTmVInstTermCL]: Assert "timeLibContext_"
**DIAG[../../include/oiTmVNetlist.hpp:287:oiTmVInstTermCL]: Assert "timeLibContext_"
**DIAG[../../include/oiTmVNetlist.hpp:287:oiTmVInstTermCL]: Assert "timeLibContext_"
**DIAG[../../include/oiTmVNetlist.hpp:287:oiTmVInstTermCL]: Assert "timeLibContext_"
**DIAG[../../include/oiTmVNetlist.hpp:287:oiTmVInstTermCL]: Assert "timeLibContext_"
**DIAG[../../include/oiTmVNetlist.hpp:287:oiTmVInstTermCL]: Assert "timeLibContext_"
**DIAG[../../include/oiTmVNetlist.hpp:287:oiTmVInstTermCL]: Assert "timeLibContext_"
**DIAG[../../include/oiTmVNetlist.hpp:287:oiTmVInstTermCL]: Assert "timeLibContext_"
**DIAG[../../include/oiTmVNetlist.hpp:287:oiTmVInstTermCL]: Assert "timeLibContext_"
**DIAG[../../include/oiTmVNetlist.hpp:287:oiTmVInstTermCL]: Assert "timeLibContext_"
**DIAG[../../include/oiTmVNetlist.hpp:287:oiTmVInstTermCL]: Assert "timeLibContext_"
**DIAG[../../include/oiTmVNetlist.hpp:287:oiTmVInstTermCL]: Assert "timeLibContext_"
**DIAG[optinfra/oiUtil.cpp:2137:getRiseDelay]: Assert "(ta !=0) && (tlc_ !=0)"
**DIAG[optinfra/oiUtil.cpp:2148:getFallDelay]: Assert "(ta !=0) && (tlc_ !=0)"
**DIAG[optinfra/oiUtil.cpp:2137:getRiseDelay]: Assert "(ta !=0) && (tlc_ !=0)"
**DIAG[optinfra/oiUtil.cpp:2148:getFallDelay]: Assert "(ta !=0) && (tlc_ !=0)"
**DIAG[optinfra/oiUtil.cpp:2137:getRiseDelay]: Assert "(ta !=0) && (tlc_ !=0)"
**DIAG[optinfra/oiUtil.cpp:2148:getFallDelay]: Assert "(ta !=0) && (tlc_ !=0)"
**DIAG[optinfra/oiUtil.cpp:2137:getRiseDelay]: Assert "(ta !=0) && (tlc_ !=0)"
**DIAG[optinfra/oiUtil.cpp:2148:getFallDelay]: Assert "(ta !=0) && (tlc_ !=0)"
**DIAG[optinfra/oiUtil.cpp:2137:getRiseDelay]: Assert "(ta !=0) && (tlc_ !=0)"
**DIAG[optinfra/oiUtil.cpp:2148:getFallDelay]: Assert "(ta !=0) && (tlc_ !=0)"
**DIAG[optinfra/oiUtil.cpp:2137:getRiseDelay]: Assert "(ta !=0) && (tlc_ !=0)"
**DIAG[optinfra/oiUtil.cpp:2148:getFallDelay]: Assert "(ta !=0) && (tlc_ !=0)"
**DIAG[optinfra/oiUtil.cpp:2137:getRiseDelay]: Assert "(ta !=0) && (tlc_ !=0)"
**DIAG[optinfra/oiUtil.cpp:2148:getFallDelay]: Assert "(ta !=0) && (tlc_ !=0)"
**DIAG[optinfra/oiUtil.cpp:2137:getRiseDelay]: Assert "(ta !=0) && (tlc_ !=0)"
**DIAG[optinfra/oiUtil.cpp:2148:getFallDelay]: Assert "(ta !=0) && (tlc_ !=0)"
**DIAG[optinfra/oiUtil.cpp:2137:getRiseDelay]: Assert "(ta !=0) && (tlc_ !=0)"
**DIAG[optinfra/oiUtil.cpp:2148:getFallDelay]: Assert "(ta !=0) && (tlc_ !=0)"
**DIAG[optinfra/oiUtil.cpp:2137:getRiseDelay]: Assert "(ta !=0) && (tlc_ !=0)"
**DIAG[optinfra/oiUtil.cpp:2148:getFallDelay]: Assert "(ta !=0) && (tlc_ !=0)"
**DIAG[optinfra/oiUtil.cpp:2137:getRiseDelay]: Assert "(ta !=0) && (tlc_ !=0)"
**DIAG[optinfra/oiUtil.cpp:2148:getFallDelay]: Assert "(ta !=0) && (tlc_ !=0)"
**DIAG[optinfra/oiUtil.cpp:2137:getRiseDelay]: Assert "(ta !=0) && (tlc_ !=0)"
**DIAG[optinfra/oiUtil.cpp:2148:getFallDelay]: Assert "(ta !=0) && (tlc_ !=0)"
**DIAG[optinfra/oiUtil.cpp:2137:getRiseDelay]: Assert "(ta !=0) && (tlc_ !=0)"
**DIAG[optinfra/oiUtil.cpp:2148:getFallDelay]: Assert "(ta !=0) && (tlc_ !=0)"
**DIAG[optinfra/oiUtil.cpp:2137:getRiseDelay]: Assert "(ta !=0) && (tlc_ !=0)"
**DIAG[optinfra/oiUtil.cpp:2148:getFallDelay]: Assert "(ta !=0) && (tlc_ !=0)"
**DIAG[optinfra/oiUtil.cpp:2137:getRiseDelay]: Assert "(ta !=0) && (tlc_ !=0)"
**DIAG[optinfra/oiUtil.cpp:2148:getFallDelay]: Assert "(ta !=0) && (tlc_ !=0)"
**DIAG[optinfra/oiUtil.cpp:2137:getRiseDelay]: Assert "(ta !=0) && (tlc_ !=0)"
**DIAG[optinfra/oiUtil.cpp:2148:getFallDelay]: Assert "(ta !=0) && (tlc_ !=0)"
**DIAG[../../include/oiTmVNetlist.hpp:287:oiTmVInstTermCL]: Assert "timeLibContext_"
**DIAG[../../include/oiTmVNetlist.hpp:287:oiTmVInstTermCL]: Assert "timeLibContext_"
**DIAG[../../include/oiTmVNetlist.hpp:287:oiTmVInstTermCL]: Assert "timeLibContext_"
**DIAG[../../include/oiTmVNetlist.hpp:287:oiTmVInstTermCL]: Assert "timeLibContext_"
**DIAG[../../include/oiTmVNetlist.hpp:287:oiTmVInstTermCL]: Assert "timeLibContext_"
**DIAG[../../include/oiTmVNetlist.hpp:287:oiTmVInstTermCL]: Assert "timeLibContext_"
**DIAG[../../include/oiTmVNetlist.hpp:287:oiTmVInstTermCL]: Assert "timeLibContext_"
**DIAG[optinfra/oiUtil.cpp:2137:getRiseDelay]: Assert "(ta !=0) && (tlc_ !=0)"
**DIAG[optinfra/oiUtil.cpp:2148:getFallDelay]: Assert "(ta !=0) && (tlc_ !=0)"
**DIAG[optinfra/oiUtil.cpp:2137:getRiseDelay]: Assert "(ta !=0) && (tlc_ !=0)"
**DIAG[optinfra/oiUtil.cpp:2148:getFallDelay]: Assert "(ta !=0) && (tlc_ !=0)"
**DIAG[optinfra/oiUtil.cpp:2137:getRiseDelay]: Assert "(ta !=0) && (tlc_ !=0)"
**DIAG[optinfra/oiUtil.cpp:2148:getFallDelay]: Assert "(ta !=0) && (tlc_ !=0)"
**DIAG[optinfra/oiUtil.cpp:2137:getRiseDelay]: Assert "(ta !=0) && (tlc_ !=0)"
**DIAG[optinfra/oiUtil.cpp:2148:getFallDelay]: Assert "(ta !=0) && (tlc_ !=0)"
**DIAG[optinfra/oiUtil.cpp:2137:getRiseDelay]: Assert "(ta !=0) && (tlc_ !=0)"
**DIAG[optinfra/oiUtil.cpp:2148:getFallDelay]: Assert "(ta !=0) && (tlc_ !=0)"
**DIAG[optinfra/oiUtil.cpp:2137:getRiseDelay]: Assert "(ta !=0) && (tlc_ !=0)"
**DIAG[optinfra/oiUtil.cpp:2148:getFallDelay]: Assert "(ta !=0) && (tlc_ !=0)"
**DIAG[optinfra/oiUtil.cpp:2137:getRiseDelay]: Assert "(ta !=0) && (tlc_ !=0)"
**DIAG[optinfra/oiUtil.cpp:2148:getFallDelay]: Assert "(ta !=0) && (tlc_ !=0)"
**DIAG[optinfra/oiUtil.cpp:2137:getRiseDelay]: Assert "(ta !=0) && (tlc_ !=0)"
**DIAG[optinfra/oiUtil.cpp:2148:getFallDelay]: Assert "(ta !=0) && (tlc_ !=0)"
**DIAG[../../include/oiTmVNetlist.hpp:287:oiTmVInstTermCL]: Assert "timeLibContext_"
**DIAG[../../include/oiTmVNetlist.hpp:287:oiTmVInstTermCL]: Assert "timeLibContext_"
**DIAG[../../include/oiTmVNetlist.hpp:287:oiTmVInstTermCL]: Assert "timeLibContext_"
**DIAG[../../include/oiTmVNetlist.hpp:287:oiTmVInstTermCL]: Assert "timeLibContext_"
**DIAG[../../include/oiTmVNetlist.hpp:287:oiTmVInstTermCL]: Assert "timeLibContext_"
**DIAG[../../include/oiTmVNetlist.hpp:287:oiTmVInstTermCL]: Assert "timeLibContext_"
**DIAG[../../include/oiTmVNetlist.hpp:287:oiTmVInstTermCL]: Assert "timeLibContext_"
**DIAG[optinfra/oiUtil.cpp:2137:getRiseDelay]: Assert "(ta !=0) && (tlc_ !=0)"
**DIAG[optinfra/oiUtil.cpp:2148:getFallDelay]: Assert "(ta !=0) && (tlc_ !=0)"
**DIAG[optinfra/oiUtil.cpp:2137:getRiseDelay]: Assert "(ta !=0) && (tlc_ !=0)"
**DIAG[optinfra/oiUtil.cpp:2148:getFallDelay]: Assert "(ta !=0) && (tlc_ !=0)"
**DIAG[optinfra/oiUtil.cpp:2137:getRiseDelay]: Assert "(ta !=0) && (tlc_ !=0)"
**DIAG[optinfra/oiUtil.cpp:2148:getFallDelay]: Assert "(ta !=0) && (tlc_ !=0)"
**DIAG[optinfra/oiUtil.cpp:2137:getRiseDelay]: Assert "(ta !=0) && (tlc_ !=0)"
**DIAG[optinfra/oiUtil.cpp:2148:getFallDelay]: Assert "(ta !=0) && (tlc_ !=0)"
**DIAG[optinfra/oiUtil.cpp:2137:getRiseDelay]: Assert "(ta !=0) && (tlc_ !=0)"
**DIAG[optinfra/oiUtil.cpp:2148:getFallDelay]: Assert "(ta !=0) && (tlc_ !=0)"
**DIAG[optinfra/oiUtil.cpp:2137:getRiseDelay]: Assert "(ta !=0) && (tlc_ !=0)"
**DIAG[optinfra/oiUtil.cpp:2148:getFallDelay]: Assert "(ta !=0) && (tlc_ !=0)"
**DIAG[optinfra/oiUtil.cpp:2137:getRiseDelay]: Assert "(ta !=0) && (tlc_ !=0)"
**DIAG[optinfra/oiUtil.cpp:2148:getFallDelay]: Assert "(ta !=0) && (tlc_ !=0)"
**DIAG[optinfra/oiUtil.cpp:2137:getRiseDelay]: Assert "(ta !=0) && (tlc_ !=0)"
**DIAG[optinfra/oiUtil.cpp:2148:getFallDelay]: Assert "(ta !=0) && (tlc_ !=0)"
**DIAG[../../include/oiTmVNetlist.hpp:287:oiTmVInstTermCL]: Assert "timeLibContext_"
**DIAG[../../include/oiTmVNetlist.hpp:287:oiTmVInstTermCL]: Assert "timeLibContext_"
**DIAG[../../include/oiTmVNetlist.hpp:287:oiTmVInstTermCL]: Assert "timeLibContext_"
**DIAG[../../include/oiTmVNetlist.hpp:287:oiTmVInstTermCL]: Assert "timeLibContext_"
**DIAG[../../include/oiTmVNetlist.hpp:287:oiTmVInstTermCL]: Assert "timeLibContext_"
**DIAG[../../include/oiTmVNetlist.hpp:287:oiTmVInstTermCL]: Assert "timeLibContext_"
**DIAG[../../include/oiTmVNetlist.hpp:287:oiTmVInstTermCL]: Assert "timeLibContext_"
**DIAG[optinfra/oiUtil.cpp:2137:getRiseDelay]: Assert "(ta !=0) && (tlc_ !=0)"
**DIAG[optinfra/oiUtil.cpp:2148:getFallDelay]: Assert "(ta !=0) && (tlc_ !=0)"
**DIAG[optinfra/oiUtil.cpp:2137:getRiseDelay]: Assert "(ta !=0) && (tlc_ !=0)"
**DIAG[optinfra/oiUtil.cpp:2148:getFallDelay]: Assert "(ta !=0) && (tlc_ !=0)"
**DIAG[optinfra/oiUtil.cpp:2137:getRiseDelay]: Assert "(ta !=0) && (tlc_ !=0)"
**DIAG[optinfra/oiUtil.cpp:2148:getFallDelay]: Assert "(ta !=0) && (tlc_ !=0)"
**DIAG[optinfra/oiUtil.cpp:2137:getRiseDelay]: Assert "(ta !=0) && (tlc_ !=0)"
**DIAG[optinfra/oiUtil.cpp:2148:getFallDelay]: Assert "(ta !=0) && (tlc_ !=0)"
**DIAG[optinfra/oiUtil.cpp:2137:getRiseDelay]: Assert "(ta !=0) && (tlc_ !=0)"
**DIAG[optinfra/oiUtil.cpp:2148:getFallDelay]: Assert "(ta !=0) && (tlc_ !=0)"
**DIAG[optinfra/oiUtil.cpp:2137:getRiseDelay]: Assert "(ta !=0) && (tlc_ !=0)"
**DIAG[optinfra/oiUtil.cpp:2148:getFallDelay]: Assert "(ta !=0) && (tlc_ !=0)"
**DIAG[optinfra/oiUtil.cpp:2137:getRiseDelay]: Assert "(ta !=0) && (tlc_ !=0)"
**DIAG[optinfra/oiUtil.cpp:2148:getFallDelay]: Assert "(ta !=0) && (tlc_ !=0)"
**DIAG[optinfra/oiUtil.cpp:2137:getRiseDelay]: Assert "(ta !=0) && (tlc_ !=0)"
**DIAG[optinfra/oiUtil.cpp:2148:getFallDelay]: Assert "(ta !=0) && (tlc_ !=0)"
**DIAG[../../include/oiTmVNetlist.hpp:287:oiTmVInstTermCL]: Assert "timeLibContext_"
**DIAG[../../include/oiTmVNetlist.hpp:287:oiTmVInstTermCL]: Assert "timeLibContext_"
**DIAG[../../include/oiTmVNetlist.hpp:287:oiTmVInstTermCL]: Assert "timeLibContext_"
**DIAG[../../include/oiTmVNetlist.hpp:287:oiTmVInstTermCL]: Assert "timeLibContext_"
**DIAG[../../include/oiTmVNetlist.hpp:287:oiTmVInstTermCL]: Assert "timeLibContext_"
**DIAG[../../include/oiTmVNetlist.hpp:287:oiTmVInstTermCL]: Assert "timeLibContext_"
**DIAG[../../include/oiTmVNetlist.hpp:287:oiTmVInstTermCL]: Assert "timeLibContext_"
**DIAG[optinfra/oiUtil.cpp:2137:getRiseDelay]: Assert "(ta !=0) && (tlc_ !=0)"
**DIAG[optinfra/oiUtil.cpp:2148:getFallDelay]: Assert "(ta !=0) && (tlc_ !=0)"
**DIAG[optinfra/oiUtil.cpp:2137:getRiseDelay]: Assert "(ta !=0) && (tlc_ !=0)"
**DIAG[optinfra/oiUtil.cpp:2148:getFallDelay]: Assert "(ta !=0) && (tlc_ !=0)"
**DIAG[optinfra/oiUtil.cpp:2137:getRiseDelay]: Assert "(ta !=0) && (tlc_ !=0)"
**DIAG[optinfra/oiUtil.cpp:2148:getFallDelay]: Assert "(ta !=0) && (tlc_ !=0)"
**DIAG[optinfra/oiUtil.cpp:2137:getRiseDelay]: Assert "(ta !=0) && (tlc_ !=0)"
**DIAG[optinfra/oiUtil.cpp:2148:getFallDelay]: Assert "(ta !=0) && (tlc_ !=0)"
**DIAG[optinfra/oiUtil.cpp:2137:getRiseDelay]: Assert "(ta !=0) && (tlc_ !=0)"
**DIAG[optinfra/oiUtil.cpp:2148:getFallDelay]: Assert "(ta !=0) && (tlc_ !=0)"
**DIAG[optinfra/oiUtil.cpp:2137:getRiseDelay]: Assert "(ta !=0) && (tlc_ !=0)"
**DIAG[optinfra/oiUtil.cpp:2148:getFallDelay]: Assert "(ta !=0) && (tlc_ !=0)"
**DIAG[optinfra/oiUtil.cpp:2137:getRiseDelay]: Assert "(ta !=0) && (tlc_ !=0)"
**DIAG[optinfra/oiUtil.cpp:2148:getFallDelay]: Assert "(ta !=0) && (tlc_ !=0)"
**DIAG[optinfra/oiUtil.cpp:2137:getRiseDelay]: Assert "(ta !=0) && (tlc_ !=0)"
**DIAG[optinfra/oiUtil.cpp:2148:getFallDelay]: Assert "(ta !=0) && (tlc_ !=0)"
**DIAG[../../include/oiTmVNetlist.hpp:287:oiTmVInstTermCL]: Assert "timeLibContext_"
**DIAG[../../include/oiTmVNetlist.hpp:287:oiTmVInstTermCL]: Assert "timeLibContext_"
**DIAG[../../include/oiTmVNetlist.hpp:287:oiTmVInstTermCL]: Assert "timeLibContext_"
**DIAG[../../include/oiTmVNetlist.hpp:287:oiTmVInstTermCL]: Assert "timeLibContext_"
**DIAG[../../include/oiTmVNetlist.hpp:287:oiTmVInstTermCL]: Assert "timeLibContext_"
**DIAG[../../include/oiTmVNetlist.hpp:287:oiTmVInstTermCL]: Assert "timeLibContext_"
**DIAG[../../include/oiTmVNetlist.hpp:287:oiTmVInstTermCL]: Assert "timeLibContext_"
**DIAG[optinfra/oiUtil.cpp:2137:getRiseDelay]: Assert "(ta !=0) && (tlc_ !=0)"
**DIAG[optinfra/oiUtil.cpp:2148:getFallDelay]: Assert "(ta !=0) && (tlc_ !=0)"
**DIAG[optinfra/oiUtil.cpp:2137:getRiseDelay]: Assert "(ta !=0) && (tlc_ !=0)"
**DIAG[optinfra/oiUtil.cpp:2148:getFallDelay]: Assert "(ta !=0) && (tlc_ !=0)"
**DIAG[optinfra/oiUtil.cpp:2137:getRiseDelay]: Assert "(ta !=0) && (tlc_ !=0)"
**DIAG[optinfra/oiUtil.cpp:2148:getFallDelay]: Assert "(ta !=0) && (tlc_ !=0)"
**DIAG[optinfra/oiUtil.cpp:2137:getRiseDelay]: Assert "(ta !=0) && (tlc_ !=0)"
**DIAG[optinfra/oiUtil.cpp:2148:getFallDelay]: Assert "(ta !=0) && (tlc_ !=0)"
**DIAG[optinfra/oiUtil.cpp:2137:getRiseDelay]: Assert "(ta !=0) && (tlc_ !=0)"
**DIAG[optinfra/oiUtil.cpp:2148:getFallDelay]: Assert "(ta !=0) && (tlc_ !=0)"
**DIAG[optinfra/oiUtil.cpp:2137:getRiseDelay]: Assert "(ta !=0) && (tlc_ !=0)"
**DIAG[optinfra/oiUtil.cpp:2148:getFallDelay]: Assert "(ta !=0) && (tlc_ !=0)"
**DIAG[optinfra/oiUtil.cpp:2137:getRiseDelay]: Assert "(ta !=0) && (tlc_ !=0)"
**DIAG[optinfra/oiUtil.cpp:2148:getFallDelay]: Assert "(ta !=0) && (tlc_ !=0)"
**DIAG[optinfra/oiUtil.cpp:2137:getRiseDelay]: Assert "(ta !=0) && (tlc_ !=0)"
**DIAG[optinfra/oiUtil.cpp:2148:getFallDelay]: Assert "(ta !=0) && (tlc_ !=0)"
**DIAG[../../include/oiTmVNetlist.hpp:287:oiTmVInstTermCL]: Assert "timeLibContext_"
**DIAG[../../include/oiTmVNetlist.hpp:287:oiTmVInstTermCL]: Assert "timeLibContext_"
**DIAG[../../include/oiTmVNetlist.hpp:287:oiTmVInstTermCL]: Assert "timeLibContext_"
**DIAG[../../include/oiTmVNetlist.hpp:287:oiTmVInstTermCL]: Assert "timeLibContext_"
**DIAG[../../include/oiTmVNetlist.hpp:287:oiTmVInstTermCL]: Assert "timeLibContext_"
**DIAG[../../include/oiTmVNetlist.hpp:287:oiTmVInstTermCL]: Assert "timeLibContext_"
**DIAG[../../include/oiTmVNetlist.hpp:287:oiTmVInstTermCL]: Assert "timeLibContext_"
**DIAG[optinfra/oiUtil.cpp:2137:getRiseDelay]: Assert "(ta !=0) && (tlc_ !=0)"
**DIAG[optinfra/oiUtil.cpp:2148:getFallDelay]: Assert "(ta !=0) && (tlc_ !=0)"
**DIAG[optinfra/oiUtil.cpp:2137:getRiseDelay]: Assert "(ta !=0) && (tlc_ !=0)"
**DIAG[optinfra/oiUtil.cpp:2148:getFallDelay]: Assert "(ta !=0) && (tlc_ !=0)"
**DIAG[optinfra/oiUtil.cpp:2137:getRiseDelay]: Assert "(ta !=0) && (tlc_ !=0)"
**DIAG[optinfra/oiUtil.cpp:2148:getFallDelay]: Assert "(ta !=0) && (tlc_ !=0)"
**DIAG[optinfra/oiUtil.cpp:2137:getRiseDelay]: Assert "(ta !=0) && (tlc_ !=0)"
**DIAG[optinfra/oiUtil.cpp:2148:getFallDelay]: Assert "(ta !=0) && (tlc_ !=0)"
**DIAG[optinfra/oiUtil.cpp:2137:getRiseDelay]: Assert "(ta !=0) && (tlc_ !=0)"
**DIAG[optinfra/oiUtil.cpp:2148:getFallDelay]: Assert "(ta !=0) && (tlc_ !=0)"
**DIAG[optinfra/oiUtil.cpp:2137:getRiseDelay]: Assert "(ta !=0) && (tlc_ !=0)"
**DIAG[optinfra/oiUtil.cpp:2148:getFallDelay]: Assert "(ta !=0) && (tlc_ !=0)"
**DIAG[optinfra/oiUtil.cpp:2137:getRiseDelay]: Assert "(ta !=0) && (tlc_ !=0)"
**DIAG[optinfra/oiUtil.cpp:2148:getFallDelay]: Assert "(ta !=0) && (tlc_ !=0)"
**DIAG[optinfra/oiUtil.cpp:2137:getRiseDelay]: Assert "(ta !=0) && (tlc_ !=0)"
**DIAG[optinfra/oiUtil.cpp:2148:getFallDelay]: Assert "(ta !=0) && (tlc_ !=0)"
**DIAG[../../include/oiTmVNetlist.hpp:287:oiTmVInstTermCL]: Assert "timeLibContext_"
**DIAG[../../include/oiTmVNetlist.hpp:287:oiTmVInstTermCL]: Assert "timeLibContext_"
**DIAG[../../include/oiTmVNetlist.hpp:287:oiTmVInstTermCL]: Assert "timeLibContext_"
**DIAG[../../include/oiTmVNetlist.hpp:287:oiTmVInstTermCL]: Assert "timeLibContext_"
**DIAG[../../include/oiTmVNetlist.hpp:287:oiTmVInstTermCL]: Assert "timeLibContext_"
**DIAG[../../include/oiTmVNetlist.hpp:287:oiTmVInstTermCL]: Assert "timeLibContext_"
**DIAG[../../include/oiTmVNetlist.hpp:287:oiTmVInstTermCL]: Assert "timeLibContext_"
**DIAG[../../include/oiTmVNetlist.hpp:287:oiTmVInstTermCL]: Assert "timeLibContext_"
**DIAG[../../include/oiTmVNetlist.hpp:287:oiTmVInstTermCL]: Assert "timeLibContext_"
**DIAG[../../include/oiTmVNetlist.hpp:287:oiTmVInstTermCL]: Assert "timeLibContext_"
**DIAG[../../include/oiTmVNetlist.hpp:287:oiTmVInstTermCL]: Assert "timeLibContext_"
**DIAG[../../include/oiTmVNetlist.hpp:287:oiTmVInstTermCL]: Assert "timeLibContext_"
**DIAG[../../include/oiTmVNetlist.hpp:287:oiTmVInstTermCL]: Assert "timeLibContext_"
**DIAG[optinfra/oiUtil.cpp:2137:getRiseDelay]: Assert "(ta !=0) && (tlc_ !=0)"
**DIAG[optinfra/oiUtil.cpp:2148:getFallDelay]: Assert "(ta !=0) && (tlc_ !=0)"
**DIAG[optinfra/oiUtil.cpp:2137:getRiseDelay]: Assert "(ta !=0) && (tlc_ !=0)"
**DIAG[optinfra/oiUtil.cpp:2148:getFallDelay]: Assert "(ta !=0) && (tlc_ !=0)"
**DIAG[optinfra/oiUtil.cpp:2137:getRiseDelay]: Assert "(ta !=0) && (tlc_ !=0)"
**DIAG[optinfra/oiUtil.cpp:2148:getFallDelay]: Assert "(ta !=0) && (tlc_ !=0)"
**DIAG[optinfra/oiUtil.cpp:2137:getRiseDelay]: Assert "(ta !=0) && (tlc_ !=0)"
**DIAG[optinfra/oiUtil.cpp:2148:getFallDelay]: Assert "(ta !=0) && (tlc_ !=0)"
**DIAG[optinfra/oiUtil.cpp:2137:getRiseDelay]: Assert "(ta !=0) && (tlc_ !=0)"
**DIAG[optinfra/oiUtil.cpp:2148:getFallDelay]: Assert "(ta !=0) && (tlc_ !=0)"
**DIAG[optinfra/oiUtil.cpp:2137:getRiseDelay]: Assert "(ta !=0) && (tlc_ !=0)"
**DIAG[optinfra/oiUtil.cpp:2148:getFallDelay]: Assert "(ta !=0) && (tlc_ !=0)"
**DIAG[optinfra/oiUtil.cpp:2137:getRiseDelay]: Assert "(ta !=0) && (tlc_ !=0)"
**DIAG[optinfra/oiUtil.cpp:2148:getFallDelay]: Assert "(ta !=0) && (tlc_ !=0)"
**DIAG[optinfra/oiUtil.cpp:2137:getRiseDelay]: Assert "(ta !=0) && (tlc_ !=0)"
**DIAG[optinfra/oiUtil.cpp:2148:getFallDelay]: Assert "(ta !=0) && (tlc_ !=0)"
**DIAG[optinfra/oiUtil.cpp:2137:getRiseDelay]: Assert "(ta !=0) && (tlc_ !=0)"
**DIAG[optinfra/oiUtil.cpp:2148:getFallDelay]: Assert "(ta !=0) && (tlc_ !=0)"
**DIAG[optinfra/oiUtil.cpp:2137:getRiseDelay]: Assert "(ta !=0) && (tlc_ !=0)"
**DIAG[optinfra/oiUtil.cpp:2148:getFallDelay]: Assert "(ta !=0) && (tlc_ !=0)"
**DIAG[optinfra/oiUtil.cpp:2137:getRiseDelay]: Assert "(ta !=0) && (tlc_ !=0)"
**DIAG[optinfra/oiUtil.cpp:2148:getFallDelay]: Assert "(ta !=0) && (tlc_ !=0)"
**DIAG[optinfra/oiUtil.cpp:2137:getRiseDelay]: Assert "(ta !=0) && (tlc_ !=0)"
**DIAG[optinfra/oiUtil.cpp:2148:getFallDelay]: Assert "(ta !=0) && (tlc_ !=0)"
**DIAG[optinfra/oiUtil.cpp:2137:getRiseDelay]: Assert "(ta !=0) && (tlc_ !=0)"
**DIAG[optinfra/oiUtil.cpp:2148:getFallDelay]: Assert "(ta !=0) && (tlc_ !=0)"
**DIAG[optinfra/oiUtil.cpp:2137:getRiseDelay]: Assert "(ta !=0) && (tlc_ !=0)"
**DIAG[optinfra/oiUtil.cpp:2148:getFallDelay]: Assert "(ta !=0) && (tlc_ !=0)"
**DIAG[optinfra/oiUtil.cpp:2137:getRiseDelay]: Assert "(ta !=0) && (tlc_ !=0)"
**DIAG[optinfra/oiUtil.cpp:2148:getFallDelay]: Assert "(ta !=0) && (tlc_ !=0)"
**DIAG[optinfra/oiUtil.cpp:2137:getRiseDelay]: Assert "(ta !=0) && (tlc_ !=0)"
**DIAG[optinfra/oiUtil.cpp:2148:getFallDelay]: Assert "(ta !=0) && (tlc_ !=0)"
**DIAG[../../include/oiTmVNetlist.hpp:287:oiTmVInstTermCL]: Assert "timeLibContext_"
**DIAG[../../include/oiTmVNetlist.hpp:287:oiTmVInstTermCL]: Assert "timeLibContext_"
**DIAG[../../include/oiTmVNetlist.hpp:287:oiTmVInstTermCL]: Assert "timeLibContext_"
**DIAG[../../include/oiTmVNetlist.hpp:287:oiTmVInstTermCL]: Assert "timeLibContext_"
**DIAG[../../include/oiTmVNetlist.hpp:287:oiTmVInstTermCL]: Assert "timeLibContext_"
**DIAG[../../include/oiTmVNetlist.hpp:287:oiTmVInstTermCL]: Assert "timeLibContext_"
**DIAG[../../include/oiTmVNetlist.hpp:287:oiTmVInstTermCL]: Assert "timeLibContext_"
**DIAG[../../include/oiTmVNetlist.hpp:287:oiTmVInstTermCL]: Assert "timeLibContext_"
**DIAG[../../include/oiTmVNetlist.hpp:287:oiTmVInstTermCL]: Assert "timeLibContext_"
**DIAG[../../include/oiTmVNetlist.hpp:287:oiTmVInstTermCL]: Assert "timeLibContext_"
**DIAG[../../include/oiTmVNetlist.hpp:287:oiTmVInstTermCL]: Assert "timeLibContext_"
**DIAG[../../include/oiTmVNetlist.hpp:287:oiTmVInstTermCL]: Assert "timeLibContext_"
**DIAG[../../include/oiTmVNetlist.hpp:287:oiTmVInstTermCL]: Assert "timeLibContext_"
**DIAG[optinfra/oiUtil.cpp:2137:getRiseDelay]: Assert "(ta !=0) && (tlc_ !=0)"
**DIAG[optinfra/oiUtil.cpp:2148:getFallDelay]: Assert "(ta !=0) && (tlc_ !=0)"
**DIAG[optinfra/oiUtil.cpp:2137:getRiseDelay]: Assert "(ta !=0) && (tlc_ !=0)"
**DIAG[optinfra/oiUtil.cpp:2148:getFallDelay]: Assert "(ta !=0) && (tlc_ !=0)"
**DIAG[optinfra/oiUtil.cpp:2137:getRiseDelay]: Assert "(ta !=0) && (tlc_ !=0)"
**DIAG[optinfra/oiUtil.cpp:2148:getFallDelay]: Assert "(ta !=0) && (tlc_ !=0)"
**DIAG[optinfra/oiUtil.cpp:2137:getRiseDelay]: Assert "(ta !=0) && (tlc_ !=0)"
**DIAG[optinfra/oiUtil.cpp:2148:getFallDelay]: Assert "(ta !=0) && (tlc_ !=0)"
**DIAG[optinfra/oiUtil.cpp:2137:getRiseDelay]: Assert "(ta !=0) && (tlc_ !=0)"
**DIAG[optinfra/oiUtil.cpp:2148:getFallDelay]: Assert "(ta !=0) && (tlc_ !=0)"
**DIAG[optinfra/oiUtil.cpp:2137:getRiseDelay]: Assert "(ta !=0) && (tlc_ !=0)"
**DIAG[optinfra/oiUtil.cpp:2148:getFallDelay]: Assert "(ta !=0) && (tlc_ !=0)"
**DIAG[optinfra/oiUtil.cpp:2137:getRiseDelay]: Assert "(ta !=0) && (tlc_ !=0)"
**DIAG[optinfra/oiUtil.cpp:2148:getFallDelay]: Assert "(ta !=0) && (tlc_ !=0)"
**DIAG[optinfra/oiUtil.cpp:2137:getRiseDelay]: Assert "(ta !=0) && (tlc_ !=0)"
**DIAG[optinfra/oiUtil.cpp:2148:getFallDelay]: Assert "(ta !=0) && (tlc_ !=0)"
**DIAG[optinfra/oiUtil.cpp:2137:getRiseDelay]: Assert "(ta !=0) && (tlc_ !=0)"
**DIAG[optinfra/oiUtil.cpp:2148:getFallDelay]: Assert "(ta !=0) && (tlc_ !=0)"
**DIAG[optinfra/oiUtil.cpp:2137:getRiseDelay]: Assert "(ta !=0) && (tlc_ !=0)"
**DIAG[optinfra/oiUtil.cpp:2148:getFallDelay]: Assert "(ta !=0) && (tlc_ !=0)"
**DIAG[optinfra/oiUtil.cpp:2137:getRiseDelay]: Assert "(ta !=0) && (tlc_ !=0)"
**DIAG[optinfra/oiUtil.cpp:2148:getFallDelay]: Assert "(ta !=0) && (tlc_ !=0)"
**DIAG[optinfra/oiUtil.cpp:2137:getRiseDelay]: Assert "(ta !=0) && (tlc_ !=0)"
**DIAG[optinfra/oiUtil.cpp:2148:getFallDelay]: Assert "(ta !=0) && (tlc_ !=0)"
**DIAG[optinfra/oiUtil.cpp:2137:getRiseDelay]: Assert "(ta !=0) && (tlc_ !=0)"
**DIAG[optinfra/oiUtil.cpp:2148:getFallDelay]: Assert "(ta !=0) && (tlc_ !=0)"
**DIAG[optinfra/oiUtil.cpp:2137:getRiseDelay]: Assert "(ta !=0) && (tlc_ !=0)"
**DIAG[optinfra/oiUtil.cpp:2148:getFallDelay]: Assert "(ta !=0) && (tlc_ !=0)"
**DIAG[optinfra/oiUtil.cpp:2137:getRiseDelay]: Assert "(ta !=0) && (tlc_ !=0)"
**DIAG[optinfra/oiUtil.cpp:2148:getFallDelay]: Assert "(ta !=0) && (tlc_ !=0)"
**DIAG[optinfra/oiUtil.cpp:2137:getRiseDelay]: Assert "(ta !=0) && (tlc_ !=0)"
**DIAG[optinfra/oiUtil.cpp:2148:getFallDelay]: Assert "(ta !=0) && (tlc_ !=0)"
**DIAG[../../include/oiTmVNetlist.hpp:287:oiTmVInstTermCL]: Assert "timeLibContext_"
**DIAG[../../include/oiTmVNetlist.hpp:287:oiTmVInstTermCL]: Assert "timeLibContext_"
**DIAG[../../include/oiTmVNetlist.hpp:287:oiTmVInstTermCL]: Assert "timeLibContext_"
**DIAG[../../include/oiTmVNetlist.hpp:287:oiTmVInstTermCL]: Assert "timeLibContext_"
**DIAG[../../include/oiTmVNetlist.hpp:287:oiTmVInstTermCL]: Assert "timeLibContext_"
**DIAG[../../include/oiTmVNetlist.hpp:287:oiTmVInstTermCL]: Assert "timeLibContext_"
**DIAG[../../include/oiTmVNetlist.hpp:287:oiTmVInstTermCL]: Assert "timeLibContext_"
**DIAG[../../include/oiTmVNetlist.hpp:287:oiTmVInstTermCL]: Assert "timeLibContext_"
**DIAG[../../include/oiTmVNetlist.hpp:287:oiTmVInstTermCL]: Assert "timeLibContext_"
**DIAG[../../include/oiTmVNetlist.hpp:287:oiTmVInstTermCL]: Assert "timeLibContext_"
**DIAG[../../include/oiTmVNetlist.hpp:287:oiTmVInstTermCL]: Assert "timeLibContext_"
**DIAG[../../include/oiTmVNetlist.hpp:287:oiTmVInstTermCL]: Assert "timeLibContext_"
**DIAG[../../include/oiTmVNetlist.hpp:287:oiTmVInstTermCL]: Assert "timeLibContext_"
**DIAG[optinfra/oiUtil.cpp:2137:getRiseDelay]: Assert "(ta !=0) && (tlc_ !=0)"
**DIAG[optinfra/oiUtil.cpp:2148:getFallDelay]: Assert "(ta !=0) && (tlc_ !=0)"
**DIAG[optinfra/oiUtil.cpp:2137:getRiseDelay]: Assert "(ta !=0) && (tlc_ !=0)"
**DIAG[optinfra/oiUtil.cpp:2148:getFallDelay]: Assert "(ta !=0) && (tlc_ !=0)"
**DIAG[optinfra/oiUtil.cpp:2137:getRiseDelay]: Assert "(ta !=0) && (tlc_ !=0)"
**DIAG[optinfra/oiUtil.cpp:2148:getFallDelay]: Assert "(ta !=0) && (tlc_ !=0)"
**DIAG[optinfra/oiUtil.cpp:2137:getRiseDelay]: Assert "(ta !=0) && (tlc_ !=0)"
**DIAG[optinfra/oiUtil.cpp:2148:getFallDelay]: Assert "(ta !=0) && (tlc_ !=0)"
**DIAG[optinfra/oiUtil.cpp:2137:getRiseDelay]: Assert "(ta !=0) && (tlc_ !=0)"
**DIAG[optinfra/oiUtil.cpp:2148:getFallDelay]: Assert "(ta !=0) && (tlc_ !=0)"
**DIAG[optinfra/oiUtil.cpp:2137:getRiseDelay]: Assert "(ta !=0) && (tlc_ !=0)"
**DIAG[optinfra/oiUtil.cpp:2148:getFallDelay]: Assert "(ta !=0) && (tlc_ !=0)"
**DIAG[optinfra/oiUtil.cpp:2137:getRiseDelay]: Assert "(ta !=0) && (tlc_ !=0)"
**DIAG[optinfra/oiUtil.cpp:2148:getFallDelay]: Assert "(ta !=0) && (tlc_ !=0)"
**DIAG[optinfra/oiUtil.cpp:2137:getRiseDelay]: Assert "(ta !=0) && (tlc_ !=0)"
**DIAG[optinfra/oiUtil.cpp:2148:getFallDelay]: Assert "(ta !=0) && (tlc_ !=0)"
**DIAG[optinfra/oiUtil.cpp:2137:getRiseDelay]: Assert "(ta !=0) && (tlc_ !=0)"
**DIAG[optinfra/oiUtil.cpp:2148:getFallDelay]: Assert "(ta !=0) && (tlc_ !=0)"
**DIAG[optinfra/oiUtil.cpp:2137:getRiseDelay]: Assert "(ta !=0) && (tlc_ !=0)"
**DIAG[optinfra/oiUtil.cpp:2148:getFallDelay]: Assert "(ta !=0) && (tlc_ !=0)"
**DIAG[optinfra/oiUtil.cpp:2137:getRiseDelay]: Assert "(ta !=0) && (tlc_ !=0)"
**DIAG[optinfra/oiUtil.cpp:2148:getFallDelay]: Assert "(ta !=0) && (tlc_ !=0)"
**DIAG[optinfra/oiUtil.cpp:2137:getRiseDelay]: Assert "(ta !=0) && (tlc_ !=0)"
**DIAG[optinfra/oiUtil.cpp:2148:getFallDelay]: Assert "(ta !=0) && (tlc_ !=0)"
**DIAG[optinfra/oiUtil.cpp:2137:getRiseDelay]: Assert "(ta !=0) && (tlc_ !=0)"
**DIAG[optinfra/oiUtil.cpp:2148:getFallDelay]: Assert "(ta !=0) && (tlc_ !=0)"
**DIAG[optinfra/oiUtil.cpp:2137:getRiseDelay]: Assert "(ta !=0) && (tlc_ !=0)"
**DIAG[optinfra/oiUtil.cpp:2148:getFallDelay]: Assert "(ta !=0) && (tlc_ !=0)"
**DIAG[optinfra/oiUtil.cpp:2137:getRiseDelay]: Assert "(ta !=0) && (tlc_ !=0)"
**DIAG[optinfra/oiUtil.cpp:2148:getFallDelay]: Assert "(ta !=0) && (tlc_ !=0)"
**DIAG[optinfra/oiUtil.cpp:2137:getRiseDelay]: Assert "(ta !=0) && (tlc_ !=0)"
**DIAG[optinfra/oiUtil.cpp:2148:getFallDelay]: Assert "(ta !=0) && (tlc_ !=0)"
**DIAG[../../include/oiTmVNetlist.hpp:287:oiTmVInstTermCL]: Assert "timeLibContext_"
**DIAG[../../include/oiTmVNetlist.hpp:287:oiTmVInstTermCL]: Assert "timeLibContext_"
**DIAG[../../include/oiTmVNetlist.hpp:287:oiTmVInstTermCL]: Assert "timeLibContext_"
**DIAG[../../include/oiTmVNetlist.hpp:287:oiTmVInstTermCL]: Assert "timeLibContext_"
**DIAG[../../include/oiTmVNetlist.hpp:287:oiTmVInstTermCL]: Assert "timeLibContext_"
**DIAG[../../include/oiTmVNetlist.hpp:287:oiTmVInstTermCL]: Assert "timeLibContext_"
**DIAG[../../include/oiTmVNetlist.hpp:287:oiTmVInstTermCL]: Assert "timeLibContext_"
**DIAG[../../include/oiTmVNetlist.hpp:287:oiTmVInstTermCL]: Assert "timeLibContext_"
**DIAG[../../include/oiTmVNetlist.hpp:287:oiTmVInstTermCL]: Assert "timeLibContext_"
**DIAG[../../include/oiTmVNetlist.hpp:287:oiTmVInstTermCL]: Assert "timeLibContext_"
**DIAG[../../include/oiTmVNetlist.hpp:287:oiTmVInstTermCL]: Assert "timeLibContext_"
**DIAG[../../include/oiTmVNetlist.hpp:287:oiTmVInstTermCL]: Assert "timeLibContext_"
**DIAG[../../include/oiTmVNetlist.hpp:287:oiTmVInstTermCL]: Assert "timeLibContext_"
**DIAG[optinfra/oiUtil.cpp:2137:getRiseDelay]: Assert "(ta !=0) && (tlc_ !=0)"
**DIAG[optinfra/oiUtil.cpp:2148:getFallDelay]: Assert "(ta !=0) && (tlc_ !=0)"
**DIAG[optinfra/oiUtil.cpp:2137:getRiseDelay]: Assert "(ta !=0) && (tlc_ !=0)"
**DIAG[optinfra/oiUtil.cpp:2148:getFallDelay]: Assert "(ta !=0) && (tlc_ !=0)"
**DIAG[optinfra/oiUtil.cpp:2137:getRiseDelay]: Assert "(ta !=0) && (tlc_ !=0)"
**DIAG[optinfra/oiUtil.cpp:2148:getFallDelay]: Assert "(ta !=0) && (tlc_ !=0)"
**DIAG[optinfra/oiUtil.cpp:2137:getRiseDelay]: Assert "(ta !=0) && (tlc_ !=0)"
**DIAG[optinfra/oiUtil.cpp:2148:getFallDelay]: Assert "(ta !=0) && (tlc_ !=0)"
**DIAG[optinfra/oiUtil.cpp:2137:getRiseDelay]: Assert "(ta !=0) && (tlc_ !=0)"
**DIAG[optinfra/oiUtil.cpp:2148:getFallDelay]: Assert "(ta !=0) && (tlc_ !=0)"
**DIAG[optinfra/oiUtil.cpp:2137:getRiseDelay]: Assert "(ta !=0) && (tlc_ !=0)"
**DIAG[optinfra/oiUtil.cpp:2148:getFallDelay]: Assert "(ta !=0) && (tlc_ !=0)"
**DIAG[optinfra/oiUtil.cpp:2137:getRiseDelay]: Assert "(ta !=0) && (tlc_ !=0)"
**DIAG[optinfra/oiUtil.cpp:2148:getFallDelay]: Assert "(ta !=0) && (tlc_ !=0)"
**DIAG[optinfra/oiUtil.cpp:2137:getRiseDelay]: Assert "(ta !=0) && (tlc_ !=0)"
**DIAG[optinfra/oiUtil.cpp:2148:getFallDelay]: Assert "(ta !=0) && (tlc_ !=0)"
**DIAG[optinfra/oiUtil.cpp:2137:getRiseDelay]: Assert "(ta !=0) && (tlc_ !=0)"
**DIAG[optinfra/oiUtil.cpp:2148:getFallDelay]: Assert "(ta !=0) && (tlc_ !=0)"
**DIAG[optinfra/oiUtil.cpp:2137:getRiseDelay]: Assert "(ta !=0) && (tlc_ !=0)"
**DIAG[optinfra/oiUtil.cpp:2148:getFallDelay]: Assert "(ta !=0) && (tlc_ !=0)"
**DIAG[optinfra/oiUtil.cpp:2137:getRiseDelay]: Assert "(ta !=0) && (tlc_ !=0)"
**DIAG[optinfra/oiUtil.cpp:2148:getFallDelay]: Assert "(ta !=0) && (tlc_ !=0)"
**DIAG[optinfra/oiUtil.cpp:2137:getRiseDelay]: Assert "(ta !=0) && (tlc_ !=0)"
**DIAG[optinfra/oiUtil.cpp:2148:getFallDelay]: Assert "(ta !=0) && (tlc_ !=0)"
**DIAG[optinfra/oiUtil.cpp:2137:getRiseDelay]: Assert "(ta !=0) && (tlc_ !=0)"
**DIAG[optinfra/oiUtil.cpp:2148:getFallDelay]: Assert "(ta !=0) && (tlc_ !=0)"
**DIAG[optinfra/oiUtil.cpp:2137:getRiseDelay]: Assert "(ta !=0) && (tlc_ !=0)"
**DIAG[optinfra/oiUtil.cpp:2148:getFallDelay]: Assert "(ta !=0) && (tlc_ !=0)"
**DIAG[optinfra/oiUtil.cpp:2137:getRiseDelay]: Assert "(ta !=0) && (tlc_ !=0)"
**DIAG[optinfra/oiUtil.cpp:2148:getFallDelay]: Assert "(ta !=0) && (tlc_ !=0)"
**DIAG[optinfra/oiUtil.cpp:2137:getRiseDelay]: Assert "(ta !=0) && (tlc_ !=0)"
**DIAG[optinfra/oiUtil.cpp:2148:getFallDelay]: Assert "(ta !=0) && (tlc_ !=0)"
**DIAG[../../include/oiTmVNetlist.hpp:287:oiTmVInstTermCL]: Assert "timeLibContext_"
**DIAG[../../include/oiTmVNetlist.hpp:287:oiTmVInstTermCL]: Assert "timeLibContext_"
**DIAG[../../include/oiTmVNetlist.hpp:287:oiTmVInstTermCL]: Assert "timeLibContext_"
**DIAG[../../include/oiTmVNetlist.hpp:287:oiTmVInstTermCL]: Assert "timeLibContext_"
**DIAG[../../include/oiTmVNetlist.hpp:287:oiTmVInstTermCL]: Assert "timeLibContext_"
**DIAG[../../include/oiTmVNetlist.hpp:287:oiTmVInstTermCL]: Assert "timeLibContext_"
**DIAG[../../include/oiTmVNetlist.hpp:287:oiTmVInstTermCL]: Assert "timeLibContext_"
**DIAG[../../include/oiTmVNetlist.hpp:287:oiTmVInstTermCL]: Assert "timeLibContext_"
**DIAG[optinfra/oiUtil.cpp:2137:getRiseDelay]: Assert "(ta !=0) && (tlc_ !=0)"
**DIAG[optinfra/oiUtil.cpp:2148:getFallDelay]: Assert "(ta !=0) && (tlc_ !=0)"
**DIAG[optinfra/oiUtil.cpp:2137:getRiseDelay]: Assert "(ta !=0) && (tlc_ !=0)"
**DIAG[optinfra/oiUtil.cpp:2148:getFallDelay]: Assert "(ta !=0) && (tlc_ !=0)"
**DIAG[optinfra/oiUtil.cpp:2137:getRiseDelay]: Assert "(ta !=0) && (tlc_ !=0)"
**DIAG[optinfra/oiUtil.cpp:2148:getFallDelay]: Assert "(ta !=0) && (tlc_ !=0)"
**DIAG[../../include/oiTmVNetlist.hpp:287:oiTmVInstTermCL]: Assert "timeLibContext_"
**DIAG[../../include/oiTmVNetlist.hpp:287:oiTmVInstTermCL]: Assert "timeLibContext_"
**DIAG[../../include/oiTmVNetlist.hpp:287:oiTmVInstTermCL]: Assert "timeLibContext_"
**DIAG[../../include/oiTmVNetlist.hpp:287:oiTmVInstTermCL]: Assert "timeLibContext_"
**DIAG[../../include/oiTmVNetlist.hpp:287:oiTmVInstTermCL]: Assert "timeLibContext_"
**DIAG[../../include/oiTmVNetlist.hpp:287:oiTmVInstTermCL]: Assert "timeLibContext_"
**DIAG[../../include/oiTmVNetlist.hpp:287:oiTmVInstTermCL]: Assert "timeLibContext_"
**DIAG[../../include/oiTmVNetlist.hpp:287:oiTmVInstTermCL]: Assert "timeLibContext_"
**DIAG[optinfra/oiUtil.cpp:2137:getRiseDelay]: Assert "(ta !=0) && (tlc_ !=0)"
**DIAG[optinfra/oiUtil.cpp:2148:getFallDelay]: Assert "(ta !=0) && (tlc_ !=0)"
**DIAG[optinfra/oiUtil.cpp:2137:getRiseDelay]: Assert "(ta !=0) && (tlc_ !=0)"
**DIAG[optinfra/oiUtil.cpp:2148:getFallDelay]: Assert "(ta !=0) && (tlc_ !=0)"
**DIAG[optinfra/oiUtil.cpp:2137:getRiseDelay]: Assert "(ta !=0) && (tlc_ !=0)"
**DIAG[optinfra/oiUtil.cpp:2148:getFallDelay]: Assert "(ta !=0) && (tlc_ !=0)"
**DIAG[../../include/oiTmVNetlist.hpp:287:oiTmVInstTermCL]: Assert "timeLibContext_"
**DIAG[../../include/oiTmVNetlist.hpp:287:oiTmVInstTermCL]: Assert "timeLibContext_"
**DIAG[../../include/oiTmVNetlist.hpp:287:oiTmVInstTermCL]: Assert "timeLibContext_"
**DIAG[../../include/oiTmVNetlist.hpp:287:oiTmVInstTermCL]: Assert "timeLibContext_"
**DIAG[../../include/oiTmVNetlist.hpp:287:oiTmVInstTermCL]: Assert "timeLibContext_"
**DIAG[../../include/oiTmVNetlist.hpp:287:oiTmVInstTermCL]: Assert "timeLibContext_"
**DIAG[../../include/oiTmVNetlist.hpp:287:oiTmVInstTermCL]: Assert "timeLibContext_"
**DIAG[../../include/oiTmVNetlist.hpp:287:oiTmVInstTermCL]: Assert "timeLibContext_"
**DIAG[optinfra/oiUtil.cpp:2137:getRiseDelay]: Assert "(ta !=0) && (tlc_ !=0)"
**DIAG[optinfra/oiUtil.cpp:2148:getFallDelay]: Assert "(ta !=0) && (tlc_ !=0)"
**DIAG[optinfra/oiUtil.cpp:2137:getRiseDelay]: Assert "(ta !=0) && (tlc_ !=0)"
**DIAG[optinfra/oiUtil.cpp:2148:getFallDelay]: Assert "(ta !=0) && (tlc_ !=0)"
**DIAG[optinfra/oiUtil.cpp:2137:getRiseDelay]: Assert "(ta !=0) && (tlc_ !=0)"
**DIAG[optinfra/oiUtil.cpp:2148:getFallDelay]: Assert "(ta !=0) && (tlc_ !=0)"
**DIAG[../../include/oiTmVNetlist.hpp:287:oiTmVInstTermCL]: Assert "timeLibContext_"
**DIAG[../../include/oiTmVNetlist.hpp:287:oiTmVInstTermCL]: Assert "timeLibContext_"
**DIAG[../../include/oiTmVNetlist.hpp:287:oiTmVInstTermCL]: Assert "timeLibContext_"
**DIAG[../../include/oiTmVNetlist.hpp:287:oiTmVInstTermCL]: Assert "timeLibContext_"
**DIAG[../../include/oiTmVNetlist.hpp:287:oiTmVInstTermCL]: Assert "timeLibContext_"
**DIAG[../../include/oiTmVNetlist.hpp:287:oiTmVInstTermCL]: Assert "timeLibContext_"
**DIAG[../../include/oiTmVNetlist.hpp:287:oiTmVInstTermCL]: Assert "timeLibContext_"
**DIAG[../../include/oiTmVNetlist.hpp:287:oiTmVInstTermCL]: Assert "timeLibContext_"
**DIAG[optinfra/oiUtil.cpp:2137:getRiseDelay]: Assert "(ta !=0) && (tlc_ !=0)"
**DIAG[optinfra/oiUtil.cpp:2148:getFallDelay]: Assert "(ta !=0) && (tlc_ !=0)"
**DIAG[optinfra/oiUtil.cpp:2137:getRiseDelay]: Assert "(ta !=0) && (tlc_ !=0)"
**DIAG[optinfra/oiUtil.cpp:2148:getFallDelay]: Assert "(ta !=0) && (tlc_ !=0)"
**DIAG[optinfra/oiUtil.cpp:2137:getRiseDelay]: Assert "(ta !=0) && (tlc_ !=0)"
**DIAG[optinfra/oiUtil.cpp:2148:getFallDelay]: Assert "(ta !=0) && (tlc_ !=0)"
**DIAG[../../include/oiTmVNetlist.hpp:287:oiTmVInstTermCL]: Assert "timeLibContext_"
**DIAG[../../include/oiTmVNetlist.hpp:287:oiTmVInstTermCL]: Assert "timeLibContext_"
**DIAG[../../include/oiTmVNetlist.hpp:287:oiTmVInstTermCL]: Assert "timeLibContext_"
**DIAG[../../include/oiTmVNetlist.hpp:287:oiTmVInstTermCL]: Assert "timeLibContext_"
**DIAG[../../include/oiTmVNetlist.hpp:287:oiTmVInstTermCL]: Assert "timeLibContext_"
**DIAG[../../include/oiTmVNetlist.hpp:287:oiTmVInstTermCL]: Assert "timeLibContext_"
**DIAG[../../include/oiTmVNetlist.hpp:287:oiTmVInstTermCL]: Assert "timeLibContext_"
**DIAG[../../include/oiTmVNetlist.hpp:287:oiTmVInstTermCL]: Assert "timeLibContext_"
**DIAG[optinfra/oiUtil.cpp:2137:getRiseDelay]: Assert "(ta !=0) && (tlc_ !=0)"
**DIAG[optinfra/oiUtil.cpp:2148:getFallDelay]: Assert "(ta !=0) && (tlc_ !=0)"
**DIAG[optinfra/oiUtil.cpp:2137:getRiseDelay]: Assert "(ta !=0) && (tlc_ !=0)"
**DIAG[optinfra/oiUtil.cpp:2148:getFallDelay]: Assert "(ta !=0) && (tlc_ !=0)"
**DIAG[optinfra/oiUtil.cpp:2137:getRiseDelay]: Assert "(ta !=0) && (tlc_ !=0)"
**DIAG[optinfra/oiUtil.cpp:2148:getFallDelay]: Assert "(ta !=0) && (tlc_ !=0)"
**DIAG[../../include/oiTmVNetlist.hpp:287:oiTmVInstTermCL]: Assert "timeLibContext_"
**DIAG[../../include/oiTmVNetlist.hpp:287:oiTmVInstTermCL]: Assert "timeLibContext_"
**DIAG[../../include/oiTmVNetlist.hpp:287:oiTmVInstTermCL]: Assert "timeLibContext_"
**DIAG[../../include/oiTmVNetlist.hpp:287:oiTmVInstTermCL]: Assert "timeLibContext_"
**DIAG[../../include/oiTmVNetlist.hpp:287:oiTmVInstTermCL]: Assert "timeLibContext_"
**DIAG[../../include/oiTmVNetlist.hpp:287:oiTmVInstTermCL]: Assert "timeLibContext_"
**DIAG[../../include/oiTmVNetlist.hpp:287:oiTmVInstTermCL]: Assert "timeLibContext_"
**DIAG[../../include/oiTmVNetlist.hpp:287:oiTmVInstTermCL]: Assert "timeLibContext_"
**DIAG[optinfra/oiUtil.cpp:2137:getRiseDelay]: Assert "(ta !=0) && (tlc_ !=0)"
**DIAG[optinfra/oiUtil.cpp:2148:getFallDelay]: Assert "(ta !=0) && (tlc_ !=0)"
**DIAG[optinfra/oiUtil.cpp:2137:getRiseDelay]: Assert "(ta !=0) && (tlc_ !=0)"
**DIAG[optinfra/oiUtil.cpp:2148:getFallDelay]: Assert "(ta !=0) && (tlc_ !=0)"
**DIAG[optinfra/oiUtil.cpp:2137:getRiseDelay]: Assert "(ta !=0) && (tlc_ !=0)"
**DIAG[optinfra/oiUtil.cpp:2148:getFallDelay]: Assert "(ta !=0) && (tlc_ !=0)"
**DIAG[../../include/oiTmVNetlist.hpp:287:oiTmVInstTermCL]: Assert "timeLibContext_"
**DIAG[../../include/oiTmVNetlist.hpp:287:oiTmVInstTermCL]: Assert "timeLibContext_"
**DIAG[../../include/oiTmVNetlist.hpp:287:oiTmVInstTermCL]: Assert "timeLibContext_"
**DIAG[../../include/oiTmVNetlist.hpp:287:oiTmVInstTermCL]: Assert "timeLibContext_"
**DIAG[../../include/oiTmVNetlist.hpp:287:oiTmVInstTermCL]: Assert "timeLibContext_"
**DIAG[../../include/oiTmVNetlist.hpp:287:oiTmVInstTermCL]: Assert "timeLibContext_"
**DIAG[../../include/oiTmVNetlist.hpp:287:oiTmVInstTermCL]: Assert "timeLibContext_"
**DIAG[../../include/oiTmVNetlist.hpp:287:oiTmVInstTermCL]: Assert "timeLibContext_"
**DIAG[optinfra/oiUtil.cpp:2137:getRiseDelay]: Assert "(ta !=0) && (tlc_ !=0)"
**DIAG[optinfra/oiUtil.cpp:2148:getFallDelay]: Assert "(ta !=0) && (tlc_ !=0)"
**DIAG[optinfra/oiUtil.cpp:2137:getRiseDelay]: Assert "(ta !=0) && (tlc_ !=0)"
**DIAG[optinfra/oiUtil.cpp:2148:getFallDelay]: Assert "(ta !=0) && (tlc_ !=0)"
**DIAG[optinfra/oiUtil.cpp:2137:getRiseDelay]: Assert "(ta !=0) && (tlc_ !=0)"
**DIAG[optinfra/oiUtil.cpp:2148:getFallDelay]: Assert "(ta !=0) && (tlc_ !=0)"
**DIAG[../../include/oiTmVNetlist.hpp:287:oiTmVInstTermCL]: Assert "timeLibContext_"
**DIAG[../../include/oiTmVNetlist.hpp:287:oiTmVInstTermCL]: Assert "timeLibContext_"
**DIAG[../../include/oiTmVNetlist.hpp:287:oiTmVInstTermCL]: Assert "timeLibContext_"
**DIAG[../../include/oiTmVNetlist.hpp:287:oiTmVInstTermCL]: Assert "timeLibContext_"
**DIAG[../../include/oiTmVNetlist.hpp:287:oiTmVInstTermCL]: Assert "timeLibContext_"
**DIAG[../../include/oiTmVNetlist.hpp:287:oiTmVInstTermCL]: Assert "timeLibContext_"
**DIAG[../../include/oiTmVNetlist.hpp:287:oiTmVInstTermCL]: Assert "timeLibContext_"
**DIAG[../../include/oiTmVNetlist.hpp:287:oiTmVInstTermCL]: Assert "timeLibContext_"
**DIAG[optinfra/oiUtil.cpp:2137:getRiseDelay]: Assert "(ta !=0) && (tlc_ !=0)"
**DIAG[optinfra/oiUtil.cpp:2148:getFallDelay]: Assert "(ta !=0) && (tlc_ !=0)"
**DIAG[optinfra/oiUtil.cpp:2137:getRiseDelay]: Assert "(ta !=0) && (tlc_ !=0)"
**DIAG[optinfra/oiUtil.cpp:2148:getFallDelay]: Assert "(ta !=0) && (tlc_ !=0)"
**DIAG[optinfra/oiUtil.cpp:2137:getRiseDelay]: Assert "(ta !=0) && (tlc_ !=0)"
**DIAG[optinfra/oiUtil.cpp:2148:getFallDelay]: Assert "(ta !=0) && (tlc_ !=0)"
**DIAG[../../include/oiTmVNetlist.hpp:287:oiTmVInstTermCL]: Assert "timeLibContext_"
**DIAG[../../include/oiTmVNetlist.hpp:287:oiTmVInstTermCL]: Assert "timeLibContext_"
**DIAG[../../include/oiTmVNetlist.hpp:287:oiTmVInstTermCL]: Assert "timeLibContext_"
**DIAG[../../include/oiTmVNetlist.hpp:287:oiTmVInstTermCL]: Assert "timeLibContext_"
**DIAG[../../include/oiTmVNetlist.hpp:287:oiTmVInstTermCL]: Assert "timeLibContext_"
**DIAG[../../include/oiTmVNetlist.hpp:287:oiTmVInstTermCL]: Assert "timeLibContext_"
**DIAG[../../include/oiTmVNetlist.hpp:287:oiTmVInstTermCL]: Assert "timeLibContext_"
**DIAG[../../include/oiTmVNetlist.hpp:287:oiTmVInstTermCL]: Assert "timeLibContext_"
**DIAG[optinfra/oiUtil.cpp:2137:getRiseDelay]: Assert "(ta !=0) && (tlc_ !=0)"
**DIAG[optinfra/oiUtil.cpp:2148:getFallDelay]: Assert "(ta !=0) && (tlc_ !=0)"
**DIAG[optinfra/oiUtil.cpp:2137:getRiseDelay]: Assert "(ta !=0) && (tlc_ !=0)"
**DIAG[optinfra/oiUtil.cpp:2148:getFallDelay]: Assert "(ta !=0) && (tlc_ !=0)"
**DIAG[optinfra/oiUtil.cpp:2137:getRiseDelay]: Assert "(ta !=0) && (tlc_ !=0)"
**DIAG[optinfra/oiUtil.cpp:2148:getFallDelay]: Assert "(ta !=0) && (tlc_ !=0)"
**DIAG[../../include/oiTmVNetlist.hpp:287:oiTmVInstTermCL]: Assert "timeLibContext_"
**DIAG[../../include/oiTmVNetlist.hpp:287:oiTmVInstTermCL]: Assert "timeLibContext_"
**DIAG[../../include/oiTmVNetlist.hpp:287:oiTmVInstTermCL]: Assert "timeLibContext_"
**DIAG[../../include/oiTmVNetlist.hpp:287:oiTmVInstTermCL]: Assert "timeLibContext_"
**DIAG[../../include/oiTmVNetlist.hpp:287:oiTmVInstTermCL]: Assert "timeLibContext_"
**DIAG[../../include/oiTmVNetlist.hpp:287:oiTmVInstTermCL]: Assert "timeLibContext_"
**DIAG[../../include/oiTmVNetlist.hpp:287:oiTmVInstTermCL]: Assert "timeLibContext_"
**DIAG[../../include/oiTmVNetlist.hpp:287:oiTmVInstTermCL]: Assert "timeLibContext_"
**DIAG[optinfra/oiUtil.cpp:2137:getRiseDelay]: Assert "(ta !=0) && (tlc_ !=0)"
**DIAG[optinfra/oiUtil.cpp:2148:getFallDelay]: Assert "(ta !=0) && (tlc_ !=0)"
**DIAG[optinfra/oiUtil.cpp:2137:getRiseDelay]: Assert "(ta !=0) && (tlc_ !=0)"
**DIAG[optinfra/oiUtil.cpp:2148:getFallDelay]: Assert "(ta !=0) && (tlc_ !=0)"
**DIAG[optinfra/oiUtil.cpp:2137:getRiseDelay]: Assert "(ta !=0) && (tlc_ !=0)"
**DIAG[optinfra/oiUtil.cpp:2148:getFallDelay]: Assert "(ta !=0) && (tlc_ !=0)"
**DIAG[../../include/oiTmVNetlist.hpp:287:oiTmVInstTermCL]: Assert "timeLibContext_"
**DIAG[../../include/oiTmVNetlist.hpp:287:oiTmVInstTermCL]: Assert "timeLibContext_"
**DIAG[../../include/oiTmVNetlist.hpp:287:oiTmVInstTermCL]: Assert "timeLibContext_"
**DIAG[../../include/oiTmVNetlist.hpp:287:oiTmVInstTermCL]: Assert "timeLibContext_"
**DIAG[../../include/oiTmVNetlist.hpp:287:oiTmVInstTermCL]: Assert "timeLibContext_"
**DIAG[../../include/oiTmVNetlist.hpp:287:oiTmVInstTermCL]: Assert "timeLibContext_"
**DIAG[../../include/oiTmVNetlist.hpp:287:oiTmVInstTermCL]: Assert "timeLibContext_"
**DIAG[../../include/oiTmVNetlist.hpp:287:oiTmVInstTermCL]: Assert "timeLibContext_"
**DIAG[optinfra/oiUtil.cpp:2137:getRiseDelay]: Assert "(ta !=0) && (tlc_ !=0)"
**DIAG[optinfra/oiUtil.cpp:2148:getFallDelay]: Assert "(ta !=0) && (tlc_ !=0)"
**DIAG[optinfra/oiUtil.cpp:2137:getRiseDelay]: Assert "(ta !=0) && (tlc_ !=0)"
**DIAG[optinfra/oiUtil.cpp:2148:getFallDelay]: Assert "(ta !=0) && (tlc_ !=0)"
**DIAG[optinfra/oiUtil.cpp:2137:getRiseDelay]: Assert "(ta !=0) && (tlc_ !=0)"
**DIAG[optinfra/oiUtil.cpp:2148:getFallDelay]: Assert "(ta !=0) && (tlc_ !=0)"
**DIAG[../../include/oiTmVNetlist.hpp:287:oiTmVInstTermCL]: Assert "timeLibContext_"
**DIAG[../../include/oiTmVNetlist.hpp:287:oiTmVInstTermCL]: Assert "timeLibContext_"
**DIAG[../../include/oiTmVNetlist.hpp:287:oiTmVInstTermCL]: Assert "timeLibContext_"
**DIAG[../../include/oiTmVNetlist.hpp:287:oiTmVInstTermCL]: Assert "timeLibContext_"
**DIAG[../../include/oiTmVNetlist.hpp:287:oiTmVInstTermCL]: Assert "timeLibContext_"
**DIAG[../../include/oiTmVNetlist.hpp:287:oiTmVInstTermCL]: Assert "timeLibContext_"
**DIAG[../../include/oiTmVNetlist.hpp:287:oiTmVInstTermCL]: Assert "timeLibContext_"
**DIAG[../../include/oiTmVNetlist.hpp:287:oiTmVInstTermCL]: Assert "timeLibContext_"
**DIAG[optinfra/oiUtil.cpp:2137:getRiseDelay]: Assert "(ta !=0) && (tlc_ !=0)"
**DIAG[optinfra/oiUtil.cpp:2148:getFallDelay]: Assert "(ta !=0) && (tlc_ !=0)"
**DIAG[optinfra/oiUtil.cpp:2137:getRiseDelay]: Assert "(ta !=0) && (tlc_ !=0)"
**DIAG[optinfra/oiUtil.cpp:2148:getFallDelay]: Assert "(ta !=0) && (tlc_ !=0)"
**DIAG[optinfra/oiUtil.cpp:2137:getRiseDelay]: Assert "(ta !=0) && (tlc_ !=0)"
**DIAG[optinfra/oiUtil.cpp:2148:getFallDelay]: Assert "(ta !=0) && (tlc_ !=0)"
**DIAG[../../include/oiTmVNetlist.hpp:287:oiTmVInstTermCL]: Assert "timeLibContext_"
**DIAG[../../include/oiTmVNetlist.hpp:287:oiTmVInstTermCL]: Assert "timeLibContext_"
**DIAG[../../include/oiTmVNetlist.hpp:287:oiTmVInstTermCL]: Assert "timeLibContext_"
**DIAG[../../include/oiTmVNetlist.hpp:287:oiTmVInstTermCL]: Assert "timeLibContext_"
**DIAG[../../include/oiTmVNetlist.hpp:287:oiTmVInstTermCL]: Assert "timeLibContext_"
**DIAG[../../include/oiTmVNetlist.hpp:287:oiTmVInstTermCL]: Assert "timeLibContext_"
**DIAG[../../include/oiTmVNetlist.hpp:287:oiTmVInstTermCL]: Assert "timeLibContext_"
**DIAG[../../include/oiTmVNetlist.hpp:287:oiTmVInstTermCL]: Assert "timeLibContext_"
**DIAG[optinfra/oiUtil.cpp:2137:getRiseDelay]: Assert "(ta !=0) && (tlc_ !=0)"
**DIAG[optinfra/oiUtil.cpp:2148:getFallDelay]: Assert "(ta !=0) && (tlc_ !=0)"
**DIAG[optinfra/oiUtil.cpp:2137:getRiseDelay]: Assert "(ta !=0) && (tlc_ !=0)"
**DIAG[optinfra/oiUtil.cpp:2148:getFallDelay]: Assert "(ta !=0) && (tlc_ !=0)"
**DIAG[optinfra/oiUtil.cpp:2137:getRiseDelay]: Assert "(ta !=0) && (tlc_ !=0)"
**DIAG[optinfra/oiUtil.cpp:2148:getFallDelay]: Assert "(ta !=0) && (tlc_ !=0)"
**DIAG[../../include/oiTmVNetlist.hpp:287:oiTmVInstTermCL]: Assert "timeLibContext_"
**DIAG[../../include/oiTmVNetlist.hpp:287:oiTmVInstTermCL]: Assert "timeLibContext_"
**DIAG[../../include/oiTmVNetlist.hpp:287:oiTmVInstTermCL]: Assert "timeLibContext_"
**DIAG[../../include/oiTmVNetlist.hpp:287:oiTmVInstTermCL]: Assert "timeLibContext_"
**DIAG[../../include/oiTmVNetlist.hpp:287:oiTmVInstTermCL]: Assert "timeLibContext_"
**DIAG[../../include/oiTmVNetlist.hpp:287:oiTmVInstTermCL]: Assert "timeLibContext_"
**DIAG[../../include/oiTmVNetlist.hpp:287:oiTmVInstTermCL]: Assert "timeLibContext_"
**DIAG[../../include/oiTmVNetlist.hpp:287:oiTmVInstTermCL]: Assert "timeLibContext_"
**DIAG[optinfra/oiUtil.cpp:2137:getRiseDelay]: Assert "(ta !=0) && (tlc_ !=0)"
**DIAG[optinfra/oiUtil.cpp:2148:getFallDelay]: Assert "(ta !=0) && (tlc_ !=0)"
**DIAG[optinfra/oiUtil.cpp:2137:getRiseDelay]: Assert "(ta !=0) && (tlc_ !=0)"
**DIAG[optinfra/oiUtil.cpp:2148:getFallDelay]: Assert "(ta !=0) && (tlc_ !=0)"
**DIAG[optinfra/oiUtil.cpp:2137:getRiseDelay]: Assert "(ta !=0) && (tlc_ !=0)"
**DIAG[optinfra/oiUtil.cpp:2148:getFallDelay]: Assert "(ta !=0) && (tlc_ !=0)"
**DIAG[../../include/oiTmVNetlist.hpp:287:oiTmVInstTermCL]: Assert "timeLibContext_"
**DIAG[../../include/oiTmVNetlist.hpp:287:oiTmVInstTermCL]: Assert "timeLibContext_"
**DIAG[../../include/oiTmVNetlist.hpp:287:oiTmVInstTermCL]: Assert "timeLibContext_"
**DIAG[../../include/oiTmVNetlist.hpp:287:oiTmVInstTermCL]: Assert "timeLibContext_"
**DIAG[../../include/oiTmVNetlist.hpp:287:oiTmVInstTermCL]: Assert "timeLibContext_"
**DIAG[../../include/oiTmVNetlist.hpp:287:oiTmVInstTermCL]: Assert "timeLibContext_"
**DIAG[../../include/oiTmVNetlist.hpp:287:oiTmVInstTermCL]: Assert "timeLibContext_"
**DIAG[../../include/oiTmVNetlist.hpp:287:oiTmVInstTermCL]: Assert "timeLibContext_"
**DIAG[optinfra/oiUtil.cpp:2137:getRiseDelay]: Assert "(ta !=0) && (tlc_ !=0)"
**DIAG[optinfra/oiUtil.cpp:2148:getFallDelay]: Assert "(ta !=0) && (tlc_ !=0)"
**DIAG[optinfra/oiUtil.cpp:2137:getRiseDelay]: Assert "(ta !=0) && (tlc_ !=0)"
**DIAG[optinfra/oiUtil.cpp:2148:getFallDelay]: Assert "(ta !=0) && (tlc_ !=0)"
**DIAG[optinfra/oiUtil.cpp:2137:getRiseDelay]: Assert "(ta !=0) && (tlc_ !=0)"
**DIAG[optinfra/oiUtil.cpp:2148:getFallDelay]: Assert "(ta !=0) && (tlc_ !=0)"
**DIAG[../../include/oiTmVNetlist.hpp:287:oiTmVInstTermCL]: Assert "timeLibContext_"
**DIAG[../../include/oiTmVNetlist.hpp:287:oiTmVInstTermCL]: Assert "timeLibContext_"
**DIAG[../../include/oiTmVNetlist.hpp:287:oiTmVInstTermCL]: Assert "timeLibContext_"
**DIAG[../../include/oiTmVNetlist.hpp:287:oiTmVInstTermCL]: Assert "timeLibContext_"
**DIAG[../../include/oiTmVNetlist.hpp:287:oiTmVInstTermCL]: Assert "timeLibContext_"
**DIAG[../../include/oiTmVNetlist.hpp:287:oiTmVInstTermCL]: Assert "timeLibContext_"
**DIAG[../../include/oiTmVNetlist.hpp:287:oiTmVInstTermCL]: Assert "timeLibContext_"
**DIAG[../../include/oiTmVNetlist.hpp:287:oiTmVInstTermCL]: Assert "timeLibContext_"
**DIAG[optinfra/oiUtil.cpp:2137:getRiseDelay]: Assert "(ta !=0) && (tlc_ !=0)"
**DIAG[optinfra/oiUtil.cpp:2148:getFallDelay]: Assert "(ta !=0) && (tlc_ !=0)"
**DIAG[optinfra/oiUtil.cpp:2137:getRiseDelay]: Assert "(ta !=0) && (tlc_ !=0)"
**DIAG[optinfra/oiUtil.cpp:2148:getFallDelay]: Assert "(ta !=0) && (tlc_ !=0)"
**DIAG[optinfra/oiUtil.cpp:2137:getRiseDelay]: Assert "(ta !=0) && (tlc_ !=0)"
**DIAG[optinfra/oiUtil.cpp:2148:getFallDelay]: Assert "(ta !=0) && (tlc_ !=0)"
**DIAG[../../include/oiTmVNetlist.hpp:287:oiTmVInstTermCL]: Assert "timeLibContext_"
**DIAG[../../include/oiTmVNetlist.hpp:287:oiTmVInstTermCL]: Assert "timeLibContext_"
**DIAG[../../include/oiTmVNetlist.hpp:287:oiTmVInstTermCL]: Assert "timeLibContext_"
**DIAG[../../include/oiTmVNetlist.hpp:287:oiTmVInstTermCL]: Assert "timeLibContext_"
**DIAG[../../include/oiTmVNetlist.hpp:287:oiTmVInstTermCL]: Assert "timeLibContext_"
**DIAG[../../include/oiTmVNetlist.hpp:287:oiTmVInstTermCL]: Assert "timeLibContext_"
**DIAG[../../include/oiTmVNetlist.hpp:287:oiTmVInstTermCL]: Assert "timeLibContext_"
**DIAG[../../include/oiTmVNetlist.hpp:287:oiTmVInstTermCL]: Assert "timeLibContext_"
**DIAG[optinfra/oiUtil.cpp:2137:getRiseDelay]: Assert "(ta !=0) && (tlc_ !=0)"
**DIAG[optinfra/oiUtil.cpp:2148:getFallDelay]: Assert "(ta !=0) && (tlc_ !=0)"
**DIAG[optinfra/oiUtil.cpp:2137:getRiseDelay]: Assert "(ta !=0) && (tlc_ !=0)"
**DIAG[optinfra/oiUtil.cpp:2148:getFallDelay]: Assert "(ta !=0) && (tlc_ !=0)"
**DIAG[optinfra/oiUtil.cpp:2137:getRiseDelay]: Assert "(ta !=0) && (tlc_ !=0)"
**DIAG[optinfra/oiUtil.cpp:2148:getFallDelay]: Assert "(ta !=0) && (tlc_ !=0)"
**DIAG[../../include/oiTmVNetlist.hpp:287:oiTmVInstTermCL]: Assert "timeLibContext_"
**DIAG[../../include/oiTmVNetlist.hpp:287:oiTmVInstTermCL]: Assert "timeLibContext_"
**DIAG[../../include/oiTmVNetlist.hpp:287:oiTmVInstTermCL]: Assert "timeLibContext_"
**DIAG[../../include/oiTmVNetlist.hpp:287:oiTmVInstTermCL]: Assert "timeLibContext_"
**DIAG[../../include/oiTmVNetlist.hpp:287:oiTmVInstTermCL]: Assert "timeLibContext_"
**DIAG[../../include/oiTmVNetlist.hpp:287:oiTmVInstTermCL]: Assert "timeLibContext_"
**DIAG[../../include/oiTmVNetlist.hpp:287:oiTmVInstTermCL]: Assert "timeLibContext_"
**DIAG[../../include/oiTmVNetlist.hpp:287:oiTmVInstTermCL]: Assert "timeLibContext_"
**DIAG[optinfra/oiUtil.cpp:2137:getRiseDelay]: Assert "(ta !=0) && (tlc_ !=0)"
**DIAG[optinfra/oiUtil.cpp:2148:getFallDelay]: Assert "(ta !=0) && (tlc_ !=0)"
**DIAG[optinfra/oiUtil.cpp:2137:getRiseDelay]: Assert "(ta !=0) && (tlc_ !=0)"
**DIAG[optinfra/oiUtil.cpp:2148:getFallDelay]: Assert "(ta !=0) && (tlc_ !=0)"
**DIAG[optinfra/oiUtil.cpp:2137:getRiseDelay]: Assert "(ta !=0) && (tlc_ !=0)"
**DIAG[optinfra/oiUtil.cpp:2148:getFallDelay]: Assert "(ta !=0) && (tlc_ !=0)"
**DIAG[../../include/oiTmVNetlist.hpp:287:oiTmVInstTermCL]: Assert "timeLibContext_"
**DIAG[../../include/oiTmVNetlist.hpp:287:oiTmVInstTermCL]: Assert "timeLibContext_"
**DIAG[../../include/oiTmVNetlist.hpp:287:oiTmVInstTermCL]: Assert "timeLibContext_"
**DIAG[../../include/oiTmVNetlist.hpp:287:oiTmVInstTermCL]: Assert "timeLibContext_"
**DIAG[../../include/oiTmVNetlist.hpp:287:oiTmVInstTermCL]: Assert "timeLibContext_"
**DIAG[../../include/oiTmVNetlist.hpp:287:oiTmVInstTermCL]: Assert "timeLibContext_"
**DIAG[../../include/oiTmVNetlist.hpp:287:oiTmVInstTermCL]: Assert "timeLibContext_"
**DIAG[../../include/oiTmVNetlist.hpp:287:oiTmVInstTermCL]: Assert "timeLibContext_"
**DIAG[optinfra/oiUtil.cpp:2137:getRiseDelay]: Assert "(ta !=0) && (tlc_ !=0)"
**DIAG[optinfra/oiUtil.cpp:2148:getFallDelay]: Assert "(ta !=0) && (tlc_ !=0)"
**DIAG[optinfra/oiUtil.cpp:2137:getRiseDelay]: Assert "(ta !=0) && (tlc_ !=0)"
**DIAG[optinfra/oiUtil.cpp:2148:getFallDelay]: Assert "(ta !=0) && (tlc_ !=0)"
**DIAG[optinfra/oiUtil.cpp:2137:getRiseDelay]: Assert "(ta !=0) && (tlc_ !=0)"
**DIAG[optinfra/oiUtil.cpp:2148:getFallDelay]: Assert "(ta !=0) && (tlc_ !=0)"
**DIAG[../../include/oiTmVNetlist.hpp:287:oiTmVInstTermCL]: Assert "timeLibContext_"
**DIAG[../../include/oiTmVNetlist.hpp:287:oiTmVInstTermCL]: Assert "timeLibContext_"
**DIAG[../../include/oiTmVNetlist.hpp:287:oiTmVInstTermCL]: Assert "timeLibContext_"
**DIAG[../../include/oiTmVNetlist.hpp:287:oiTmVInstTermCL]: Assert "timeLibContext_"
**DIAG[../../include/oiTmVNetlist.hpp:287:oiTmVInstTermCL]: Assert "timeLibContext_"
**DIAG[../../include/oiTmVNetlist.hpp:287:oiTmVInstTermCL]: Assert "timeLibContext_"
**DIAG[../../include/oiTmVNetlist.hpp:287:oiTmVInstTermCL]: Assert "timeLibContext_"
**DIAG[../../include/oiTmVNetlist.hpp:287:oiTmVInstTermCL]: Assert "timeLibContext_"
**DIAG[optinfra/oiUtil.cpp:2137:getRiseDelay]: Assert "(ta !=0) && (tlc_ !=0)"
**DIAG[optinfra/oiUtil.cpp:2148:getFallDelay]: Assert "(ta !=0) && (tlc_ !=0)"
**DIAG[optinfra/oiUtil.cpp:2137:getRiseDelay]: Assert "(ta !=0) && (tlc_ !=0)"
**DIAG[optinfra/oiUtil.cpp:2148:getFallDelay]: Assert "(ta !=0) && (tlc_ !=0)"
**DIAG[optinfra/oiUtil.cpp:2137:getRiseDelay]: Assert "(ta !=0) && (tlc_ !=0)"
**DIAG[optinfra/oiUtil.cpp:2148:getFallDelay]: Assert "(ta !=0) && (tlc_ !=0)"
**DIAG[../../include/oiTmVNetlist.hpp:287:oiTmVInstTermCL]: Assert "timeLibContext_"
**DIAG[../../include/oiTmVNetlist.hpp:287:oiTmVInstTermCL]: Assert "timeLibContext_"
**DIAG[../../include/oiTmVNetlist.hpp:287:oiTmVInstTermCL]: Assert "timeLibContext_"
**DIAG[../../include/oiTmVNetlist.hpp:287:oiTmVInstTermCL]: Assert "timeLibContext_"
**DIAG[../../include/oiTmVNetlist.hpp:287:oiTmVInstTermCL]: Assert "timeLibContext_"
**DIAG[../../include/oiTmVNetlist.hpp:287:oiTmVInstTermCL]: Assert "timeLibContext_"
**DIAG[../../include/oiTmVNetlist.hpp:287:oiTmVInstTermCL]: Assert "timeLibContext_"
**DIAG[../../include/oiTmVNetlist.hpp:287:oiTmVInstTermCL]: Assert "timeLibContext_"
**DIAG[optinfra/oiUtil.cpp:2137:getRiseDelay]: Assert "(ta !=0) && (tlc_ !=0)"
**DIAG[optinfra/oiUtil.cpp:2148:getFallDelay]: Assert "(ta !=0) && (tlc_ !=0)"
**DIAG[optinfra/oiUtil.cpp:2137:getRiseDelay]: Assert "(ta !=0) && (tlc_ !=0)"
**DIAG[optinfra/oiUtil.cpp:2148:getFallDelay]: Assert "(ta !=0) && (tlc_ !=0)"
**DIAG[optinfra/oiUtil.cpp:2137:getRiseDelay]: Assert "(ta !=0) && (tlc_ !=0)"
**DIAG[optinfra/oiUtil.cpp:2148:getFallDelay]: Assert "(ta !=0) && (tlc_ !=0)"
**DIAG[../../include/oiTmVNetlist.hpp:287:oiTmVInstTermCL]: Assert "timeLibContext_"
**DIAG[../../include/oiTmVNetlist.hpp:287:oiTmVInstTermCL]: Assert "timeLibContext_"
**DIAG[../../include/oiTmVNetlist.hpp:287:oiTmVInstTermCL]: Assert "timeLibContext_"
**DIAG[../../include/oiTmVNetlist.hpp:287:oiTmVInstTermCL]: Assert "timeLibContext_"
**DIAG[../../include/oiTmVNetlist.hpp:287:oiTmVInstTermCL]: Assert "timeLibContext_"
**DIAG[../../include/oiTmVNetlist.hpp:287:oiTmVInstTermCL]: Assert "timeLibContext_"
**DIAG[../../include/oiTmVNetlist.hpp:287:oiTmVInstTermCL]: Assert "timeLibContext_"
**DIAG[../../include/oiTmVNetlist.hpp:287:oiTmVInstTermCL]: Assert "timeLibContext_"
**DIAG[optinfra/oiUtil.cpp:2137:getRiseDelay]: Assert "(ta !=0) && (tlc_ !=0)"
**DIAG[optinfra/oiUtil.cpp:2148:getFallDelay]: Assert "(ta !=0) && (tlc_ !=0)"
**DIAG[optinfra/oiUtil.cpp:2137:getRiseDelay]: Assert "(ta !=0) && (tlc_ !=0)"
**DIAG[optinfra/oiUtil.cpp:2148:getFallDelay]: Assert "(ta !=0) && (tlc_ !=0)"
**DIAG[optinfra/oiUtil.cpp:2137:getRiseDelay]: Assert "(ta !=0) && (tlc_ !=0)"
**DIAG[optinfra/oiUtil.cpp:2148:getFallDelay]: Assert "(ta !=0) && (tlc_ !=0)"
**DIAG[../../include/oiTmVNetlist.hpp:287:oiTmVInstTermCL]: Assert "timeLibContext_"
**DIAG[../../include/oiTmVNetlist.hpp:287:oiTmVInstTermCL]: Assert "timeLibContext_"
**DIAG[../../include/oiTmVNetlist.hpp:287:oiTmVInstTermCL]: Assert "timeLibContext_"
**DIAG[../../include/oiTmVNetlist.hpp:287:oiTmVInstTermCL]: Assert "timeLibContext_"
**DIAG[../../include/oiTmVNetlist.hpp:287:oiTmVInstTermCL]: Assert "timeLibContext_"
**DIAG[../../include/oiTmVNetlist.hpp:287:oiTmVInstTermCL]: Assert "timeLibContext_"
**DIAG[../../include/oiTmVNetlist.hpp:287:oiTmVInstTermCL]: Assert "timeLibContext_"
**DIAG[../../include/oiTmVNetlist.hpp:287:oiTmVInstTermCL]: Assert "timeLibContext_"
**DIAG[optinfra/oiUtil.cpp:2137:getRiseDelay]: Assert "(ta !=0) && (tlc_ !=0)"
**DIAG[optinfra/oiUtil.cpp:2148:getFallDelay]: Assert "(ta !=0) && (tlc_ !=0)"
**DIAG[optinfra/oiUtil.cpp:2137:getRiseDelay]: Assert "(ta !=0) && (tlc_ !=0)"
**DIAG[optinfra/oiUtil.cpp:2148:getFallDelay]: Assert "(ta !=0) && (tlc_ !=0)"
**DIAG[optinfra/oiUtil.cpp:2137:getRiseDelay]: Assert "(ta !=0) && (tlc_ !=0)"
**DIAG[optinfra/oiUtil.cpp:2148:getFallDelay]: Assert "(ta !=0) && (tlc_ !=0)"
**DIAG[../../include/oiTmVNetlist.hpp:287:oiTmVInstTermCL]: Assert "timeLibContext_"
**DIAG[../../include/oiTmVNetlist.hpp:287:oiTmVInstTermCL]: Assert "timeLibContext_"
**DIAG[../../include/oiTmVNetlist.hpp:287:oiTmVInstTermCL]: Assert "timeLibContext_"
**DIAG[../../include/oiTmVNetlist.hpp:287:oiTmVInstTermCL]: Assert "timeLibContext_"
**DIAG[../../include/oiTmVNetlist.hpp:287:oiTmVInstTermCL]: Assert "timeLibContext_"
**DIAG[../../include/oiTmVNetlist.hpp:287:oiTmVInstTermCL]: Assert "timeLibContext_"
**DIAG[../../include/oiTmVNetlist.hpp:287:oiTmVInstTermCL]: Assert "timeLibContext_"
**DIAG[../../include/oiTmVNetlist.hpp:287:oiTmVInstTermCL]: Assert "timeLibContext_"
**DIAG[optinfra/oiUtil.cpp:2137:getRiseDelay]: Assert "(ta !=0) && (tlc_ !=0)"
**DIAG[optinfra/oiUtil.cpp:2148:getFallDelay]: Assert "(ta !=0) && (tlc_ !=0)"
**DIAG[optinfra/oiUtil.cpp:2137:getRiseDelay]: Assert "(ta !=0) && (tlc_ !=0)"
**DIAG[optinfra/oiUtil.cpp:2148:getFallDelay]: Assert "(ta !=0) && (tlc_ !=0)"
**DIAG[optinfra/oiUtil.cpp:2137:getRiseDelay]: Assert "(ta !=0) && (tlc_ !=0)"
**DIAG[optinfra/oiUtil.cpp:2148:getFallDelay]: Assert "(ta !=0) && (tlc_ !=0)"
**DIAG[../../include/oiTmVNetlist.hpp:287:oiTmVInstTermCL]: Assert "timeLibContext_"
**DIAG[../../include/oiTmVNetlist.hpp:287:oiTmVInstTermCL]: Assert "timeLibContext_"
**DIAG[../../include/oiTmVNetlist.hpp:287:oiTmVInstTermCL]: Assert "timeLibContext_"
**DIAG[../../include/oiTmVNetlist.hpp:287:oiTmVInstTermCL]: Assert "timeLibContext_"
**DIAG[../../include/oiTmVNetlist.hpp:287:oiTmVInstTermCL]: Assert "timeLibContext_"
**DIAG[../../include/oiTmVNetlist.hpp:287:oiTmVInstTermCL]: Assert "timeLibContext_"
**DIAG[../../include/oiTmVNetlist.hpp:287:oiTmVInstTermCL]: Assert "timeLibContext_"
**DIAG[../../include/oiTmVNetlist.hpp:287:oiTmVInstTermCL]: Assert "timeLibContext_"
**DIAG[optinfra/oiUtil.cpp:2137:getRiseDelay]: Assert "(ta !=0) && (tlc_ !=0)"
**DIAG[optinfra/oiUtil.cpp:2148:getFallDelay]: Assert "(ta !=0) && (tlc_ !=0)"
**DIAG[optinfra/oiUtil.cpp:2137:getRiseDelay]: Assert "(ta !=0) && (tlc_ !=0)"
**DIAG[optinfra/oiUtil.cpp:2148:getFallDelay]: Assert "(ta !=0) && (tlc_ !=0)"
**DIAG[optinfra/oiUtil.cpp:2137:getRiseDelay]: Assert "(ta !=0) && (tlc_ !=0)"
**DIAG[optinfra/oiUtil.cpp:2148:getFallDelay]: Assert "(ta !=0) && (tlc_ !=0)"
**DIAG[../../include/oiTmVNetlist.hpp:287:oiTmVInstTermCL]: Assert "timeLibContext_"
**DIAG[../../include/oiTmVNetlist.hpp:287:oiTmVInstTermCL]: Assert "timeLibContext_"
**DIAG[../../include/oiTmVNetlist.hpp:287:oiTmVInstTermCL]: Assert "timeLibContext_"
**DIAG[../../include/oiTmVNetlist.hpp:287:oiTmVInstTermCL]: Assert "timeLibContext_"
**DIAG[../../include/oiTmVNetlist.hpp:287:oiTmVInstTermCL]: Assert "timeLibContext_"
**DIAG[../../include/oiTmVNetlist.hpp:287:oiTmVInstTermCL]: Assert "timeLibContext_"
**DIAG[../../include/oiTmVNetlist.hpp:287:oiTmVInstTermCL]: Assert "timeLibContext_"
**DIAG[../../include/oiTmVNetlist.hpp:287:oiTmVInstTermCL]: Assert "timeLibContext_"
**DIAG[optinfra/oiUtil.cpp:2137:getRiseDelay]: Assert "(ta !=0) && (tlc_ !=0)"
**DIAG[optinfra/oiUtil.cpp:2148:getFallDelay]: Assert "(ta !=0) && (tlc_ !=0)"
**DIAG[optinfra/oiUtil.cpp:2137:getRiseDelay]: Assert "(ta !=0) && (tlc_ !=0)"
**DIAG[optinfra/oiUtil.cpp:2148:getFallDelay]: Assert "(ta !=0) && (tlc_ !=0)"
**DIAG[optinfra/oiUtil.cpp:2137:getRiseDelay]: Assert "(ta !=0) && (tlc_ !=0)"
**DIAG[optinfra/oiUtil.cpp:2148:getFallDelay]: Assert "(ta !=0) && (tlc_ !=0)"
**DIAG[../../include/oiTmVNetlist.hpp:287:oiTmVInstTermCL]: Assert "timeLibContext_"
**DIAG[../../include/oiTmVNetlist.hpp:287:oiTmVInstTermCL]: Assert "timeLibContext_"
**DIAG[../../include/oiTmVNetlist.hpp:287:oiTmVInstTermCL]: Assert "timeLibContext_"
**DIAG[../../include/oiTmVNetlist.hpp:287:oiTmVInstTermCL]: Assert "timeLibContext_"
**DIAG[../../include/oiTmVNetlist.hpp:287:oiTmVInstTermCL]: Assert "timeLibContext_"
**DIAG[../../include/oiTmVNetlist.hpp:287:oiTmVInstTermCL]: Assert "timeLibContext_"
**DIAG[../../include/oiTmVNetlist.hpp:287:oiTmVInstTermCL]: Assert "timeLibContext_"
**DIAG[../../include/oiTmVNetlist.hpp:287:oiTmVInstTermCL]: Assert "timeLibContext_"
**DIAG[optinfra/oiUtil.cpp:2137:getRiseDelay]: Assert "(ta !=0) && (tlc_ !=0)"
**DIAG[optinfra/oiUtil.cpp:2148:getFallDelay]: Assert "(ta !=0) && (tlc_ !=0)"
**DIAG[optinfra/oiUtil.cpp:2137:getRiseDelay]: Assert "(ta !=0) && (tlc_ !=0)"
**DIAG[optinfra/oiUtil.cpp:2148:getFallDelay]: Assert "(ta !=0) && (tlc_ !=0)"
**DIAG[optinfra/oiUtil.cpp:2137:getRiseDelay]: Assert "(ta !=0) && (tlc_ !=0)"
**DIAG[optinfra/oiUtil.cpp:2148:getFallDelay]: Assert "(ta !=0) && (tlc_ !=0)"
**DIAG[../../include/oiTmVNetlist.hpp:287:oiTmVInstTermCL]: Assert "timeLibContext_"
**DIAG[../../include/oiTmVNetlist.hpp:287:oiTmVInstTermCL]: Assert "timeLibContext_"
**DIAG[../../include/oiTmVNetlist.hpp:287:oiTmVInstTermCL]: Assert "timeLibContext_"
**DIAG[../../include/oiTmVNetlist.hpp:287:oiTmVInstTermCL]: Assert "timeLibContext_"
**DIAG[../../include/oiTmVNetlist.hpp:287:oiTmVInstTermCL]: Assert "timeLibContext_"
**DIAG[../../include/oiTmVNetlist.hpp:287:oiTmVInstTermCL]: Assert "timeLibContext_"
**DIAG[../../include/oiTmVNetlist.hpp:287:oiTmVInstTermCL]: Assert "timeLibContext_"
**DIAG[../../include/oiTmVNetlist.hpp:287:oiTmVInstTermCL]: Assert "timeLibContext_"
**DIAG[optinfra/oiUtil.cpp:2137:getRiseDelay]: Assert "(ta !=0) && (tlc_ !=0)"
**DIAG[optinfra/oiUtil.cpp:2148:getFallDelay]: Assert "(ta !=0) && (tlc_ !=0)"
**DIAG[optinfra/oiUtil.cpp:2137:getRiseDelay]: Assert "(ta !=0) && (tlc_ !=0)"
**DIAG[optinfra/oiUtil.cpp:2148:getFallDelay]: Assert "(ta !=0) && (tlc_ !=0)"
**DIAG[optinfra/oiUtil.cpp:2137:getRiseDelay]: Assert "(ta !=0) && (tlc_ !=0)"
**DIAG[optinfra/oiUtil.cpp:2148:getFallDelay]: Assert "(ta !=0) && (tlc_ !=0)"
**DIAG[../../include/oiTmVNetlist.hpp:287:oiTmVInstTermCL]: Assert "timeLibContext_"
**DIAG[../../include/oiTmVNetlist.hpp:287:oiTmVInstTermCL]: Assert "timeLibContext_"
**DIAG[../../include/oiTmVNetlist.hpp:287:oiTmVInstTermCL]: Assert "timeLibContext_"
**DIAG[../../include/oiTmVNetlist.hpp:287:oiTmVInstTermCL]: Assert "timeLibContext_"
**DIAG[../../include/oiTmVNetlist.hpp:287:oiTmVInstTermCL]: Assert "timeLibContext_"
**DIAG[../../include/oiTmVNetlist.hpp:287:oiTmVInstTermCL]: Assert "timeLibContext_"
**DIAG[../../include/oiTmVNetlist.hpp:287:oiTmVInstTermCL]: Assert "timeLibContext_"
**DIAG[../../include/oiTmVNetlist.hpp:287:oiTmVInstTermCL]: Assert "timeLibContext_"
**DIAG[optinfra/oiUtil.cpp:2137:getRiseDelay]: Assert "(ta !=0) && (tlc_ !=0)"
**DIAG[optinfra/oiUtil.cpp:2148:getFallDelay]: Assert "(ta !=0) && (tlc_ !=0)"
**DIAG[optinfra/oiUtil.cpp:2137:getRiseDelay]: Assert "(ta !=0) && (tlc_ !=0)"
**DIAG[optinfra/oiUtil.cpp:2148:getFallDelay]: Assert "(ta !=0) && (tlc_ !=0)"
**DIAG[optinfra/oiUtil.cpp:2137:getRiseDelay]: Assert "(ta !=0) && (tlc_ !=0)"
**DIAG[optinfra/oiUtil.cpp:2148:getFallDelay]: Assert "(ta !=0) && (tlc_ !=0)"
**DIAG[../../include/oiTmVNetlist.hpp:287:oiTmVInstTermCL]: Assert "timeLibContext_"
**DIAG[../../include/oiTmVNetlist.hpp:287:oiTmVInstTermCL]: Assert "timeLibContext_"
**DIAG[../../include/oiTmVNetlist.hpp:287:oiTmVInstTermCL]: Assert "timeLibContext_"
**DIAG[../../include/oiTmVNetlist.hpp:287:oiTmVInstTermCL]: Assert "timeLibContext_"
**DIAG[../../include/oiTmVNetlist.hpp:287:oiTmVInstTermCL]: Assert "timeLibContext_"
**DIAG[../../include/oiTmVNetlist.hpp:287:oiTmVInstTermCL]: Assert "timeLibContext_"
**DIAG[../../include/oiTmVNetlist.hpp:287:oiTmVInstTermCL]: Assert "timeLibContext_"
**DIAG[../../include/oiTmVNetlist.hpp:287:oiTmVInstTermCL]: Assert "timeLibContext_"
**DIAG[optinfra/oiUtil.cpp:2137:getRiseDelay]: Assert "(ta !=0) && (tlc_ !=0)"
**DIAG[optinfra/oiUtil.cpp:2148:getFallDelay]: Assert "(ta !=0) && (tlc_ !=0)"
**DIAG[optinfra/oiUtil.cpp:2137:getRiseDelay]: Assert "(ta !=0) && (tlc_ !=0)"
**DIAG[optinfra/oiUtil.cpp:2148:getFallDelay]: Assert "(ta !=0) && (tlc_ !=0)"
**DIAG[optinfra/oiUtil.cpp:2137:getRiseDelay]: Assert "(ta !=0) && (tlc_ !=0)"
**DIAG[optinfra/oiUtil.cpp:2148:getFallDelay]: Assert "(ta !=0) && (tlc_ !=0)"
**DIAG[../../include/oiTmVNetlist.hpp:287:oiTmVInstTermCL]: Assert "timeLibContext_"
**DIAG[../../include/oiTmVNetlist.hpp:287:oiTmVInstTermCL]: Assert "timeLibContext_"
**DIAG[../../include/oiTmVNetlist.hpp:287:oiTmVInstTermCL]: Assert "timeLibContext_"
**DIAG[../../include/oiTmVNetlist.hpp:287:oiTmVInstTermCL]: Assert "timeLibContext_"
**DIAG[../../include/oiTmVNetlist.hpp:287:oiTmVInstTermCL]: Assert "timeLibContext_"
**DIAG[../../include/oiTmVNetlist.hpp:287:oiTmVInstTermCL]: Assert "timeLibContext_"
**DIAG[../../include/oiTmVNetlist.hpp:287:oiTmVInstTermCL]: Assert "timeLibContext_"
**DIAG[../../include/oiTmVNetlist.hpp:287:oiTmVInstTermCL]: Assert "timeLibContext_"
**DIAG[optinfra/oiUtil.cpp:2137:getRiseDelay]: Assert "(ta !=0) && (tlc_ !=0)"
**DIAG[optinfra/oiUtil.cpp:2148:getFallDelay]: Assert "(ta !=0) && (tlc_ !=0)"
**DIAG[optinfra/oiUtil.cpp:2137:getRiseDelay]: Assert "(ta !=0) && (tlc_ !=0)"
**DIAG[optinfra/oiUtil.cpp:2148:getFallDelay]: Assert "(ta !=0) && (tlc_ !=0)"
**DIAG[optinfra/oiUtil.cpp:2137:getRiseDelay]: Assert "(ta !=0) && (tlc_ !=0)"
**DIAG[optinfra/oiUtil.cpp:2148:getFallDelay]: Assert "(ta !=0) && (tlc_ !=0)"
**DIAG[../../include/oiTmVNetlist.hpp:287:oiTmVInstTermCL]: Assert "timeLibContext_"
**DIAG[../../include/oiTmVNetlist.hpp:287:oiTmVInstTermCL]: Assert "timeLibContext_"
**DIAG[../../include/oiTmVNetlist.hpp:287:oiTmVInstTermCL]: Assert "timeLibContext_"
**DIAG[../../include/oiTmVNetlist.hpp:287:oiTmVInstTermCL]: Assert "timeLibContext_"
**DIAG[../../include/oiTmVNetlist.hpp:287:oiTmVInstTermCL]: Assert "timeLibContext_"
**DIAG[../../include/oiTmVNetlist.hpp:287:oiTmVInstTermCL]: Assert "timeLibContext_"
**DIAG[../../include/oiTmVNetlist.hpp:287:oiTmVInstTermCL]: Assert "timeLibContext_"
**DIAG[../../include/oiTmVNetlist.hpp:287:oiTmVInstTermCL]: Assert "timeLibContext_"
**DIAG[optinfra/oiUtil.cpp:2137:getRiseDelay]: Assert "(ta !=0) && (tlc_ !=0)"
**DIAG[optinfra/oiUtil.cpp:2148:getFallDelay]: Assert "(ta !=0) && (tlc_ !=0)"
**DIAG[optinfra/oiUtil.cpp:2137:getRiseDelay]: Assert "(ta !=0) && (tlc_ !=0)"
**DIAG[optinfra/oiUtil.cpp:2148:getFallDelay]: Assert "(ta !=0) && (tlc_ !=0)"
**DIAG[optinfra/oiUtil.cpp:2137:getRiseDelay]: Assert "(ta !=0) && (tlc_ !=0)"
**DIAG[optinfra/oiUtil.cpp:2148:getFallDelay]: Assert "(ta !=0) && (tlc_ !=0)"
**DIAG[../../include/oiTmVNetlist.hpp:287:oiTmVInstTermCL]: Assert "timeLibContext_"
**DIAG[../../include/oiTmVNetlist.hpp:287:oiTmVInstTermCL]: Assert "timeLibContext_"
**DIAG[../../include/oiTmVNetlist.hpp:287:oiTmVInstTermCL]: Assert "timeLibContext_"
**DIAG[../../include/oiTmVNetlist.hpp:287:oiTmVInstTermCL]: Assert "timeLibContext_"
**DIAG[../../include/oiTmVNetlist.hpp:287:oiTmVInstTermCL]: Assert "timeLibContext_"
**DIAG[../../include/oiTmVNetlist.hpp:287:oiTmVInstTermCL]: Assert "timeLibContext_"
**DIAG[../../include/oiTmVNetlist.hpp:287:oiTmVInstTermCL]: Assert "timeLibContext_"
**DIAG[../../include/oiTmVNetlist.hpp:287:oiTmVInstTermCL]: Assert "timeLibContext_"
**DIAG[optinfra/oiUtil.cpp:2137:getRiseDelay]: Assert "(ta !=0) && (tlc_ !=0)"
**DIAG[optinfra/oiUtil.cpp:2148:getFallDelay]: Assert "(ta !=0) && (tlc_ !=0)"
**DIAG[optinfra/oiUtil.cpp:2137:getRiseDelay]: Assert "(ta !=0) && (tlc_ !=0)"
**DIAG[optinfra/oiUtil.cpp:2148:getFallDelay]: Assert "(ta !=0) && (tlc_ !=0)"
**DIAG[optinfra/oiUtil.cpp:2137:getRiseDelay]: Assert "(ta !=0) && (tlc_ !=0)"
**DIAG[optinfra/oiUtil.cpp:2148:getFallDelay]: Assert "(ta !=0) && (tlc_ !=0)"
**DIAG[../../include/oiTmVNetlist.hpp:287:oiTmVInstTermCL]: Assert "timeLibContext_"
**DIAG[../../include/oiTmVNetlist.hpp:287:oiTmVInstTermCL]: Assert "timeLibContext_"
**DIAG[../../include/oiTmVNetlist.hpp:287:oiTmVInstTermCL]: Assert "timeLibContext_"
**DIAG[../../include/oiTmVNetlist.hpp:287:oiTmVInstTermCL]: Assert "timeLibContext_"
**DIAG[../../include/oiTmVNetlist.hpp:287:oiTmVInstTermCL]: Assert "timeLibContext_"
**DIAG[../../include/oiTmVNetlist.hpp:287:oiTmVInstTermCL]: Assert "timeLibContext_"
**DIAG[../../include/oiTmVNetlist.hpp:287:oiTmVInstTermCL]: Assert "timeLibContext_"
**DIAG[../../include/oiTmVNetlist.hpp:287:oiTmVInstTermCL]: Assert "timeLibContext_"
**DIAG[optinfra/oiUtil.cpp:2137:getRiseDelay]: Assert "(ta !=0) && (tlc_ !=0)"
**DIAG[optinfra/oiUtil.cpp:2148:getFallDelay]: Assert "(ta !=0) && (tlc_ !=0)"
**DIAG[optinfra/oiUtil.cpp:2137:getRiseDelay]: Assert "(ta !=0) && (tlc_ !=0)"
**DIAG[optinfra/oiUtil.cpp:2148:getFallDelay]: Assert "(ta !=0) && (tlc_ !=0)"
**DIAG[optinfra/oiUtil.cpp:2137:getRiseDelay]: Assert "(ta !=0) && (tlc_ !=0)"
**DIAG[optinfra/oiUtil.cpp:2148:getFallDelay]: Assert "(ta !=0) && (tlc_ !=0)"
**DIAG[../../include/oiTmVNetlist.hpp:287:oiTmVInstTermCL]: Assert "timeLibContext_"
**DIAG[../../include/oiTmVNetlist.hpp:287:oiTmVInstTermCL]: Assert "timeLibContext_"
**DIAG[../../include/oiTmVNetlist.hpp:287:oiTmVInstTermCL]: Assert "timeLibContext_"
**DIAG[../../include/oiTmVNetlist.hpp:287:oiTmVInstTermCL]: Assert "timeLibContext_"
**DIAG[../../include/oiTmVNetlist.hpp:287:oiTmVInstTermCL]: Assert "timeLibContext_"
**DIAG[../../include/oiTmVNetlist.hpp:287:oiTmVInstTermCL]: Assert "timeLibContext_"
**DIAG[../../include/oiTmVNetlist.hpp:287:oiTmVInstTermCL]: Assert "timeLibContext_"
**DIAG[../../include/oiTmVNetlist.hpp:287:oiTmVInstTermCL]: Assert "timeLibContext_"
**DIAG[optinfra/oiUtil.cpp:2137:getRiseDelay]: Assert "(ta !=0) && (tlc_ !=0)"
**DIAG[optinfra/oiUtil.cpp:2148:getFallDelay]: Assert "(ta !=0) && (tlc_ !=0)"
**DIAG[optinfra/oiUtil.cpp:2137:getRiseDelay]: Assert "(ta !=0) && (tlc_ !=0)"
**DIAG[optinfra/oiUtil.cpp:2148:getFallDelay]: Assert "(ta !=0) && (tlc_ !=0)"
**DIAG[optinfra/oiUtil.cpp:2137:getRiseDelay]: Assert "(ta !=0) && (tlc_ !=0)"
**DIAG[optinfra/oiUtil.cpp:2148:getFallDelay]: Assert "(ta !=0) && (tlc_ !=0)"
**DIAG[../../include/oiTmVNetlist.hpp:287:oiTmVInstTermCL]: Assert "timeLibContext_"
**DIAG[../../include/oiTmVNetlist.hpp:287:oiTmVInstTermCL]: Assert "timeLibContext_"
**DIAG[../../include/oiTmVNetlist.hpp:287:oiTmVInstTermCL]: Assert "timeLibContext_"
**DIAG[../../include/oiTmVNetlist.hpp:287:oiTmVInstTermCL]: Assert "timeLibContext_"
**DIAG[../../include/oiTmVNetlist.hpp:287:oiTmVInstTermCL]: Assert "timeLibContext_"
**DIAG[../../include/oiTmVNetlist.hpp:287:oiTmVInstTermCL]: Assert "timeLibContext_"
**DIAG[../../include/oiTmVNetlist.hpp:287:oiTmVInstTermCL]: Assert "timeLibContext_"
**DIAG[../../include/oiTmVNetlist.hpp:287:oiTmVInstTermCL]: Assert "timeLibContext_"
**DIAG[optinfra/oiUtil.cpp:2137:getRiseDelay]: Assert "(ta !=0) && (tlc_ !=0)"
**DIAG[optinfra/oiUtil.cpp:2148:getFallDelay]: Assert "(ta !=0) && (tlc_ !=0)"
**DIAG[optinfra/oiUtil.cpp:2137:getRiseDelay]: Assert "(ta !=0) && (tlc_ !=0)"
**DIAG[optinfra/oiUtil.cpp:2148:getFallDelay]: Assert "(ta !=0) && (tlc_ !=0)"
**DIAG[optinfra/oiUtil.cpp:2137:getRiseDelay]: Assert "(ta !=0) && (tlc_ !=0)"
**DIAG[optinfra/oiUtil.cpp:2148:getFallDelay]: Assert "(ta !=0) && (tlc_ !=0)"
**DIAG[../../include/oiTmVNetlist.hpp:287:oiTmVInstTermCL]: Assert "timeLibContext_"
**DIAG[../../include/oiTmVNetlist.hpp:287:oiTmVInstTermCL]: Assert "timeLibContext_"
**DIAG[../../include/oiTmVNetlist.hpp:287:oiTmVInstTermCL]: Assert "timeLibContext_"
**DIAG[../../include/oiTmVNetlist.hpp:287:oiTmVInstTermCL]: Assert "timeLibContext_"
**DIAG[../../include/oiTmVNetlist.hpp:287:oiTmVInstTermCL]: Assert "timeLibContext_"
**DIAG[../../include/oiTmVNetlist.hpp:287:oiTmVInstTermCL]: Assert "timeLibContext_"
**DIAG[../../include/oiTmVNetlist.hpp:287:oiTmVInstTermCL]: Assert "timeLibContext_"
**DIAG[../../include/oiTmVNetlist.hpp:287:oiTmVInstTermCL]: Assert "timeLibContext_"
**DIAG[optinfra/oiUtil.cpp:2137:getRiseDelay]: Assert "(ta !=0) && (tlc_ !=0)"
**DIAG[optinfra/oiUtil.cpp:2148:getFallDelay]: Assert "(ta !=0) && (tlc_ !=0)"
**DIAG[optinfra/oiUtil.cpp:2137:getRiseDelay]: Assert "(ta !=0) && (tlc_ !=0)"
**DIAG[optinfra/oiUtil.cpp:2148:getFallDelay]: Assert "(ta !=0) && (tlc_ !=0)"
**DIAG[optinfra/oiUtil.cpp:2137:getRiseDelay]: Assert "(ta !=0) && (tlc_ !=0)"
**DIAG[optinfra/oiUtil.cpp:2148:getFallDelay]: Assert "(ta !=0) && (tlc_ !=0)"
**DIAG[../../include/oiTmVNetlist.hpp:287:oiTmVInstTermCL]: Assert "timeLibContext_"
**DIAG[../../include/oiTmVNetlist.hpp:287:oiTmVInstTermCL]: Assert "timeLibContext_"
**DIAG[../../include/oiTmVNetlist.hpp:287:oiTmVInstTermCL]: Assert "timeLibContext_"
**DIAG[../../include/oiTmVNetlist.hpp:287:oiTmVInstTermCL]: Assert "timeLibContext_"
**DIAG[../../include/oiTmVNetlist.hpp:287:oiTmVInstTermCL]: Assert "timeLibContext_"
**DIAG[../../include/oiTmVNetlist.hpp:287:oiTmVInstTermCL]: Assert "timeLibContext_"
**DIAG[../../include/oiTmVNetlist.hpp:287:oiTmVInstTermCL]: Assert "timeLibContext_"
**DIAG[../../include/oiTmVNetlist.hpp:287:oiTmVInstTermCL]: Assert "timeLibContext_"
**DIAG[optinfra/oiUtil.cpp:2137:getRiseDelay]: Assert "(ta !=0) && (tlc_ !=0)"
**DIAG[optinfra/oiUtil.cpp:2148:getFallDelay]: Assert "(ta !=0) && (tlc_ !=0)"
**DIAG[optinfra/oiUtil.cpp:2137:getRiseDelay]: Assert "(ta !=0) && (tlc_ !=0)"
**DIAG[optinfra/oiUtil.cpp:2148:getFallDelay]: Assert "(ta !=0) && (tlc_ !=0)"
**DIAG[optinfra/oiUtil.cpp:2137:getRiseDelay]: Assert "(ta !=0) && (tlc_ !=0)"
**DIAG[optinfra/oiUtil.cpp:2148:getFallDelay]: Assert "(ta !=0) && (tlc_ !=0)"
**DIAG[../../include/oiTmVNetlist.hpp:287:oiTmVInstTermCL]: Assert "timeLibContext_"
**DIAG[../../include/oiTmVNetlist.hpp:287:oiTmVInstTermCL]: Assert "timeLibContext_"
**DIAG[../../include/oiTmVNetlist.hpp:287:oiTmVInstTermCL]: Assert "timeLibContext_"
**DIAG[../../include/oiTmVNetlist.hpp:287:oiTmVInstTermCL]: Assert "timeLibContext_"
**DIAG[../../include/oiTmVNetlist.hpp:287:oiTmVInstTermCL]: Assert "timeLibContext_"
**DIAG[../../include/oiTmVNetlist.hpp:287:oiTmVInstTermCL]: Assert "timeLibContext_"
**DIAG[../../include/oiTmVNetlist.hpp:287:oiTmVInstTermCL]: Assert "timeLibContext_"
**DIAG[../../include/oiTmVNetlist.hpp:287:oiTmVInstTermCL]: Assert "timeLibContext_"
**DIAG[optinfra/oiUtil.cpp:2137:getRiseDelay]: Assert "(ta !=0) && (tlc_ !=0)"
**DIAG[optinfra/oiUtil.cpp:2148:getFallDelay]: Assert "(ta !=0) && (tlc_ !=0)"
**DIAG[optinfra/oiUtil.cpp:2137:getRiseDelay]: Assert "(ta !=0) && (tlc_ !=0)"
**DIAG[optinfra/oiUtil.cpp:2148:getFallDelay]: Assert "(ta !=0) && (tlc_ !=0)"
**DIAG[optinfra/oiUtil.cpp:2137:getRiseDelay]: Assert "(ta !=0) && (tlc_ !=0)"
**DIAG[optinfra/oiUtil.cpp:2148:getFallDelay]: Assert "(ta !=0) && (tlc_ !=0)"
**DIAG[../../include/oiTmVNetlist.hpp:287:oiTmVInstTermCL]: Assert "timeLibContext_"
**DIAG[../../include/oiTmVNetlist.hpp:287:oiTmVInstTermCL]: Assert "timeLibContext_"
**DIAG[../../include/oiTmVNetlist.hpp:287:oiTmVInstTermCL]: Assert "timeLibContext_"
**DIAG[../../include/oiTmVNetlist.hpp:287:oiTmVInstTermCL]: Assert "timeLibContext_"
**DIAG[../../include/oiTmVNetlist.hpp:287:oiTmVInstTermCL]: Assert "timeLibContext_"
**DIAG[../../include/oiTmVNetlist.hpp:287:oiTmVInstTermCL]: Assert "timeLibContext_"
**DIAG[../../include/oiTmVNetlist.hpp:287:oiTmVInstTermCL]: Assert "timeLibContext_"
**DIAG[../../include/oiTmVNetlist.hpp:287:oiTmVInstTermCL]: Assert "timeLibContext_"
**DIAG[optinfra/oiUtil.cpp:2137:getRiseDelay]: Assert "(ta !=0) && (tlc_ !=0)"
**DIAG[optinfra/oiUtil.cpp:2148:getFallDelay]: Assert "(ta !=0) && (tlc_ !=0)"
**DIAG[optinfra/oiUtil.cpp:2137:getRiseDelay]: Assert "(ta !=0) && (tlc_ !=0)"
**DIAG[optinfra/oiUtil.cpp:2148:getFallDelay]: Assert "(ta !=0) && (tlc_ !=0)"
**DIAG[optinfra/oiUtil.cpp:2137:getRiseDelay]: Assert "(ta !=0) && (tlc_ !=0)"
**DIAG[optinfra/oiUtil.cpp:2148:getFallDelay]: Assert "(ta !=0) && (tlc_ !=0)"
**DIAG[../../include/oiTmVNetlist.hpp:287:oiTmVInstTermCL]: Assert "timeLibContext_"
**DIAG[../../include/oiTmVNetlist.hpp:287:oiTmVInstTermCL]: Assert "timeLibContext_"
**DIAG[../../include/oiTmVNetlist.hpp:287:oiTmVInstTermCL]: Assert "timeLibContext_"
**DIAG[../../include/oiTmVNetlist.hpp:287:oiTmVInstTermCL]: Assert "timeLibContext_"
**DIAG[../../include/oiTmVNetlist.hpp:287:oiTmVInstTermCL]: Assert "timeLibContext_"
**DIAG[../../include/oiTmVNetlist.hpp:287:oiTmVInstTermCL]: Assert "timeLibContext_"
**DIAG[../../include/oiTmVNetlist.hpp:287:oiTmVInstTermCL]: Assert "timeLibContext_"
**DIAG[../../include/oiTmVNetlist.hpp:287:oiTmVInstTermCL]: Assert "timeLibContext_"
**DIAG[optinfra/oiUtil.cpp:2137:getRiseDelay]: Assert "(ta !=0) && (tlc_ !=0)"
**DIAG[optinfra/oiUtil.cpp:2148:getFallDelay]: Assert "(ta !=0) && (tlc_ !=0)"
**DIAG[optinfra/oiUtil.cpp:2137:getRiseDelay]: Assert "(ta !=0) && (tlc_ !=0)"
**DIAG[optinfra/oiUtil.cpp:2148:getFallDelay]: Assert "(ta !=0) && (tlc_ !=0)"
**DIAG[optinfra/oiUtil.cpp:2137:getRiseDelay]: Assert "(ta !=0) && (tlc_ !=0)"
**DIAG[optinfra/oiUtil.cpp:2148:getFallDelay]: Assert "(ta !=0) && (tlc_ !=0)"
**DIAG[../../include/oiTmVNetlist.hpp:287:oiTmVInstTermCL]: Assert "timeLibContext_"
**DIAG[../../include/oiTmVNetlist.hpp:287:oiTmVInstTermCL]: Assert "timeLibContext_"
**DIAG[../../include/oiTmVNetlist.hpp:287:oiTmVInstTermCL]: Assert "timeLibContext_"
**DIAG[../../include/oiTmVNetlist.hpp:287:oiTmVInstTermCL]: Assert "timeLibContext_"
**DIAG[../../include/oiTmVNetlist.hpp:287:oiTmVInstTermCL]: Assert "timeLibContext_"
**DIAG[../../include/oiTmVNetlist.hpp:287:oiTmVInstTermCL]: Assert "timeLibContext_"
**DIAG[../../include/oiTmVNetlist.hpp:287:oiTmVInstTermCL]: Assert "timeLibContext_"
**DIAG[../../include/oiTmVNetlist.hpp:287:oiTmVInstTermCL]: Assert "timeLibContext_"
**DIAG[optinfra/oiUtil.cpp:2137:getRiseDelay]: Assert "(ta !=0) && (tlc_ !=0)"
**DIAG[optinfra/oiUtil.cpp:2148:getFallDelay]: Assert "(ta !=0) && (tlc_ !=0)"
**DIAG[optinfra/oiUtil.cpp:2137:getRiseDelay]: Assert "(ta !=0) && (tlc_ !=0)"
**DIAG[optinfra/oiUtil.cpp:2148:getFallDelay]: Assert "(ta !=0) && (tlc_ !=0)"
**DIAG[optinfra/oiUtil.cpp:2137:getRiseDelay]: Assert "(ta !=0) && (tlc_ !=0)"
**DIAG[optinfra/oiUtil.cpp:2148:getFallDelay]: Assert "(ta !=0) && (tlc_ !=0)"
**DIAG[../../include/oiTmVNetlist.hpp:287:oiTmVInstTermCL]: Assert "timeLibContext_"
**DIAG[../../include/oiTmVNetlist.hpp:287:oiTmVInstTermCL]: Assert "timeLibContext_"
**DIAG[../../include/oiTmVNetlist.hpp:287:oiTmVInstTermCL]: Assert "timeLibContext_"
**DIAG[../../include/oiTmVNetlist.hpp:287:oiTmVInstTermCL]: Assert "timeLibContext_"
**DIAG[../../include/oiTmVNetlist.hpp:287:oiTmVInstTermCL]: Assert "timeLibContext_"
**DIAG[../../include/oiTmVNetlist.hpp:287:oiTmVInstTermCL]: Assert "timeLibContext_"
**DIAG[../../include/oiTmVNetlist.hpp:287:oiTmVInstTermCL]: Assert "timeLibContext_"
**DIAG[../../include/oiTmVNetlist.hpp:287:oiTmVInstTermCL]: Assert "timeLibContext_"
**DIAG[optinfra/oiUtil.cpp:2137:getRiseDelay]: Assert "(ta !=0) && (tlc_ !=0)"
**DIAG[optinfra/oiUtil.cpp:2148:getFallDelay]: Assert "(ta !=0) && (tlc_ !=0)"
**DIAG[optinfra/oiUtil.cpp:2137:getRiseDelay]: Assert "(ta !=0) && (tlc_ !=0)"
**DIAG[optinfra/oiUtil.cpp:2148:getFallDelay]: Assert "(ta !=0) && (tlc_ !=0)"
**DIAG[optinfra/oiUtil.cpp:2137:getRiseDelay]: Assert "(ta !=0) && (tlc_ !=0)"
**DIAG[optinfra/oiUtil.cpp:2148:getFallDelay]: Assert "(ta !=0) && (tlc_ !=0)"
**DIAG[../../include/oiTmVNetlist.hpp:287:oiTmVInstTermCL]: Assert "timeLibContext_"
**DIAG[../../include/oiTmVNetlist.hpp:287:oiTmVInstTermCL]: Assert "timeLibContext_"
**DIAG[../../include/oiTmVNetlist.hpp:287:oiTmVInstTermCL]: Assert "timeLibContext_"
**DIAG[../../include/oiTmVNetlist.hpp:287:oiTmVInstTermCL]: Assert "timeLibContext_"
**DIAG[../../include/oiTmVNetlist.hpp:287:oiTmVInstTermCL]: Assert "timeLibContext_"
**DIAG[../../include/oiTmVNetlist.hpp:287:oiTmVInstTermCL]: Assert "timeLibContext_"
**DIAG[../../include/oiTmVNetlist.hpp:287:oiTmVInstTermCL]: Assert "timeLibContext_"
**DIAG[../../include/oiTmVNetlist.hpp:287:oiTmVInstTermCL]: Assert "timeLibContext_"
**DIAG[optinfra/oiUtil.cpp:2137:getRiseDelay]: Assert "(ta !=0) && (tlc_ !=0)"
**DIAG[optinfra/oiUtil.cpp:2148:getFallDelay]: Assert "(ta !=0) && (tlc_ !=0)"
**DIAG[optinfra/oiUtil.cpp:2137:getRiseDelay]: Assert "(ta !=0) && (tlc_ !=0)"
**DIAG[optinfra/oiUtil.cpp:2148:getFallDelay]: Assert "(ta !=0) && (tlc_ !=0)"
**DIAG[optinfra/oiUtil.cpp:2137:getRiseDelay]: Assert "(ta !=0) && (tlc_ !=0)"
**DIAG[optinfra/oiUtil.cpp:2148:getFallDelay]: Assert "(ta !=0) && (tlc_ !=0)"
**DIAG[../../include/oiTmVNetlist.hpp:287:oiTmVInstTermCL]: Assert "timeLibContext_"
**DIAG[../../include/oiTmVNetlist.hpp:287:oiTmVInstTermCL]: Assert "timeLibContext_"
**DIAG[../../include/oiTmVNetlist.hpp:287:oiTmVInstTermCL]: Assert "timeLibContext_"
**DIAG[../../include/oiTmVNetlist.hpp:287:oiTmVInstTermCL]: Assert "timeLibContext_"
**DIAG[../../include/oiTmVNetlist.hpp:287:oiTmVInstTermCL]: Assert "timeLibContext_"
**DIAG[../../include/oiTmVNetlist.hpp:287:oiTmVInstTermCL]: Assert "timeLibContext_"
**DIAG[../../include/oiTmVNetlist.hpp:287:oiTmVInstTermCL]: Assert "timeLibContext_"
**DIAG[../../include/oiTmVNetlist.hpp:287:oiTmVInstTermCL]: Assert "timeLibContext_"
**DIAG[optinfra/oiUtil.cpp:2137:getRiseDelay]: Assert "(ta !=0) && (tlc_ !=0)"
**DIAG[optinfra/oiUtil.cpp:2148:getFallDelay]: Assert "(ta !=0) && (tlc_ !=0)"
**DIAG[optinfra/oiUtil.cpp:2137:getRiseDelay]: Assert "(ta !=0) && (tlc_ !=0)"
**DIAG[optinfra/oiUtil.cpp:2148:getFallDelay]: Assert "(ta !=0) && (tlc_ !=0)"
**DIAG[optinfra/oiUtil.cpp:2137:getRiseDelay]: Assert "(ta !=0) && (tlc_ !=0)"
**DIAG[optinfra/oiUtil.cpp:2148:getFallDelay]: Assert "(ta !=0) && (tlc_ !=0)"
**DIAG[../../include/oiTmVNetlist.hpp:287:oiTmVInstTermCL]: Assert "timeLibContext_"
**DIAG[../../include/oiTmVNetlist.hpp:287:oiTmVInstTermCL]: Assert "timeLibContext_"
**DIAG[../../include/oiTmVNetlist.hpp:287:oiTmVInstTermCL]: Assert "timeLibContext_"
**DIAG[../../include/oiTmVNetlist.hpp:287:oiTmVInstTermCL]: Assert "timeLibContext_"
**DIAG[../../include/oiTmVNetlist.hpp:287:oiTmVInstTermCL]: Assert "timeLibContext_"
**DIAG[../../include/oiTmVNetlist.hpp:287:oiTmVInstTermCL]: Assert "timeLibContext_"
**DIAG[../../include/oiTmVNetlist.hpp:287:oiTmVInstTermCL]: Assert "timeLibContext_"
**DIAG[../../include/oiTmVNetlist.hpp:287:oiTmVInstTermCL]: Assert "timeLibContext_"
**DIAG[optinfra/oiUtil.cpp:2137:getRiseDelay]: Assert "(ta !=0) && (tlc_ !=0)"
**DIAG[optinfra/oiUtil.cpp:2148:getFallDelay]: Assert "(ta !=0) && (tlc_ !=0)"
**DIAG[optinfra/oiUtil.cpp:2137:getRiseDelay]: Assert "(ta !=0) && (tlc_ !=0)"
**DIAG[optinfra/oiUtil.cpp:2148:getFallDelay]: Assert "(ta !=0) && (tlc_ !=0)"
**DIAG[optinfra/oiUtil.cpp:2137:getRiseDelay]: Assert "(ta !=0) && (tlc_ !=0)"
**DIAG[optinfra/oiUtil.cpp:2148:getFallDelay]: Assert "(ta !=0) && (tlc_ !=0)"
**DIAG[../../include/oiTmVNetlist.hpp:287:oiTmVInstTermCL]: Assert "timeLibContext_"
**DIAG[../../include/oiTmVNetlist.hpp:287:oiTmVInstTermCL]: Assert "timeLibContext_"
**DIAG[../../include/oiTmVNetlist.hpp:287:oiTmVInstTermCL]: Assert "timeLibContext_"
**DIAG[../../include/oiTmVNetlist.hpp:287:oiTmVInstTermCL]: Assert "timeLibContext_"
**DIAG[../../include/oiTmVNetlist.hpp:287:oiTmVInstTermCL]: Assert "timeLibContext_"
**DIAG[../../include/oiTmVNetlist.hpp:287:oiTmVInstTermCL]: Assert "timeLibContext_"
**DIAG[../../include/oiTmVNetlist.hpp:287:oiTmVInstTermCL]: Assert "timeLibContext_"
**DIAG[../../include/oiTmVNetlist.hpp:287:oiTmVInstTermCL]: Assert "timeLibContext_"
**DIAG[optinfra/oiUtil.cpp:2137:getRiseDelay]: Assert "(ta !=0) && (tlc_ !=0)"
**DIAG[optinfra/oiUtil.cpp:2148:getFallDelay]: Assert "(ta !=0) && (tlc_ !=0)"
**DIAG[optinfra/oiUtil.cpp:2137:getRiseDelay]: Assert "(ta !=0) && (tlc_ !=0)"
**DIAG[optinfra/oiUtil.cpp:2148:getFallDelay]: Assert "(ta !=0) && (tlc_ !=0)"
**DIAG[optinfra/oiUtil.cpp:2137:getRiseDelay]: Assert "(ta !=0) && (tlc_ !=0)"
**DIAG[optinfra/oiUtil.cpp:2148:getFallDelay]: Assert "(ta !=0) && (tlc_ !=0)"
**DIAG[../../include/oiTmVNetlist.hpp:287:oiTmVInstTermCL]: Assert "timeLibContext_"
**DIAG[../../include/oiTmVNetlist.hpp:287:oiTmVInstTermCL]: Assert "timeLibContext_"
**DIAG[../../include/oiTmVNetlist.hpp:287:oiTmVInstTermCL]: Assert "timeLibContext_"
**DIAG[../../include/oiTmVNetlist.hpp:287:oiTmVInstTermCL]: Assert "timeLibContext_"
**DIAG[../../include/oiTmVNetlist.hpp:287:oiTmVInstTermCL]: Assert "timeLibContext_"
**DIAG[../../include/oiTmVNetlist.hpp:287:oiTmVInstTermCL]: Assert "timeLibContext_"
**DIAG[../../include/oiTmVNetlist.hpp:287:oiTmVInstTermCL]: Assert "timeLibContext_"
**DIAG[../../include/oiTmVNetlist.hpp:287:oiTmVInstTermCL]: Assert "timeLibContext_"
**DIAG[optinfra/oiUtil.cpp:2137:getRiseDelay]: Assert "(ta !=0) && (tlc_ !=0)"
**DIAG[optinfra/oiUtil.cpp:2148:getFallDelay]: Assert "(ta !=0) && (tlc_ !=0)"
**DIAG[optinfra/oiUtil.cpp:2137:getRiseDelay]: Assert "(ta !=0) && (tlc_ !=0)"
**DIAG[optinfra/oiUtil.cpp:2148:getFallDelay]: Assert "(ta !=0) && (tlc_ !=0)"
**DIAG[optinfra/oiUtil.cpp:2137:getRiseDelay]: Assert "(ta !=0) && (tlc_ !=0)"
**DIAG[optinfra/oiUtil.cpp:2148:getFallDelay]: Assert "(ta !=0) && (tlc_ !=0)"
**DIAG[../../include/oiTmVNetlist.hpp:287:oiTmVInstTermCL]: Assert "timeLibContext_"
**DIAG[../../include/oiTmVNetlist.hpp:287:oiTmVInstTermCL]: Assert "timeLibContext_"
**DIAG[../../include/oiTmVNetlist.hpp:287:oiTmVInstTermCL]: Assert "timeLibContext_"
**DIAG[../../include/oiTmVNetlist.hpp:287:oiTmVInstTermCL]: Assert "timeLibContext_"
**DIAG[../../include/oiTmVNetlist.hpp:287:oiTmVInstTermCL]: Assert "timeLibContext_"
**DIAG[../../include/oiTmVNetlist.hpp:287:oiTmVInstTermCL]: Assert "timeLibContext_"
**DIAG[../../include/oiTmVNetlist.hpp:287:oiTmVInstTermCL]: Assert "timeLibContext_"
**DIAG[../../include/oiTmVNetlist.hpp:287:oiTmVInstTermCL]: Assert "timeLibContext_"
**DIAG[optinfra/oiUtil.cpp:2137:getRiseDelay]: Assert "(ta !=0) && (tlc_ !=0)"
**DIAG[optinfra/oiUtil.cpp:2148:getFallDelay]: Assert "(ta !=0) && (tlc_ !=0)"
**DIAG[optinfra/oiUtil.cpp:2137:getRiseDelay]: Assert "(ta !=0) && (tlc_ !=0)"
**DIAG[optinfra/oiUtil.cpp:2148:getFallDelay]: Assert "(ta !=0) && (tlc_ !=0)"
**DIAG[optinfra/oiUtil.cpp:2137:getRiseDelay]: Assert "(ta !=0) && (tlc_ !=0)"
**DIAG[optinfra/oiUtil.cpp:2148:getFallDelay]: Assert "(ta !=0) && (tlc_ !=0)"
**DIAG[../../include/oiTmVNetlist.hpp:287:oiTmVInstTermCL]: Assert "timeLibContext_"
**DIAG[../../include/oiTmVNetlist.hpp:287:oiTmVInstTermCL]: Assert "timeLibContext_"
**DIAG[../../include/oiTmVNetlist.hpp:287:oiTmVInstTermCL]: Assert "timeLibContext_"
**DIAG[../../include/oiTmVNetlist.hpp:287:oiTmVInstTermCL]: Assert "timeLibContext_"
**DIAG[../../include/oiTmVNetlist.hpp:287:oiTmVInstTermCL]: Assert "timeLibContext_"
**DIAG[../../include/oiTmVNetlist.hpp:287:oiTmVInstTermCL]: Assert "timeLibContext_"
**DIAG[../../include/oiTmVNetlist.hpp:287:oiTmVInstTermCL]: Assert "timeLibContext_"
**DIAG[../../include/oiTmVNetlist.hpp:287:oiTmVInstTermCL]: Assert "timeLibContext_"
**DIAG[optinfra/oiUtil.cpp:2137:getRiseDelay]: Assert "(ta !=0) && (tlc_ !=0)"
**DIAG[optinfra/oiUtil.cpp:2148:getFallDelay]: Assert "(ta !=0) && (tlc_ !=0)"
**DIAG[optinfra/oiUtil.cpp:2137:getRiseDelay]: Assert "(ta !=0) && (tlc_ !=0)"
**DIAG[optinfra/oiUtil.cpp:2148:getFallDelay]: Assert "(ta !=0) && (tlc_ !=0)"
**DIAG[optinfra/oiUtil.cpp:2137:getRiseDelay]: Assert "(ta !=0) && (tlc_ !=0)"
**DIAG[optinfra/oiUtil.cpp:2148:getFallDelay]: Assert "(ta !=0) && (tlc_ !=0)"
**DIAG[../../include/oiTmVNetlist.hpp:287:oiTmVInstTermCL]: Assert "timeLibContext_"
**DIAG[../../include/oiTmVNetlist.hpp:287:oiTmVInstTermCL]: Assert "timeLibContext_"
**DIAG[../../include/oiTmVNetlist.hpp:287:oiTmVInstTermCL]: Assert "timeLibContext_"
**DIAG[../../include/oiTmVNetlist.hpp:287:oiTmVInstTermCL]: Assert "timeLibContext_"
**DIAG[../../include/oiTmVNetlist.hpp:287:oiTmVInstTermCL]: Assert "timeLibContext_"
**DIAG[../../include/oiTmVNetlist.hpp:287:oiTmVInstTermCL]: Assert "timeLibContext_"
**DIAG[../../include/oiTmVNetlist.hpp:287:oiTmVInstTermCL]: Assert "timeLibContext_"
**DIAG[../../include/oiTmVNetlist.hpp:287:oiTmVInstTermCL]: Assert "timeLibContext_"
**DIAG[optinfra/oiUtil.cpp:2137:getRiseDelay]: Assert "(ta !=0) && (tlc_ !=0)"
**DIAG[optinfra/oiUtil.cpp:2148:getFallDelay]: Assert "(ta !=0) && (tlc_ !=0)"
**DIAG[optinfra/oiUtil.cpp:2137:getRiseDelay]: Assert "(ta !=0) && (tlc_ !=0)"
**DIAG[optinfra/oiUtil.cpp:2148:getFallDelay]: Assert "(ta !=0) && (tlc_ !=0)"
**DIAG[optinfra/oiUtil.cpp:2137:getRiseDelay]: Assert "(ta !=0) && (tlc_ !=0)"
**DIAG[optinfra/oiUtil.cpp:2148:getFallDelay]: Assert "(ta !=0) && (tlc_ !=0)"
**DIAG[../../include/oiTmVNetlist.hpp:287:oiTmVInstTermCL]: Assert "timeLibContext_"
**DIAG[../../include/oiTmVNetlist.hpp:287:oiTmVInstTermCL]: Assert "timeLibContext_"
**DIAG[../../include/oiTmVNetlist.hpp:287:oiTmVInstTermCL]: Assert "timeLibContext_"
**DIAG[../../include/oiTmVNetlist.hpp:287:oiTmVInstTermCL]: Assert "timeLibContext_"
**DIAG[../../include/oiTmVNetlist.hpp:287:oiTmVInstTermCL]: Assert "timeLibContext_"
**DIAG[../../include/oiTmVNetlist.hpp:287:oiTmVInstTermCL]: Assert "timeLibContext_"
**DIAG[../../include/oiTmVNetlist.hpp:287:oiTmVInstTermCL]: Assert "timeLibContext_"
**DIAG[../../include/oiTmVNetlist.hpp:287:oiTmVInstTermCL]: Assert "timeLibContext_"
**DIAG[optinfra/oiUtil.cpp:2137:getRiseDelay]: Assert "(ta !=0) && (tlc_ !=0)"
**DIAG[optinfra/oiUtil.cpp:2148:getFallDelay]: Assert "(ta !=0) && (tlc_ !=0)"
**DIAG[optinfra/oiUtil.cpp:2137:getRiseDelay]: Assert "(ta !=0) && (tlc_ !=0)"
**DIAG[optinfra/oiUtil.cpp:2148:getFallDelay]: Assert "(ta !=0) && (tlc_ !=0)"
**DIAG[optinfra/oiUtil.cpp:2137:getRiseDelay]: Assert "(ta !=0) && (tlc_ !=0)"
**DIAG[optinfra/oiUtil.cpp:2148:getFallDelay]: Assert "(ta !=0) && (tlc_ !=0)"
**DIAG[../../include/oiTmVNetlist.hpp:287:oiTmVInstTermCL]: Assert "timeLibContext_"
**DIAG[../../include/oiTmVNetlist.hpp:287:oiTmVInstTermCL]: Assert "timeLibContext_"
**DIAG[../../include/oiTmVNetlist.hpp:287:oiTmVInstTermCL]: Assert "timeLibContext_"
**DIAG[../../include/oiTmVNetlist.hpp:287:oiTmVInstTermCL]: Assert "timeLibContext_"
**DIAG[../../include/oiTmVNetlist.hpp:287:oiTmVInstTermCL]: Assert "timeLibContext_"
**DIAG[../../include/oiTmVNetlist.hpp:287:oiTmVInstTermCL]: Assert "timeLibContext_"
**DIAG[../../include/oiTmVNetlist.hpp:287:oiTmVInstTermCL]: Assert "timeLibContext_"
**DIAG[../../include/oiTmVNetlist.hpp:287:oiTmVInstTermCL]: Assert "timeLibContext_"
**DIAG[optinfra/oiUtil.cpp:2137:getRiseDelay]: Assert "(ta !=0) && (tlc_ !=0)"
**DIAG[optinfra/oiUtil.cpp:2148:getFallDelay]: Assert "(ta !=0) && (tlc_ !=0)"
**DIAG[optinfra/oiUtil.cpp:2137:getRiseDelay]: Assert "(ta !=0) && (tlc_ !=0)"
**DIAG[optinfra/oiUtil.cpp:2148:getFallDelay]: Assert "(ta !=0) && (tlc_ !=0)"
**DIAG[optinfra/oiUtil.cpp:2137:getRiseDelay]: Assert "(ta !=0) && (tlc_ !=0)"
**DIAG[optinfra/oiUtil.cpp:2148:getFallDelay]: Assert "(ta !=0) && (tlc_ !=0)"
**DIAG[../../include/oiTmVNetlist.hpp:287:oiTmVInstTermCL]: Assert "timeLibContext_"
**DIAG[../../include/oiTmVNetlist.hpp:287:oiTmVInstTermCL]: Assert "timeLibContext_"
**DIAG[../../include/oiTmVNetlist.hpp:287:oiTmVInstTermCL]: Assert "timeLibContext_"
**DIAG[../../include/oiTmVNetlist.hpp:287:oiTmVInstTermCL]: Assert "timeLibContext_"
**DIAG[../../include/oiTmVNetlist.hpp:287:oiTmVInstTermCL]: Assert "timeLibContext_"
**DIAG[../../include/oiTmVNetlist.hpp:287:oiTmVInstTermCL]: Assert "timeLibContext_"
**DIAG[../../include/oiTmVNetlist.hpp:287:oiTmVInstTermCL]: Assert "timeLibContext_"
**DIAG[../../include/oiTmVNetlist.hpp:287:oiTmVInstTermCL]: Assert "timeLibContext_"
**DIAG[optinfra/oiUtil.cpp:2137:getRiseDelay]: Assert "(ta !=0) && (tlc_ !=0)"
**DIAG[optinfra/oiUtil.cpp:2148:getFallDelay]: Assert "(ta !=0) && (tlc_ !=0)"
**DIAG[optinfra/oiUtil.cpp:2137:getRiseDelay]: Assert "(ta !=0) && (tlc_ !=0)"
**DIAG[optinfra/oiUtil.cpp:2148:getFallDelay]: Assert "(ta !=0) && (tlc_ !=0)"
**DIAG[optinfra/oiUtil.cpp:2137:getRiseDelay]: Assert "(ta !=0) && (tlc_ !=0)"
**DIAG[optinfra/oiUtil.cpp:2148:getFallDelay]: Assert "(ta !=0) && (tlc_ !=0)"
**DIAG[../../include/oiTmVNetlist.hpp:287:oiTmVInstTermCL]: Assert "timeLibContext_"
**DIAG[../../include/oiTmVNetlist.hpp:287:oiTmVInstTermCL]: Assert "timeLibContext_"
**DIAG[../../include/oiTmVNetlist.hpp:287:oiTmVInstTermCL]: Assert "timeLibContext_"
**DIAG[../../include/oiTmVNetlist.hpp:287:oiTmVInstTermCL]: Assert "timeLibContext_"
**DIAG[../../include/oiTmVNetlist.hpp:287:oiTmVInstTermCL]: Assert "timeLibContext_"
**DIAG[../../include/oiTmVNetlist.hpp:287:oiTmVInstTermCL]: Assert "timeLibContext_"
**DIAG[../../include/oiTmVNetlist.hpp:287:oiTmVInstTermCL]: Assert "timeLibContext_"
**DIAG[../../include/oiTmVNetlist.hpp:287:oiTmVInstTermCL]: Assert "timeLibContext_"
**DIAG[optinfra/oiUtil.cpp:2137:getRiseDelay]: Assert "(ta !=0) && (tlc_ !=0)"
**DIAG[optinfra/oiUtil.cpp:2148:getFallDelay]: Assert "(ta !=0) && (tlc_ !=0)"
**DIAG[optinfra/oiUtil.cpp:2137:getRiseDelay]: Assert "(ta !=0) && (tlc_ !=0)"
**DIAG[optinfra/oiUtil.cpp:2148:getFallDelay]: Assert "(ta !=0) && (tlc_ !=0)"
**DIAG[optinfra/oiUtil.cpp:2137:getRiseDelay]: Assert "(ta !=0) && (tlc_ !=0)"
**DIAG[optinfra/oiUtil.cpp:2148:getFallDelay]: Assert "(ta !=0) && (tlc_ !=0)"
**DIAG[../../include/oiTmVNetlist.hpp:287:oiTmVInstTermCL]: Assert "timeLibContext_"
**DIAG[../../include/oiTmVNetlist.hpp:287:oiTmVInstTermCL]: Assert "timeLibContext_"
**DIAG[../../include/oiTmVNetlist.hpp:287:oiTmVInstTermCL]: Assert "timeLibContext_"
**DIAG[../../include/oiTmVNetlist.hpp:287:oiTmVInstTermCL]: Assert "timeLibContext_"
**DIAG[../../include/oiTmVNetlist.hpp:287:oiTmVInstTermCL]: Assert "timeLibContext_"
**DIAG[../../include/oiTmVNetlist.hpp:287:oiTmVInstTermCL]: Assert "timeLibContext_"
**DIAG[../../include/oiTmVNetlist.hpp:287:oiTmVInstTermCL]: Assert "timeLibContext_"
**DIAG[../../include/oiTmVNetlist.hpp:287:oiTmVInstTermCL]: Assert "timeLibContext_"
**DIAG[optinfra/oiUtil.cpp:2137:getRiseDelay]: Assert "(ta !=0) && (tlc_ !=0)"
**DIAG[optinfra/oiUtil.cpp:2148:getFallDelay]: Assert "(ta !=0) && (tlc_ !=0)"
**DIAG[optinfra/oiUtil.cpp:2137:getRiseDelay]: Assert "(ta !=0) && (tlc_ !=0)"
**DIAG[optinfra/oiUtil.cpp:2148:getFallDelay]: Assert "(ta !=0) && (tlc_ !=0)"
**DIAG[optinfra/oiUtil.cpp:2137:getRiseDelay]: Assert "(ta !=0) && (tlc_ !=0)"
**DIAG[optinfra/oiUtil.cpp:2148:getFallDelay]: Assert "(ta !=0) && (tlc_ !=0)"
**DIAG[../../include/oiTmVNetlist.hpp:287:oiTmVInstTermCL]: Assert "timeLibContext_"
**DIAG[../../include/oiTmVNetlist.hpp:287:oiTmVInstTermCL]: Assert "timeLibContext_"
**DIAG[../../include/oiTmVNetlist.hpp:287:oiTmVInstTermCL]: Assert "timeLibContext_"
**DIAG[../../include/oiTmVNetlist.hpp:287:oiTmVInstTermCL]: Assert "timeLibContext_"
**DIAG[../../include/oiTmVNetlist.hpp:287:oiTmVInstTermCL]: Assert "timeLibContext_"
**DIAG[../../include/oiTmVNetlist.hpp:287:oiTmVInstTermCL]: Assert "timeLibContext_"
**DIAG[../../include/oiTmVNetlist.hpp:287:oiTmVInstTermCL]: Assert "timeLibContext_"
**DIAG[../../include/oiTmVNetlist.hpp:287:oiTmVInstTermCL]: Assert "timeLibContext_"
**DIAG[optinfra/oiUtil.cpp:2137:getRiseDelay]: Assert "(ta !=0) && (tlc_ !=0)"
**DIAG[optinfra/oiUtil.cpp:2148:getFallDelay]: Assert "(ta !=0) && (tlc_ !=0)"
**DIAG[optinfra/oiUtil.cpp:2137:getRiseDelay]: Assert "(ta !=0) && (tlc_ !=0)"
**DIAG[optinfra/oiUtil.cpp:2148:getFallDelay]: Assert "(ta !=0) && (tlc_ !=0)"
**DIAG[optinfra/oiUtil.cpp:2137:getRiseDelay]: Assert "(ta !=0) && (tlc_ !=0)"
**DIAG[optinfra/oiUtil.cpp:2148:getFallDelay]: Assert "(ta !=0) && (tlc_ !=0)"
**DIAG[../../include/oiTmVNetlist.hpp:287:oiTmVInstTermCL]: Assert "timeLibContext_"
**DIAG[../../include/oiTmVNetlist.hpp:287:oiTmVInstTermCL]: Assert "timeLibContext_"
**DIAG[../../include/oiTmVNetlist.hpp:287:oiTmVInstTermCL]: Assert "timeLibContext_"
**DIAG[../../include/oiTmVNetlist.hpp:287:oiTmVInstTermCL]: Assert "timeLibContext_"
**DIAG[../../include/oiTmVNetlist.hpp:287:oiTmVInstTermCL]: Assert "timeLibContext_"
**DIAG[../../include/oiTmVNetlist.hpp:287:oiTmVInstTermCL]: Assert "timeLibContext_"
**DIAG[../../include/oiTmVNetlist.hpp:287:oiTmVInstTermCL]: Assert "timeLibContext_"
**DIAG[../../include/oiTmVNetlist.hpp:287:oiTmVInstTermCL]: Assert "timeLibContext_"
**DIAG[optinfra/oiUtil.cpp:2137:getRiseDelay]: Assert "(ta !=0) && (tlc_ !=0)"
**DIAG[optinfra/oiUtil.cpp:2148:getFallDelay]: Assert "(ta !=0) && (tlc_ !=0)"
**DIAG[optinfra/oiUtil.cpp:2137:getRiseDelay]: Assert "(ta !=0) && (tlc_ !=0)"
**DIAG[optinfra/oiUtil.cpp:2148:getFallDelay]: Assert "(ta !=0) && (tlc_ !=0)"
**DIAG[optinfra/oiUtil.cpp:2137:getRiseDelay]: Assert "(ta !=0) && (tlc_ !=0)"
**DIAG[optinfra/oiUtil.cpp:2148:getFallDelay]: Assert "(ta !=0) && (tlc_ !=0)"
**DIAG[../../include/oiTmVNetlist.hpp:287:oiTmVInstTermCL]: Assert "timeLibContext_"
**DIAG[../../include/oiTmVNetlist.hpp:287:oiTmVInstTermCL]: Assert "timeLibContext_"
**DIAG[../../include/oiTmVNetlist.hpp:287:oiTmVInstTermCL]: Assert "timeLibContext_"
**DIAG[../../include/oiTmVNetlist.hpp:287:oiTmVInstTermCL]: Assert "timeLibContext_"
**DIAG[../../include/oiTmVNetlist.hpp:287:oiTmVInstTermCL]: Assert "timeLibContext_"
**DIAG[../../include/oiTmVNetlist.hpp:287:oiTmVInstTermCL]: Assert "timeLibContext_"
**DIAG[../../include/oiTmVNetlist.hpp:287:oiTmVInstTermCL]: Assert "timeLibContext_"
**DIAG[../../include/oiTmVNetlist.hpp:287:oiTmVInstTermCL]: Assert "timeLibContext_"
**DIAG[optinfra/oiUtil.cpp:2137:getRiseDelay]: Assert "(ta !=0) && (tlc_ !=0)"
**DIAG[optinfra/oiUtil.cpp:2148:getFallDelay]: Assert "(ta !=0) && (tlc_ !=0)"
**DIAG[optinfra/oiUtil.cpp:2137:getRiseDelay]: Assert "(ta !=0) && (tlc_ !=0)"
**DIAG[optinfra/oiUtil.cpp:2148:getFallDelay]: Assert "(ta !=0) && (tlc_ !=0)"
**DIAG[optinfra/oiUtil.cpp:2137:getRiseDelay]: Assert "(ta !=0) && (tlc_ !=0)"
**DIAG[optinfra/oiUtil.cpp:2148:getFallDelay]: Assert "(ta !=0) && (tlc_ !=0)"
**DIAG[../../include/oiTmVNetlist.hpp:287:oiTmVInstTermCL]: Assert "timeLibContext_"
**DIAG[../../include/oiTmVNetlist.hpp:287:oiTmVInstTermCL]: Assert "timeLibContext_"
**DIAG[../../include/oiTmVNetlist.hpp:287:oiTmVInstTermCL]: Assert "timeLibContext_"
**DIAG[../../include/oiTmVNetlist.hpp:287:oiTmVInstTermCL]: Assert "timeLibContext_"
**DIAG[../../include/oiTmVNetlist.hpp:287:oiTmVInstTermCL]: Assert "timeLibContext_"
**DIAG[../../include/oiTmVNetlist.hpp:287:oiTmVInstTermCL]: Assert "timeLibContext_"
**DIAG[../../include/oiTmVNetlist.hpp:287:oiTmVInstTermCL]: Assert "timeLibContext_"
**DIAG[../../include/oiTmVNetlist.hpp:287:oiTmVInstTermCL]: Assert "timeLibContext_"
**DIAG[optinfra/oiUtil.cpp:2137:getRiseDelay]: Assert "(ta !=0) && (tlc_ !=0)"
**DIAG[optinfra/oiUtil.cpp:2148:getFallDelay]: Assert "(ta !=0) && (tlc_ !=0)"
**DIAG[optinfra/oiUtil.cpp:2137:getRiseDelay]: Assert "(ta !=0) && (tlc_ !=0)"
**DIAG[optinfra/oiUtil.cpp:2148:getFallDelay]: Assert "(ta !=0) && (tlc_ !=0)"
**DIAG[optinfra/oiUtil.cpp:2137:getRiseDelay]: Assert "(ta !=0) && (tlc_ !=0)"
**DIAG[optinfra/oiUtil.cpp:2148:getFallDelay]: Assert "(ta !=0) && (tlc_ !=0)"
**DIAG[../../include/oiTmVNetlist.hpp:287:oiTmVInstTermCL]: Assert "timeLibContext_"
**DIAG[../../include/oiTmVNetlist.hpp:287:oiTmVInstTermCL]: Assert "timeLibContext_"
**DIAG[../../include/oiTmVNetlist.hpp:287:oiTmVInstTermCL]: Assert "timeLibContext_"
**DIAG[../../include/oiTmVNetlist.hpp:287:oiTmVInstTermCL]: Assert "timeLibContext_"
**DIAG[../../include/oiTmVNetlist.hpp:287:oiTmVInstTermCL]: Assert "timeLibContext_"
**DIAG[../../include/oiTmVNetlist.hpp:287:oiTmVInstTermCL]: Assert "timeLibContext_"
**DIAG[../../include/oiTmVNetlist.hpp:287:oiTmVInstTermCL]: Assert "timeLibContext_"
**DIAG[../../include/oiTmVNetlist.hpp:287:oiTmVInstTermCL]: Assert "timeLibContext_"
**DIAG[optinfra/oiUtil.cpp:2137:getRiseDelay]: Assert "(ta !=0) && (tlc_ !=0)"
**DIAG[optinfra/oiUtil.cpp:2148:getFallDelay]: Assert "(ta !=0) && (tlc_ !=0)"
**DIAG[optinfra/oiUtil.cpp:2137:getRiseDelay]: Assert "(ta !=0) && (tlc_ !=0)"
**DIAG[optinfra/oiUtil.cpp:2148:getFallDelay]: Assert "(ta !=0) && (tlc_ !=0)"
**DIAG[optinfra/oiUtil.cpp:2137:getRiseDelay]: Assert "(ta !=0) && (tlc_ !=0)"
**DIAG[optinfra/oiUtil.cpp:2148:getFallDelay]: Assert "(ta !=0) && (tlc_ !=0)"
**DIAG[../../include/oiTmVNetlist.hpp:287:oiTmVInstTermCL]: Assert "timeLibContext_"
**DIAG[../../include/oiTmVNetlist.hpp:287:oiTmVInstTermCL]: Assert "timeLibContext_"
**DIAG[../../include/oiTmVNetlist.hpp:287:oiTmVInstTermCL]: Assert "timeLibContext_"
**DIAG[../../include/oiTmVNetlist.hpp:287:oiTmVInstTermCL]: Assert "timeLibContext_"
**DIAG[../../include/oiTmVNetlist.hpp:287:oiTmVInstTermCL]: Assert "timeLibContext_"
**DIAG[../../include/oiTmVNetlist.hpp:287:oiTmVInstTermCL]: Assert "timeLibContext_"
**DIAG[../../include/oiTmVNetlist.hpp:287:oiTmVInstTermCL]: Assert "timeLibContext_"
**DIAG[../../include/oiTmVNetlist.hpp:287:oiTmVInstTermCL]: Assert "timeLibContext_"
**DIAG[optinfra/oiUtil.cpp:2137:getRiseDelay]: Assert "(ta !=0) && (tlc_ !=0)"
**DIAG[optinfra/oiUtil.cpp:2148:getFallDelay]: Assert "(ta !=0) && (tlc_ !=0)"
**DIAG[optinfra/oiUtil.cpp:2137:getRiseDelay]: Assert "(ta !=0) && (tlc_ !=0)"
**DIAG[optinfra/oiUtil.cpp:2148:getFallDelay]: Assert "(ta !=0) && (tlc_ !=0)"
**DIAG[optinfra/oiUtil.cpp:2137:getRiseDelay]: Assert "(ta !=0) && (tlc_ !=0)"
**DIAG[optinfra/oiUtil.cpp:2148:getFallDelay]: Assert "(ta !=0) && (tlc_ !=0)"
**DIAG[../../include/oiTmVNetlist.hpp:287:oiTmVInstTermCL]: Assert "timeLibContext_"
**DIAG[../../include/oiTmVNetlist.hpp:287:oiTmVInstTermCL]: Assert "timeLibContext_"
**DIAG[../../include/oiTmVNetlist.hpp:287:oiTmVInstTermCL]: Assert "timeLibContext_"
**DIAG[../../include/oiTmVNetlist.hpp:287:oiTmVInstTermCL]: Assert "timeLibContext_"
**DIAG[../../include/oiTmVNetlist.hpp:287:oiTmVInstTermCL]: Assert "timeLibContext_"
**DIAG[../../include/oiTmVNetlist.hpp:287:oiTmVInstTermCL]: Assert "timeLibContext_"
**DIAG[../../include/oiTmVNetlist.hpp:287:oiTmVInstTermCL]: Assert "timeLibContext_"
**DIAG[../../include/oiTmVNetlist.hpp:287:oiTmVInstTermCL]: Assert "timeLibContext_"
**DIAG[optinfra/oiUtil.cpp:2137:getRiseDelay]: Assert "(ta !=0) && (tlc_ !=0)"
**DIAG[optinfra/oiUtil.cpp:2148:getFallDelay]: Assert "(ta !=0) && (tlc_ !=0)"
**DIAG[optinfra/oiUtil.cpp:2137:getRiseDelay]: Assert "(ta !=0) && (tlc_ !=0)"
**DIAG[optinfra/oiUtil.cpp:2148:getFallDelay]: Assert "(ta !=0) && (tlc_ !=0)"
**DIAG[optinfra/oiUtil.cpp:2137:getRiseDelay]: Assert "(ta !=0) && (tlc_ !=0)"
**DIAG[optinfra/oiUtil.cpp:2148:getFallDelay]: Assert "(ta !=0) && (tlc_ !=0)"
**DIAG[../../include/oiTmVNetlist.hpp:287:oiTmVInstTermCL]: Assert "timeLibContext_"
**DIAG[../../include/oiTmVNetlist.hpp:287:oiTmVInstTermCL]: Assert "timeLibContext_"
**DIAG[../../include/oiTmVNetlist.hpp:287:oiTmVInstTermCL]: Assert "timeLibContext_"
**DIAG[../../include/oiTmVNetlist.hpp:287:oiTmVInstTermCL]: Assert "timeLibContext_"
**DIAG[../../include/oiTmVNetlist.hpp:287:oiTmVInstTermCL]: Assert "timeLibContext_"
**DIAG[../../include/oiTmVNetlist.hpp:287:oiTmVInstTermCL]: Assert "timeLibContext_"
**DIAG[../../include/oiTmVNetlist.hpp:287:oiTmVInstTermCL]: Assert "timeLibContext_"
**DIAG[../../include/oiTmVNetlist.hpp:287:oiTmVInstTermCL]: Assert "timeLibContext_"
**DIAG[optinfra/oiUtil.cpp:2137:getRiseDelay]: Assert "(ta !=0) && (tlc_ !=0)"
**DIAG[optinfra/oiUtil.cpp:2148:getFallDelay]: Assert "(ta !=0) && (tlc_ !=0)"
**DIAG[optinfra/oiUtil.cpp:2137:getRiseDelay]: Assert "(ta !=0) && (tlc_ !=0)"
**DIAG[optinfra/oiUtil.cpp:2148:getFallDelay]: Assert "(ta !=0) && (tlc_ !=0)"
**DIAG[optinfra/oiUtil.cpp:2137:getRiseDelay]: Assert "(ta !=0) && (tlc_ !=0)"
**DIAG[optinfra/oiUtil.cpp:2148:getFallDelay]: Assert "(ta !=0) && (tlc_ !=0)"
**DIAG[../../include/oiTmVNetlist.hpp:287:oiTmVInstTermCL]: Assert "timeLibContext_"
**DIAG[../../include/oiTmVNetlist.hpp:287:oiTmVInstTermCL]: Assert "timeLibContext_"
**DIAG[../../include/oiTmVNetlist.hpp:287:oiTmVInstTermCL]: Assert "timeLibContext_"
**DIAG[../../include/oiTmVNetlist.hpp:287:oiTmVInstTermCL]: Assert "timeLibContext_"
**DIAG[../../include/oiTmVNetlist.hpp:287:oiTmVInstTermCL]: Assert "timeLibContext_"
**DIAG[../../include/oiTmVNetlist.hpp:287:oiTmVInstTermCL]: Assert "timeLibContext_"
**DIAG[../../include/oiTmVNetlist.hpp:287:oiTmVInstTermCL]: Assert "timeLibContext_"
**DIAG[../../include/oiTmVNetlist.hpp:287:oiTmVInstTermCL]: Assert "timeLibContext_"
**DIAG[optinfra/oiUtil.cpp:2137:getRiseDelay]: Assert "(ta !=0) && (tlc_ !=0)"
**DIAG[optinfra/oiUtil.cpp:2148:getFallDelay]: Assert "(ta !=0) && (tlc_ !=0)"
**DIAG[optinfra/oiUtil.cpp:2137:getRiseDelay]: Assert "(ta !=0) && (tlc_ !=0)"
**DIAG[optinfra/oiUtil.cpp:2148:getFallDelay]: Assert "(ta !=0) && (tlc_ !=0)"
**DIAG[optinfra/oiUtil.cpp:2137:getRiseDelay]: Assert "(ta !=0) && (tlc_ !=0)"
**DIAG[optinfra/oiUtil.cpp:2148:getFallDelay]: Assert "(ta !=0) && (tlc_ !=0)"
**DIAG[../../include/oiTmVNetlist.hpp:287:oiTmVInstTermCL]: Assert "timeLibContext_"
**DIAG[../../include/oiTmVNetlist.hpp:287:oiTmVInstTermCL]: Assert "timeLibContext_"
**DIAG[../../include/oiTmVNetlist.hpp:287:oiTmVInstTermCL]: Assert "timeLibContext_"
**DIAG[../../include/oiTmVNetlist.hpp:287:oiTmVInstTermCL]: Assert "timeLibContext_"
**DIAG[../../include/oiTmVNetlist.hpp:287:oiTmVInstTermCL]: Assert "timeLibContext_"
**DIAG[../../include/oiTmVNetlist.hpp:287:oiTmVInstTermCL]: Assert "timeLibContext_"
**DIAG[../../include/oiTmVNetlist.hpp:287:oiTmVInstTermCL]: Assert "timeLibContext_"
**DIAG[../../include/oiTmVNetlist.hpp:287:oiTmVInstTermCL]: Assert "timeLibContext_"
**DIAG[optinfra/oiUtil.cpp:2137:getRiseDelay]: Assert "(ta !=0) && (tlc_ !=0)"
**DIAG[optinfra/oiUtil.cpp:2148:getFallDelay]: Assert "(ta !=0) && (tlc_ !=0)"
**DIAG[optinfra/oiUtil.cpp:2137:getRiseDelay]: Assert "(ta !=0) && (tlc_ !=0)"
**DIAG[optinfra/oiUtil.cpp:2148:getFallDelay]: Assert "(ta !=0) && (tlc_ !=0)"
**DIAG[optinfra/oiUtil.cpp:2137:getRiseDelay]: Assert "(ta !=0) && (tlc_ !=0)"
**DIAG[optinfra/oiUtil.cpp:2148:getFallDelay]: Assert "(ta !=0) && (tlc_ !=0)"
**DIAG[../../include/oiTmVNetlist.hpp:287:oiTmVInstTermCL]: Assert "timeLibContext_"
**DIAG[../../include/oiTmVNetlist.hpp:287:oiTmVInstTermCL]: Assert "timeLibContext_"
**DIAG[../../include/oiTmVNetlist.hpp:287:oiTmVInstTermCL]: Assert "timeLibContext_"
**DIAG[../../include/oiTmVNetlist.hpp:287:oiTmVInstTermCL]: Assert "timeLibContext_"
**DIAG[../../include/oiTmVNetlist.hpp:287:oiTmVInstTermCL]: Assert "timeLibContext_"
**DIAG[../../include/oiTmVNetlist.hpp:287:oiTmVInstTermCL]: Assert "timeLibContext_"
**DIAG[../../include/oiTmVNetlist.hpp:287:oiTmVInstTermCL]: Assert "timeLibContext_"
**DIAG[../../include/oiTmVNetlist.hpp:287:oiTmVInstTermCL]: Assert "timeLibContext_"
**DIAG[optinfra/oiUtil.cpp:2137:getRiseDelay]: Assert "(ta !=0) && (tlc_ !=0)"
**DIAG[optinfra/oiUtil.cpp:2148:getFallDelay]: Assert "(ta !=0) && (tlc_ !=0)"
**DIAG[optinfra/oiUtil.cpp:2137:getRiseDelay]: Assert "(ta !=0) && (tlc_ !=0)"
**DIAG[optinfra/oiUtil.cpp:2148:getFallDelay]: Assert "(ta !=0) && (tlc_ !=0)"
**DIAG[optinfra/oiUtil.cpp:2137:getRiseDelay]: Assert "(ta !=0) && (tlc_ !=0)"
**DIAG[optinfra/oiUtil.cpp:2148:getFallDelay]: Assert "(ta !=0) && (tlc_ !=0)"
**DIAG[../../include/oiTmVNetlist.hpp:287:oiTmVInstTermCL]: Assert "timeLibContext_"
**DIAG[../../include/oiTmVNetlist.hpp:287:oiTmVInstTermCL]: Assert "timeLibContext_"
**DIAG[../../include/oiTmVNetlist.hpp:287:oiTmVInstTermCL]: Assert "timeLibContext_"
**DIAG[../../include/oiTmVNetlist.hpp:287:oiTmVInstTermCL]: Assert "timeLibContext_"
**DIAG[../../include/oiTmVNetlist.hpp:287:oiTmVInstTermCL]: Assert "timeLibContext_"
**DIAG[../../include/oiTmVNetlist.hpp:287:oiTmVInstTermCL]: Assert "timeLibContext_"
**DIAG[../../include/oiTmVNetlist.hpp:287:oiTmVInstTermCL]: Assert "timeLibContext_"
**DIAG[../../include/oiTmVNetlist.hpp:287:oiTmVInstTermCL]: Assert "timeLibContext_"
**DIAG[optinfra/oiUtil.cpp:2137:getRiseDelay]: Assert "(ta !=0) && (tlc_ !=0)"
**DIAG[optinfra/oiUtil.cpp:2148:getFallDelay]: Assert "(ta !=0) && (tlc_ !=0)"
**DIAG[optinfra/oiUtil.cpp:2137:getRiseDelay]: Assert "(ta !=0) && (tlc_ !=0)"
**DIAG[optinfra/oiUtil.cpp:2148:getFallDelay]: Assert "(ta !=0) && (tlc_ !=0)"
**DIAG[optinfra/oiUtil.cpp:2137:getRiseDelay]: Assert "(ta !=0) && (tlc_ !=0)"
**DIAG[optinfra/oiUtil.cpp:2148:getFallDelay]: Assert "(ta !=0) && (tlc_ !=0)"
**DIAG[../../include/oiTmVNetlist.hpp:287:oiTmVInstTermCL]: Assert "timeLibContext_"
**DIAG[../../include/oiTmVNetlist.hpp:287:oiTmVInstTermCL]: Assert "timeLibContext_"
**DIAG[../../include/oiTmVNetlist.hpp:287:oiTmVInstTermCL]: Assert "timeLibContext_"
**DIAG[../../include/oiTmVNetlist.hpp:287:oiTmVInstTermCL]: Assert "timeLibContext_"
**DIAG[../../include/oiTmVNetlist.hpp:287:oiTmVInstTermCL]: Assert "timeLibContext_"
**DIAG[../../include/oiTmVNetlist.hpp:287:oiTmVInstTermCL]: Assert "timeLibContext_"
**DIAG[../../include/oiTmVNetlist.hpp:287:oiTmVInstTermCL]: Assert "timeLibContext_"
**DIAG[../../include/oiTmVNetlist.hpp:287:oiTmVInstTermCL]: Assert "timeLibContext_"
**DIAG[optinfra/oiUtil.cpp:2137:getRiseDelay]: Assert "(ta !=0) && (tlc_ !=0)"
**DIAG[optinfra/oiUtil.cpp:2148:getFallDelay]: Assert "(ta !=0) && (tlc_ !=0)"
**DIAG[optinfra/oiUtil.cpp:2137:getRiseDelay]: Assert "(ta !=0) && (tlc_ !=0)"
**DIAG[optinfra/oiUtil.cpp:2148:getFallDelay]: Assert "(ta !=0) && (tlc_ !=0)"
**DIAG[optinfra/oiUtil.cpp:2137:getRiseDelay]: Assert "(ta !=0) && (tlc_ !=0)"
**DIAG[optinfra/oiUtil.cpp:2148:getFallDelay]: Assert "(ta !=0) && (tlc_ !=0)"
**DIAG[../../include/oiTmVNetlist.hpp:287:oiTmVInstTermCL]: Assert "timeLibContext_"
**DIAG[../../include/oiTmVNetlist.hpp:287:oiTmVInstTermCL]: Assert "timeLibContext_"
**DIAG[../../include/oiTmVNetlist.hpp:287:oiTmVInstTermCL]: Assert "timeLibContext_"
**DIAG[../../include/oiTmVNetlist.hpp:287:oiTmVInstTermCL]: Assert "timeLibContext_"
**DIAG[../../include/oiTmVNetlist.hpp:287:oiTmVInstTermCL]: Assert "timeLibContext_"
**DIAG[../../include/oiTmVNetlist.hpp:287:oiTmVInstTermCL]: Assert "timeLibContext_"
**DIAG[../../include/oiTmVNetlist.hpp:287:oiTmVInstTermCL]: Assert "timeLibContext_"
**DIAG[../../include/oiTmVNetlist.hpp:287:oiTmVInstTermCL]: Assert "timeLibContext_"
**DIAG[optinfra/oiUtil.cpp:2137:getRiseDelay]: Assert "(ta !=0) && (tlc_ !=0)"
**DIAG[optinfra/oiUtil.cpp:2148:getFallDelay]: Assert "(ta !=0) && (tlc_ !=0)"
**DIAG[optinfra/oiUtil.cpp:2137:getRiseDelay]: Assert "(ta !=0) && (tlc_ !=0)"
**DIAG[optinfra/oiUtil.cpp:2148:getFallDelay]: Assert "(ta !=0) && (tlc_ !=0)"
**DIAG[optinfra/oiUtil.cpp:2137:getRiseDelay]: Assert "(ta !=0) && (tlc_ !=0)"
**DIAG[optinfra/oiUtil.cpp:2148:getFallDelay]: Assert "(ta !=0) && (tlc_ !=0)"
**DIAG[../../include/oiTmVNetlist.hpp:287:oiTmVInstTermCL]: Assert "timeLibContext_"
**DIAG[../../include/oiTmVNetlist.hpp:287:oiTmVInstTermCL]: Assert "timeLibContext_"
**DIAG[../../include/oiTmVNetlist.hpp:287:oiTmVInstTermCL]: Assert "timeLibContext_"
**DIAG[../../include/oiTmVNetlist.hpp:287:oiTmVInstTermCL]: Assert "timeLibContext_"
**DIAG[../../include/oiTmVNetlist.hpp:287:oiTmVInstTermCL]: Assert "timeLibContext_"
**DIAG[../../include/oiTmVNetlist.hpp:287:oiTmVInstTermCL]: Assert "timeLibContext_"
**DIAG[../../include/oiTmVNetlist.hpp:287:oiTmVInstTermCL]: Assert "timeLibContext_"
**DIAG[../../include/oiTmVNetlist.hpp:287:oiTmVInstTermCL]: Assert "timeLibContext_"
**DIAG[optinfra/oiUtil.cpp:2137:getRiseDelay]: Assert "(ta !=0) && (tlc_ !=0)"
**DIAG[optinfra/oiUtil.cpp:2148:getFallDelay]: Assert "(ta !=0) && (tlc_ !=0)"
**DIAG[optinfra/oiUtil.cpp:2137:getRiseDelay]: Assert "(ta !=0) && (tlc_ !=0)"
**DIAG[optinfra/oiUtil.cpp:2148:getFallDelay]: Assert "(ta !=0) && (tlc_ !=0)"
**DIAG[optinfra/oiUtil.cpp:2137:getRiseDelay]: Assert "(ta !=0) && (tlc_ !=0)"
**DIAG[optinfra/oiUtil.cpp:2148:getFallDelay]: Assert "(ta !=0) && (tlc_ !=0)"
**DIAG[../../include/oiTmVNetlist.hpp:287:oiTmVInstTermCL]: Assert "timeLibContext_"
**DIAG[../../include/oiTmVNetlist.hpp:287:oiTmVInstTermCL]: Assert "timeLibContext_"
**DIAG[../../include/oiTmVNetlist.hpp:287:oiTmVInstTermCL]: Assert "timeLibContext_"
**DIAG[../../include/oiTmVNetlist.hpp:287:oiTmVInstTermCL]: Assert "timeLibContext_"
**DIAG[../../include/oiTmVNetlist.hpp:287:oiTmVInstTermCL]: Assert "timeLibContext_"
**DIAG[../../include/oiTmVNetlist.hpp:287:oiTmVInstTermCL]: Assert "timeLibContext_"
**DIAG[../../include/oiTmVNetlist.hpp:287:oiTmVInstTermCL]: Assert "timeLibContext_"
**DIAG[../../include/oiTmVNetlist.hpp:287:oiTmVInstTermCL]: Assert "timeLibContext_"
**DIAG[optinfra/oiUtil.cpp:2137:getRiseDelay]: Assert "(ta !=0) && (tlc_ !=0)"
**DIAG[optinfra/oiUtil.cpp:2148:getFallDelay]: Assert "(ta !=0) && (tlc_ !=0)"
**DIAG[optinfra/oiUtil.cpp:2137:getRiseDelay]: Assert "(ta !=0) && (tlc_ !=0)"
**DIAG[optinfra/oiUtil.cpp:2148:getFallDelay]: Assert "(ta !=0) && (tlc_ !=0)"
**DIAG[optinfra/oiUtil.cpp:2137:getRiseDelay]: Assert "(ta !=0) && (tlc_ !=0)"
**DIAG[optinfra/oiUtil.cpp:2148:getFallDelay]: Assert "(ta !=0) && (tlc_ !=0)"
**DIAG[../../include/oiTmVNetlist.hpp:287:oiTmVInstTermCL]: Assert "timeLibContext_"
**DIAG[../../include/oiTmVNetlist.hpp:287:oiTmVInstTermCL]: Assert "timeLibContext_"
**DIAG[../../include/oiTmVNetlist.hpp:287:oiTmVInstTermCL]: Assert "timeLibContext_"
**DIAG[../../include/oiTmVNetlist.hpp:287:oiTmVInstTermCL]: Assert "timeLibContext_"
**DIAG[../../include/oiTmVNetlist.hpp:287:oiTmVInstTermCL]: Assert "timeLibContext_"
**DIAG[../../include/oiTmVNetlist.hpp:287:oiTmVInstTermCL]: Assert "timeLibContext_"
**DIAG[../../include/oiTmVNetlist.hpp:287:oiTmVInstTermCL]: Assert "timeLibContext_"
**DIAG[../../include/oiTmVNetlist.hpp:287:oiTmVInstTermCL]: Assert "timeLibContext_"
**DIAG[optinfra/oiUtil.cpp:2137:getRiseDelay]: Assert "(ta !=0) && (tlc_ !=0)"
**DIAG[optinfra/oiUtil.cpp:2148:getFallDelay]: Assert "(ta !=0) && (tlc_ !=0)"
**DIAG[optinfra/oiUtil.cpp:2137:getRiseDelay]: Assert "(ta !=0) && (tlc_ !=0)"
**DIAG[optinfra/oiUtil.cpp:2148:getFallDelay]: Assert "(ta !=0) && (tlc_ !=0)"
**DIAG[optinfra/oiUtil.cpp:2137:getRiseDelay]: Assert "(ta !=0) && (tlc_ !=0)"
**DIAG[optinfra/oiUtil.cpp:2148:getFallDelay]: Assert "(ta !=0) && (tlc_ !=0)"
**DIAG[../../include/oiTmVNetlist.hpp:287:oiTmVInstTermCL]: Assert "timeLibContext_"
**DIAG[../../include/oiTmVNetlist.hpp:287:oiTmVInstTermCL]: Assert "timeLibContext_"
**DIAG[../../include/oiTmVNetlist.hpp:287:oiTmVInstTermCL]: Assert "timeLibContext_"
**DIAG[../../include/oiTmVNetlist.hpp:287:oiTmVInstTermCL]: Assert "timeLibContext_"
**DIAG[../../include/oiTmVNetlist.hpp:287:oiTmVInstTermCL]: Assert "timeLibContext_"
**DIAG[../../include/oiTmVNetlist.hpp:287:oiTmVInstTermCL]: Assert "timeLibContext_"
**DIAG[../../include/oiTmVNetlist.hpp:287:oiTmVInstTermCL]: Assert "timeLibContext_"
**DIAG[../../include/oiTmVNetlist.hpp:287:oiTmVInstTermCL]: Assert "timeLibContext_"
**DIAG[optinfra/oiUtil.cpp:2137:getRiseDelay]: Assert "(ta !=0) && (tlc_ !=0)"
**DIAG[optinfra/oiUtil.cpp:2148:getFallDelay]: Assert "(ta !=0) && (tlc_ !=0)"
**DIAG[optinfra/oiUtil.cpp:2137:getRiseDelay]: Assert "(ta !=0) && (tlc_ !=0)"
**DIAG[optinfra/oiUtil.cpp:2148:getFallDelay]: Assert "(ta !=0) && (tlc_ !=0)"
**DIAG[optinfra/oiUtil.cpp:2137:getRiseDelay]: Assert "(ta !=0) && (tlc_ !=0)"
**DIAG[optinfra/oiUtil.cpp:2148:getFallDelay]: Assert "(ta !=0) && (tlc_ !=0)"
**DIAG[../../include/oiTmVNetlist.hpp:287:oiTmVInstTermCL]: Assert "timeLibContext_"
**DIAG[../../include/oiTmVNetlist.hpp:287:oiTmVInstTermCL]: Assert "timeLibContext_"
**DIAG[../../include/oiTmVNetlist.hpp:287:oiTmVInstTermCL]: Assert "timeLibContext_"
**DIAG[../../include/oiTmVNetlist.hpp:287:oiTmVInstTermCL]: Assert "timeLibContext_"
**DIAG[../../include/oiTmVNetlist.hpp:287:oiTmVInstTermCL]: Assert "timeLibContext_"
**DIAG[../../include/oiTmVNetlist.hpp:287:oiTmVInstTermCL]: Assert "timeLibContext_"
**DIAG[../../include/oiTmVNetlist.hpp:287:oiTmVInstTermCL]: Assert "timeLibContext_"
**DIAG[../../include/oiTmVNetlist.hpp:287:oiTmVInstTermCL]: Assert "timeLibContext_"
**DIAG[optinfra/oiUtil.cpp:2137:getRiseDelay]: Assert "(ta !=0) && (tlc_ !=0)"
**DIAG[optinfra/oiUtil.cpp:2148:getFallDelay]: Assert "(ta !=0) && (tlc_ !=0)"
**DIAG[optinfra/oiUtil.cpp:2137:getRiseDelay]: Assert "(ta !=0) && (tlc_ !=0)"
**DIAG[optinfra/oiUtil.cpp:2148:getFallDelay]: Assert "(ta !=0) && (tlc_ !=0)"
**DIAG[optinfra/oiUtil.cpp:2137:getRiseDelay]: Assert "(ta !=0) && (tlc_ !=0)"
**DIAG[optinfra/oiUtil.cpp:2148:getFallDelay]: Assert "(ta !=0) && (tlc_ !=0)"
**DIAG[../../include/oiTmVNetlist.hpp:287:oiTmVInstTermCL]: Assert "timeLibContext_"
**DIAG[../../include/oiTmVNetlist.hpp:287:oiTmVInstTermCL]: Assert "timeLibContext_"
**DIAG[../../include/oiTmVNetlist.hpp:287:oiTmVInstTermCL]: Assert "timeLibContext_"
**DIAG[../../include/oiTmVNetlist.hpp:287:oiTmVInstTermCL]: Assert "timeLibContext_"
**DIAG[../../include/oiTmVNetlist.hpp:287:oiTmVInstTermCL]: Assert "timeLibContext_"
**DIAG[../../include/oiTmVNetlist.hpp:287:oiTmVInstTermCL]: Assert "timeLibContext_"
**DIAG[../../include/oiTmVNetlist.hpp:287:oiTmVInstTermCL]: Assert "timeLibContext_"
**DIAG[../../include/oiTmVNetlist.hpp:287:oiTmVInstTermCL]: Assert "timeLibContext_"
**DIAG[optinfra/oiUtil.cpp:2137:getRiseDelay]: Assert "(ta !=0) && (tlc_ !=0)"
**DIAG[optinfra/oiUtil.cpp:2148:getFallDelay]: Assert "(ta !=0) && (tlc_ !=0)"
**DIAG[optinfra/oiUtil.cpp:2137:getRiseDelay]: Assert "(ta !=0) && (tlc_ !=0)"
**DIAG[optinfra/oiUtil.cpp:2148:getFallDelay]: Assert "(ta !=0) && (tlc_ !=0)"
**DIAG[optinfra/oiUtil.cpp:2137:getRiseDelay]: Assert "(ta !=0) && (tlc_ !=0)"
**DIAG[optinfra/oiUtil.cpp:2148:getFallDelay]: Assert "(ta !=0) && (tlc_ !=0)"
**DIAG[../../include/oiTmVNetlist.hpp:287:oiTmVInstTermCL]: Assert "timeLibContext_"
**DIAG[../../include/oiTmVNetlist.hpp:287:oiTmVInstTermCL]: Assert "timeLibContext_"
**DIAG[../../include/oiTmVNetlist.hpp:287:oiTmVInstTermCL]: Assert "timeLibContext_"
**DIAG[../../include/oiTmVNetlist.hpp:287:oiTmVInstTermCL]: Assert "timeLibContext_"
**DIAG[../../include/oiTmVNetlist.hpp:287:oiTmVInstTermCL]: Assert "timeLibContext_"
**DIAG[../../include/oiTmVNetlist.hpp:287:oiTmVInstTermCL]: Assert "timeLibContext_"
**DIAG[../../include/oiTmVNetlist.hpp:287:oiTmVInstTermCL]: Assert "timeLibContext_"
**DIAG[../../include/oiTmVNetlist.hpp:287:oiTmVInstTermCL]: Assert "timeLibContext_"
**DIAG[optinfra/oiUtil.cpp:2137:getRiseDelay]: Assert "(ta !=0) && (tlc_ !=0)"
**DIAG[optinfra/oiUtil.cpp:2148:getFallDelay]: Assert "(ta !=0) && (tlc_ !=0)"
**DIAG[optinfra/oiUtil.cpp:2137:getRiseDelay]: Assert "(ta !=0) && (tlc_ !=0)"
**DIAG[optinfra/oiUtil.cpp:2148:getFallDelay]: Assert "(ta !=0) && (tlc_ !=0)"
**DIAG[optinfra/oiUtil.cpp:2137:getRiseDelay]: Assert "(ta !=0) && (tlc_ !=0)"
**DIAG[optinfra/oiUtil.cpp:2148:getFallDelay]: Assert "(ta !=0) && (tlc_ !=0)"
**DIAG[../../include/oiTmVNetlist.hpp:287:oiTmVInstTermCL]: Assert "timeLibContext_"
**DIAG[../../include/oiTmVNetlist.hpp:287:oiTmVInstTermCL]: Assert "timeLibContext_"
**DIAG[../../include/oiTmVNetlist.hpp:287:oiTmVInstTermCL]: Assert "timeLibContext_"
**DIAG[../../include/oiTmVNetlist.hpp:287:oiTmVInstTermCL]: Assert "timeLibContext_"
**DIAG[../../include/oiTmVNetlist.hpp:287:oiTmVInstTermCL]: Assert "timeLibContext_"
**DIAG[../../include/oiTmVNetlist.hpp:287:oiTmVInstTermCL]: Assert "timeLibContext_"
**DIAG[../../include/oiTmVNetlist.hpp:287:oiTmVInstTermCL]: Assert "timeLibContext_"
**DIAG[../../include/oiTmVNetlist.hpp:287:oiTmVInstTermCL]: Assert "timeLibContext_"
**DIAG[optinfra/oiUtil.cpp:2137:getRiseDelay]: Assert "(ta !=0) && (tlc_ !=0)"
**DIAG[optinfra/oiUtil.cpp:2148:getFallDelay]: Assert "(ta !=0) && (tlc_ !=0)"
**DIAG[optinfra/oiUtil.cpp:2137:getRiseDelay]: Assert "(ta !=0) && (tlc_ !=0)"
**DIAG[optinfra/oiUtil.cpp:2148:getFallDelay]: Assert "(ta !=0) && (tlc_ !=0)"
**DIAG[optinfra/oiUtil.cpp:2137:getRiseDelay]: Assert "(ta !=0) && (tlc_ !=0)"
**DIAG[optinfra/oiUtil.cpp:2148:getFallDelay]: Assert "(ta !=0) && (tlc_ !=0)"
**DIAG[../../include/oiTmVNetlist.hpp:287:oiTmVInstTermCL]: Assert "timeLibContext_"
**DIAG[../../include/oiTmVNetlist.hpp:287:oiTmVInstTermCL]: Assert "timeLibContext_"
**DIAG[../../include/oiTmVNetlist.hpp:287:oiTmVInstTermCL]: Assert "timeLibContext_"
**DIAG[../../include/oiTmVNetlist.hpp:287:oiTmVInstTermCL]: Assert "timeLibContext_"
**DIAG[../../include/oiTmVNetlist.hpp:287:oiTmVInstTermCL]: Assert "timeLibContext_"
**DIAG[../../include/oiTmVNetlist.hpp:287:oiTmVInstTermCL]: Assert "timeLibContext_"
**DIAG[../../include/oiTmVNetlist.hpp:287:oiTmVInstTermCL]: Assert "timeLibContext_"
**DIAG[../../include/oiTmVNetlist.hpp:287:oiTmVInstTermCL]: Assert "timeLibContext_"
**DIAG[optinfra/oiUtil.cpp:2137:getRiseDelay]: Assert "(ta !=0) && (tlc_ !=0)"
**DIAG[optinfra/oiUtil.cpp:2148:getFallDelay]: Assert "(ta !=0) && (tlc_ !=0)"
**DIAG[optinfra/oiUtil.cpp:2137:getRiseDelay]: Assert "(ta !=0) && (tlc_ !=0)"
**DIAG[optinfra/oiUtil.cpp:2148:getFallDelay]: Assert "(ta !=0) && (tlc_ !=0)"
**DIAG[optinfra/oiUtil.cpp:2137:getRiseDelay]: Assert "(ta !=0) && (tlc_ !=0)"
**DIAG[optinfra/oiUtil.cpp:2148:getFallDelay]: Assert "(ta !=0) && (tlc_ !=0)"
**DIAG[../../include/oiTmVNetlist.hpp:287:oiTmVInstTermCL]: Assert "timeLibContext_"
**DIAG[../../include/oiTmVNetlist.hpp:287:oiTmVInstTermCL]: Assert "timeLibContext_"
**DIAG[../../include/oiTmVNetlist.hpp:287:oiTmVInstTermCL]: Assert "timeLibContext_"
**DIAG[../../include/oiTmVNetlist.hpp:287:oiTmVInstTermCL]: Assert "timeLibContext_"
**DIAG[../../include/oiTmVNetlist.hpp:287:oiTmVInstTermCL]: Assert "timeLibContext_"
**DIAG[../../include/oiTmVNetlist.hpp:287:oiTmVInstTermCL]: Assert "timeLibContext_"
**DIAG[../../include/oiTmVNetlist.hpp:287:oiTmVInstTermCL]: Assert "timeLibContext_"
**DIAG[../../include/oiTmVNetlist.hpp:287:oiTmVInstTermCL]: Assert "timeLibContext_"
**DIAG[optinfra/oiUtil.cpp:2137:getRiseDelay]: Assert "(ta !=0) && (tlc_ !=0)"
**DIAG[optinfra/oiUtil.cpp:2148:getFallDelay]: Assert "(ta !=0) && (tlc_ !=0)"
**DIAG[optinfra/oiUtil.cpp:2137:getRiseDelay]: Assert "(ta !=0) && (tlc_ !=0)"
**DIAG[optinfra/oiUtil.cpp:2148:getFallDelay]: Assert "(ta !=0) && (tlc_ !=0)"
**DIAG[optinfra/oiUtil.cpp:2137:getRiseDelay]: Assert "(ta !=0) && (tlc_ !=0)"
**DIAG[optinfra/oiUtil.cpp:2148:getFallDelay]: Assert "(ta !=0) && (tlc_ !=0)"
**DIAG[../../include/oiTmVNetlist.hpp:287:oiTmVInstTermCL]: Assert "timeLibContext_"
**DIAG[../../include/oiTmVNetlist.hpp:287:oiTmVInstTermCL]: Assert "timeLibContext_"
**DIAG[../../include/oiTmVNetlist.hpp:287:oiTmVInstTermCL]: Assert "timeLibContext_"
**DIAG[../../include/oiTmVNetlist.hpp:287:oiTmVInstTermCL]: Assert "timeLibContext_"
**DIAG[../../include/oiTmVNetlist.hpp:287:oiTmVInstTermCL]: Assert "timeLibContext_"
**DIAG[../../include/oiTmVNetlist.hpp:287:oiTmVInstTermCL]: Assert "timeLibContext_"
**DIAG[../../include/oiTmVNetlist.hpp:287:oiTmVInstTermCL]: Assert "timeLibContext_"
**DIAG[../../include/oiTmVNetlist.hpp:287:oiTmVInstTermCL]: Assert "timeLibContext_"
**DIAG[optinfra/oiUtil.cpp:2137:getRiseDelay]: Assert "(ta !=0) && (tlc_ !=0)"
**DIAG[optinfra/oiUtil.cpp:2148:getFallDelay]: Assert "(ta !=0) && (tlc_ !=0)"
**DIAG[optinfra/oiUtil.cpp:2137:getRiseDelay]: Assert "(ta !=0) && (tlc_ !=0)"
**DIAG[optinfra/oiUtil.cpp:2148:getFallDelay]: Assert "(ta !=0) && (tlc_ !=0)"
**DIAG[optinfra/oiUtil.cpp:2137:getRiseDelay]: Assert "(ta !=0) && (tlc_ !=0)"
**DIAG[optinfra/oiUtil.cpp:2148:getFallDelay]: Assert "(ta !=0) && (tlc_ !=0)"
**DIAG[../../include/oiTmVNetlist.hpp:287:oiTmVInstTermCL]: Assert "timeLibContext_"
**DIAG[../../include/oiTmVNetlist.hpp:287:oiTmVInstTermCL]: Assert "timeLibContext_"
**DIAG[../../include/oiTmVNetlist.hpp:287:oiTmVInstTermCL]: Assert "timeLibContext_"
**DIAG[../../include/oiTmVNetlist.hpp:287:oiTmVInstTermCL]: Assert "timeLibContext_"
**DIAG[../../include/oiTmVNetlist.hpp:287:oiTmVInstTermCL]: Assert "timeLibContext_"
**DIAG[../../include/oiTmVNetlist.hpp:287:oiTmVInstTermCL]: Assert "timeLibContext_"
**DIAG[../../include/oiTmVNetlist.hpp:287:oiTmVInstTermCL]: Assert "timeLibContext_"
**DIAG[../../include/oiTmVNetlist.hpp:287:oiTmVInstTermCL]: Assert "timeLibContext_"
**DIAG[optinfra/oiUtil.cpp:2137:getRiseDelay]: Assert "(ta !=0) && (tlc_ !=0)"
**DIAG[optinfra/oiUtil.cpp:2148:getFallDelay]: Assert "(ta !=0) && (tlc_ !=0)"
**DIAG[optinfra/oiUtil.cpp:2137:getRiseDelay]: Assert "(ta !=0) && (tlc_ !=0)"
**DIAG[optinfra/oiUtil.cpp:2148:getFallDelay]: Assert "(ta !=0) && (tlc_ !=0)"
**DIAG[optinfra/oiUtil.cpp:2137:getRiseDelay]: Assert "(ta !=0) && (tlc_ !=0)"
**DIAG[optinfra/oiUtil.cpp:2148:getFallDelay]: Assert "(ta !=0) && (tlc_ !=0)"
**DIAG[../../include/oiTmVNetlist.hpp:287:oiTmVInstTermCL]: Assert "timeLibContext_"
**DIAG[../../include/oiTmVNetlist.hpp:287:oiTmVInstTermCL]: Assert "timeLibContext_"
**DIAG[../../include/oiTmVNetlist.hpp:287:oiTmVInstTermCL]: Assert "timeLibContext_"
**DIAG[../../include/oiTmVNetlist.hpp:287:oiTmVInstTermCL]: Assert "timeLibContext_"
**DIAG[../../include/oiTmVNetlist.hpp:287:oiTmVInstTermCL]: Assert "timeLibContext_"
**DIAG[../../include/oiTmVNetlist.hpp:287:oiTmVInstTermCL]: Assert "timeLibContext_"
**DIAG[../../include/oiTmVNetlist.hpp:287:oiTmVInstTermCL]: Assert "timeLibContext_"
**DIAG[../../include/oiTmVNetlist.hpp:287:oiTmVInstTermCL]: Assert "timeLibContext_"
**DIAG[optinfra/oiUtil.cpp:2137:getRiseDelay]: Assert "(ta !=0) && (tlc_ !=0)"
**DIAG[optinfra/oiUtil.cpp:2148:getFallDelay]: Assert "(ta !=0) && (tlc_ !=0)"
**DIAG[optinfra/oiUtil.cpp:2137:getRiseDelay]: Assert "(ta !=0) && (tlc_ !=0)"
**DIAG[optinfra/oiUtil.cpp:2148:getFallDelay]: Assert "(ta !=0) && (tlc_ !=0)"
**DIAG[optinfra/oiUtil.cpp:2137:getRiseDelay]: Assert "(ta !=0) && (tlc_ !=0)"
**DIAG[optinfra/oiUtil.cpp:2148:getFallDelay]: Assert "(ta !=0) && (tlc_ !=0)"
**DIAG[../../include/oiTmVNetlist.hpp:287:oiTmVInstTermCL]: Assert "timeLibContext_"
**DIAG[../../include/oiTmVNetlist.hpp:287:oiTmVInstTermCL]: Assert "timeLibContext_"
**DIAG[../../include/oiTmVNetlist.hpp:287:oiTmVInstTermCL]: Assert "timeLibContext_"
**DIAG[../../include/oiTmVNetlist.hpp:287:oiTmVInstTermCL]: Assert "timeLibContext_"
**DIAG[../../include/oiTmVNetlist.hpp:287:oiTmVInstTermCL]: Assert "timeLibContext_"
**DIAG[../../include/oiTmVNetlist.hpp:287:oiTmVInstTermCL]: Assert "timeLibContext_"
**DIAG[../../include/oiTmVNetlist.hpp:287:oiTmVInstTermCL]: Assert "timeLibContext_"
**DIAG[../../include/oiTmVNetlist.hpp:287:oiTmVInstTermCL]: Assert "timeLibContext_"
**DIAG[optinfra/oiUtil.cpp:2137:getRiseDelay]: Assert "(ta !=0) && (tlc_ !=0)"
**DIAG[optinfra/oiUtil.cpp:2148:getFallDelay]: Assert "(ta !=0) && (tlc_ !=0)"
**DIAG[optinfra/oiUtil.cpp:2137:getRiseDelay]: Assert "(ta !=0) && (tlc_ !=0)"
**DIAG[optinfra/oiUtil.cpp:2148:getFallDelay]: Assert "(ta !=0) && (tlc_ !=0)"
**DIAG[optinfra/oiUtil.cpp:2137:getRiseDelay]: Assert "(ta !=0) && (tlc_ !=0)"
**DIAG[optinfra/oiUtil.cpp:2148:getFallDelay]: Assert "(ta !=0) && (tlc_ !=0)"
**DIAG[../../include/oiTmVNetlist.hpp:287:oiTmVInstTermCL]: Assert "timeLibContext_"
**DIAG[../../include/oiTmVNetlist.hpp:287:oiTmVInstTermCL]: Assert "timeLibContext_"
**DIAG[../../include/oiTmVNetlist.hpp:287:oiTmVInstTermCL]: Assert "timeLibContext_"
**DIAG[../../include/oiTmVNetlist.hpp:287:oiTmVInstTermCL]: Assert "timeLibContext_"
**DIAG[../../include/oiTmVNetlist.hpp:287:oiTmVInstTermCL]: Assert "timeLibContext_"
**DIAG[../../include/oiTmVNetlist.hpp:287:oiTmVInstTermCL]: Assert "timeLibContext_"
**DIAG[../../include/oiTmVNetlist.hpp:287:oiTmVInstTermCL]: Assert "timeLibContext_"
**DIAG[../../include/oiTmVNetlist.hpp:287:oiTmVInstTermCL]: Assert "timeLibContext_"
**DIAG[optinfra/oiUtil.cpp:2137:getRiseDelay]: Assert "(ta !=0) && (tlc_ !=0)"
**DIAG[optinfra/oiUtil.cpp:2148:getFallDelay]: Assert "(ta !=0) && (tlc_ !=0)"
**DIAG[optinfra/oiUtil.cpp:2137:getRiseDelay]: Assert "(ta !=0) && (tlc_ !=0)"
**DIAG[optinfra/oiUtil.cpp:2148:getFallDelay]: Assert "(ta !=0) && (tlc_ !=0)"
**DIAG[optinfra/oiUtil.cpp:2137:getRiseDelay]: Assert "(ta !=0) && (tlc_ !=0)"
**DIAG[optinfra/oiUtil.cpp:2148:getFallDelay]: Assert "(ta !=0) && (tlc_ !=0)"
**DIAG[../../include/oiTmVNetlist.hpp:287:oiTmVInstTermCL]: Assert "timeLibContext_"
**DIAG[../../include/oiTmVNetlist.hpp:287:oiTmVInstTermCL]: Assert "timeLibContext_"
**DIAG[../../include/oiTmVNetlist.hpp:287:oiTmVInstTermCL]: Assert "timeLibContext_"
**DIAG[../../include/oiTmVNetlist.hpp:287:oiTmVInstTermCL]: Assert "timeLibContext_"
**DIAG[../../include/oiTmVNetlist.hpp:287:oiTmVInstTermCL]: Assert "timeLibContext_"
**DIAG[../../include/oiTmVNetlist.hpp:287:oiTmVInstTermCL]: Assert "timeLibContext_"
**DIAG[../../include/oiTmVNetlist.hpp:287:oiTmVInstTermCL]: Assert "timeLibContext_"
**DIAG[../../include/oiTmVNetlist.hpp:287:oiTmVInstTermCL]: Assert "timeLibContext_"
**DIAG[optinfra/oiUtil.cpp:2137:getRiseDelay]: Assert "(ta !=0) && (tlc_ !=0)"
**DIAG[optinfra/oiUtil.cpp:2148:getFallDelay]: Assert "(ta !=0) && (tlc_ !=0)"
**DIAG[optinfra/oiUtil.cpp:2137:getRiseDelay]: Assert "(ta !=0) && (tlc_ !=0)"
**DIAG[optinfra/oiUtil.cpp:2148:getFallDelay]: Assert "(ta !=0) && (tlc_ !=0)"
**DIAG[optinfra/oiUtil.cpp:2137:getRiseDelay]: Assert "(ta !=0) && (tlc_ !=0)"
**DIAG[optinfra/oiUtil.cpp:2148:getFallDelay]: Assert "(ta !=0) && (tlc_ !=0)"
**DIAG[../../include/oiTmVNetlist.hpp:287:oiTmVInstTermCL]: Assert "timeLibContext_"
**DIAG[../../include/oiTmVNetlist.hpp:287:oiTmVInstTermCL]: Assert "timeLibContext_"
**DIAG[../../include/oiTmVNetlist.hpp:287:oiTmVInstTermCL]: Assert "timeLibContext_"
**DIAG[../../include/oiTmVNetlist.hpp:287:oiTmVInstTermCL]: Assert "timeLibContext_"
**DIAG[../../include/oiTmVNetlist.hpp:287:oiTmVInstTermCL]: Assert "timeLibContext_"
**DIAG[../../include/oiTmVNetlist.hpp:287:oiTmVInstTermCL]: Assert "timeLibContext_"
**DIAG[../../include/oiTmVNetlist.hpp:287:oiTmVInstTermCL]: Assert "timeLibContext_"
**DIAG[../../include/oiTmVNetlist.hpp:287:oiTmVInstTermCL]: Assert "timeLibContext_"
**DIAG[optinfra/oiUtil.cpp:2137:getRiseDelay]: Assert "(ta !=0) && (tlc_ !=0)"
**DIAG[optinfra/oiUtil.cpp:2148:getFallDelay]: Assert "(ta !=0) && (tlc_ !=0)"
**DIAG[optinfra/oiUtil.cpp:2137:getRiseDelay]: Assert "(ta !=0) && (tlc_ !=0)"
**DIAG[optinfra/oiUtil.cpp:2148:getFallDelay]: Assert "(ta !=0) && (tlc_ !=0)"
**DIAG[optinfra/oiUtil.cpp:2137:getRiseDelay]: Assert "(ta !=0) && (tlc_ !=0)"
**DIAG[optinfra/oiUtil.cpp:2148:getFallDelay]: Assert "(ta !=0) && (tlc_ !=0)"
**DIAG[../../include/oiTmVNetlist.hpp:287:oiTmVInstTermCL]: Assert "timeLibContext_"
**DIAG[../../include/oiTmVNetlist.hpp:287:oiTmVInstTermCL]: Assert "timeLibContext_"
**DIAG[../../include/oiTmVNetlist.hpp:287:oiTmVInstTermCL]: Assert "timeLibContext_"
**DIAG[../../include/oiTmVNetlist.hpp:287:oiTmVInstTermCL]: Assert "timeLibContext_"
**DIAG[../../include/oiTmVNetlist.hpp:287:oiTmVInstTermCL]: Assert "timeLibContext_"
**DIAG[../../include/oiTmVNetlist.hpp:287:oiTmVInstTermCL]: Assert "timeLibContext_"
**DIAG[../../include/oiTmVNetlist.hpp:287:oiTmVInstTermCL]: Assert "timeLibContext_"
**DIAG[../../include/oiTmVNetlist.hpp:287:oiTmVInstTermCL]: Assert "timeLibContext_"
**DIAG[optinfra/oiUtil.cpp:2137:getRiseDelay]: Assert "(ta !=0) && (tlc_ !=0)"
**DIAG[optinfra/oiUtil.cpp:2148:getFallDelay]: Assert "(ta !=0) && (tlc_ !=0)"
**DIAG[optinfra/oiUtil.cpp:2137:getRiseDelay]: Assert "(ta !=0) && (tlc_ !=0)"
**DIAG[optinfra/oiUtil.cpp:2148:getFallDelay]: Assert "(ta !=0) && (tlc_ !=0)"
**DIAG[optinfra/oiUtil.cpp:2137:getRiseDelay]: Assert "(ta !=0) && (tlc_ !=0)"
**DIAG[optinfra/oiUtil.cpp:2148:getFallDelay]: Assert "(ta !=0) && (tlc_ !=0)"

--------------------------------------------------------------------------------
Exiting Innovus on Thu Jul  9 05:47:25 2026
  Total CPU time:     0:00:58
  Total real time:    0:02:57
  Peak memory (main): 1887.14MB


*** Memory Usage v#1 (Current mem = 2160.043M, initial mem = 654.375M) ***
*** Message Summary: 8 warning(s), 2 error(s)

--- Ending "Innovus" (totcpu=0:00:57.3, real=0:02:54, mem=2160.0M) ---
