Cadence Genus(TM) Synthesis Solution.
Copyright 2024 Cadence Design Systems, Inc. All rights reserved worldwide.
Cadence and the Cadence logo are registered trademarks and Genus is a trademark
of Cadence Design Systems, Inc. in the United States and other countries.

[06:43:52.163233] Configured Lic search path (22.01-s003): 5280@172.31.52.241

Version: 22.17-s071_1, built Wed Sep 11 20:37:05 PDT 2024
Options: -files my_syn.tcl 
Date:    Thu Jul 09 06:43:52 2026
Host:    kopo-seongnam (x86_64 w/Linux 3.10.0-1160.el7.x86_64) (20cores*80cpus*2physical cpus*Intel(R) Xeon(R) Gold 5218R CPU @ 2.10GHz 28160KB) (394624392KB)
PID:     47998
OS:      CentOS Linux release 7.9.2009 (Core)

Checking out license: Genus_Synthesis
[06:43:52.380753] Periodic Lic check successful
[06:43:52.380761] Feature usage summary:
[06:43:52.380762] Genus_Synthesis



***********************************************************************************************************
***********************************************************************************************************



Finished executable startup (1 second elapsed).

Loading tool scripts...
Finished loading tool scripts (14 seconds elapsed).

#@ Processing -files option
@genus 1> source my_syn.tcl
#@ Begin verbose source ./my_syn.tcl
@file(my_syn.tcl) 1: set_db init_lib_search_path /home/hah010/Basic_SoC_implementation/3_SYN/1_LIB 
  Setting attribute of root '/': 'init_lib_search_path' = /home/hah010/Basic_SoC_implementation/3_SYN/1_LIB
@file(my_syn.tcl) 2: set_db init_hdl_search_path /home/hah010/Basic_SoC_implementation/1_RTL/2_TINY_PROJECT/Timer
  Setting attribute of root '/': 'init_hdl_search_path' = /home/hah010/Basic_SoC_implementation/1_RTL/2_TINY_PROJECT/Timer
@file(my_syn.tcl) 4: read_libs slow_vdd1v0_basicCells.lib

  Message Summary for Library slow_vdd1v0_basicCells.lib:
  *******************************************************
  Missing a function attribute in the output pin definition. [LBR-518]: 1
  *******************************************************
 
Info    : Created nominal operating condition. [LBR-412]
        : Operating condition '_nominal_' was created for the PVT values (1.000000, 0.900000, 125.000000) in library 'slow_vdd1v0_basicCells.lib'.
        : The nominal operating condition is represented, either by the nominal PVT values specified in the library source (via nom_process,nom_voltage and nom_temperature respectively), or by the default PVT values (1.0,1.0,1.0).
Warning : Library cell has no output pins defined. [LBR-9]
        : Library cell 'ANTENNA' must have an output pin.
        : Add the missing output pin(s), then reload the library. Else the library cell will be marked as timing model i.e. unusable. Timing_model means that the cell does not have any defined function. If there is no output pin, Genus will mark library cell as unusable i.e. the attribute 'usable' will be marked to 'false' on the libcell. Therefore, the cell is not used for mapping and it will not be picked up from the library for synthesis. If you query the attribute 'unusable_reason' on the libcell; result will be: 'Library cell has no output pins.'Note: The message LBR-9 is only for the logical pins and not for the power_ground pins. Genus will depend upon the output function defined in the pin group (output pin) of the cell, to use it for mapping. The pg_pin will not have any function defined.
Warning : Library cell has no output pins defined. [LBR-9]
        : Library cell 'ANTENNA' must have an output pin.
@file(my_syn.tcl) 5: read_hdl digtimer.v
reg [19:0]cnt = 0;
                 |
Warning : Ignoring unsynthesizable construct. [VLOGPT-37]
        : Initial value assignment to reg in file '/home/hah010/Basic_SoC_implementation/1_RTL/2_TINY_PROJECT/Timer/digtimer.v' on line 7, column 18.
        : For example, the following constructs will be ignored:
    - initial block
    - final block
    - program block
    - property block
    - sequence block
    - covergroup
    - checker block
    - gate drive strength
    - system task enable
    - reg declaration with initial value
    - specify block.
reg [5:0] min=0;
               |
Warning : Ignoring unsynthesizable construct. [VLOGPT-37]
        : Initial value assignment to reg in file '/home/hah010/Basic_SoC_implementation/1_RTL/2_TINY_PROJECT/Timer/digtimer.v' on line 44, column 16.
reg [3:0] hour=0;
                |
Warning : Ignoring unsynthesizable construct. [VLOGPT-37]
        : Initial value assignment to reg in file '/home/hah010/Basic_SoC_implementation/1_RTL/2_TINY_PROJECT/Timer/digtimer.v' on line 73, column 17.
@file(my_syn.tcl) 7: elaborate
  Library has 324 usable logic and 128 usable sequential lib-cells.
Info    : Elaborating Design. [ELAB-1]
        : Elaborating top-level block 'digtimer' from file '/home/hah010/Basic_SoC_implementation/1_RTL/2_TINY_PROJECT/Timer/digtimer.v'.
Warning : Usage of non-static tasks or functions might result in simulation-synthesis mismatch. [VLOGPT-692]
        : in file '/tools/cadence/DDI221/GENUS221/tools.lnx86/lib/chipware/syn/CW/CW_div_k_arch_3.v' on line 1, column 21.
        : Use the 'automatic' keyword for declaring functions and tasks.
Warning : Usage of non-static tasks or functions might result in simulation-synthesis mismatch. [VLOGPT-692]
        : in file '/tools/cadence/DDI221/GENUS221/tools.lnx86/lib/chipware/syn/CW/CW_div_k_arch_3.v' on line 1, column 29.
Warning : Usage of non-static tasks or functions might result in simulation-synthesis mismatch. [VLOGPT-692]
        : in file '/tools/cadence/DDI221/GENUS221/tools.lnx86/lib/chipware/syn/CW/CW_div_k_arch_3.v' on line 1, column 32.
Warning : Usage of non-static tasks or functions might result in simulation-synthesis mismatch. [VLOGPT-692]
        : in file '/tools/cadence/DDI221/GENUS221/tools.lnx86/lib/chipware/syn/CW/CW_div_k_arch_3.v' on line 1, column 21.
Warning : Usage of non-static tasks or functions might result in simulation-synthesis mismatch. [VLOGPT-692]
        : in file '/tools/cadence/DDI221/GENUS221/tools.lnx86/lib/chipware/syn/CW/CW_div_k_arch_3.v' on line 1, column 14.
Warning : Usage of non-static tasks or functions might result in simulation-synthesis mismatch. [VLOGPT-692]
        : in file '/tools/cadence/DDI221/GENUS221/tools.lnx86/lib/chipware/syn/CW/CW_div_k_arch_3.v' on line 1, column 14.
Warning : Usage of non-static tasks or functions might result in simulation-synthesis mismatch. [VLOGPT-692]
        : in file '/tools/cadence/DDI221/GENUS221/tools.lnx86/lib/chipware/syn/CW/CW_div_k_arch_3.v' on line 1, column 14.
Warning : Usage of non-static tasks or functions might result in simulation-synthesis mismatch. [VLOGPT-692]
        : in file '/tools/cadence/DDI221/GENUS221/tools.lnx86/lib/chipware/syn/CW/CW_div_k_arch_3.v' on line 1, column 14.
Warning : Usage of non-static tasks or functions might result in simulation-synthesis mismatch. [VLOGPT-692]
        : in file '/tools/cadence/DDI221/GENUS221/tools.lnx86/lib/chipware/syn/CW/CW_div_k_arch_3.v' on line 1, column 14.
Warning : Usage of non-static tasks or functions might result in simulation-synthesis mismatch. [VLOGPT-692]
        : in file '/tools/cadence/DDI221/GENUS221/tools.lnx86/lib/chipware/syn/CW/CW_div_k_arch_3.v' on line 1, column 14.
Info    : Done Elaborating Design. [ELAB-3]
        : Done elaborating 'digtimer'.
Checking for analog nets...
Check completed for analog nets.
Checking for source RTL...
Check completed for source RTL.
Running Unified Mux Engine Tricks...
Completed Unified Mux Engine Tricks

Stage: post_elab
-------------------------------------------------------
| Trick             | Accepts | Rejects | Runtime (s) | 
-------------------------------------------------------
| ume_constant_bmux |       0 |       0 |        0.00 | 
| ume_merge         |       0 |       0 |        0.00 | 
| ume_ssm           |       0 |       0 |        0.00 | 
| ume_cse           |       0 |       0 |        0.00 | 
| ume_shrink        |       0 |       0 |        0.00 | 
| ume_sweep         |       0 |       0 |        0.00 | 
-------------------------------------------------------
Starting optimize datapath shifters [v1.0] (stage: post_elab, startdef: digtimer, recur: true)
Completed optimize datapath shifters (accepts: 0, rejects: 0, runtime: 0.000s)
Starting clip mux common data inputs [v1.0] (stage: post_elab, startdef: digtimer, recur: true)
Completed clip mux common data inputs (accepts: 0, rejects: 0, runtime: 0.001s)
Starting clip the non-user hierarchies [v2.0] (stage: post_elab, startdef: digtimer, recur: true)
Completed clip the non-user hierarchies (accepts: 0, rejects: 0, runtime: 0.000s)
Starting basic netlist cleanup [v1.0] (stage: post_elab, startdef: digtimer, recur: true)
Completed basic netlist cleanup (accepts: 0, rejects: 0, runtime: 0.000s)

Stage: post_elab
--------------------------------------------------------------------
| Transform                      | Accepts | Rejects | Runtime (s) | 
--------------------------------------------------------------------
| hlo_optimize_datapath_shifters |       0 |       0 |        0.00 | 
| hlo_clip_mux_input             |       0 |       0 |        0.00 | 
| hlo_clip                       |       0 |       0 |        0.00 | 
| hlo_cleanup                    |       0 |       0 |        0.00 | 
--------------------------------------------------------------------
UM:   flow.cputime  flow.realtime  timing.setup.tns  timing.setup.wns  snapshot
UM:*                                                                   elaborate
@file(my_syn.tcl) 9: read_sdc /home/hah010/Basic_SoC_implementation/3_SYN/2_CONSTRAINTS/timer.sdc
Statistics for commands executed by read_sdc:
 "all_outputs"              - successful      1 , failed      0 (runtime  0.00)
 "create_clock"             - successful      1 , failed      0 (runtime  0.01)
 "get_clocks"               - successful      4 , failed      0 (runtime  0.00)
 "get_ports"                - successful      3 , failed      0 (runtime  0.01)
 "set_clock_transition"     - successful      2 , failed      0 (runtime  0.00)
 "set_clock_uncertainty"    - successful      1 , failed      0 (runtime  0.00)
 "set_input_delay"          - successful      1 , failed      0 (runtime  0.00)
 "set_output_delay"         - successful      1 , failed      0 (runtime  0.00)
read_sdc completed in 00:00:00 (hh:mm:ss)
@file(my_syn.tcl) 11: set_db syn_generic_effort medium
  Setting attribute of root '/': 'syn_generic_effort' = medium
@file(my_syn.tcl) 12: set_db syn_map_effort medium
  Setting attribute of root '/': 'syn_map_effort' = medium
@file(my_syn.tcl) 13: set_db syn_opt_effort medium
  Setting attribute of root '/': 'syn_opt_effort' = medium
@file(my_syn.tcl) 15: syn_generic

Stage: pre_early_cg
-----------------------------------------------
| Transform | Accepts | Rejects | Runtime (s) | 
-----------------------------------------------
-----------------------------------------------
Mapping ChipWare ICG instances in digtimer
Found 0 unmapped ChipWare ICG instances
Mapped 0 of 0 ChipWare ICG instances
##Generic Timing Info for library domain: _default_ typical gate delay: 127.6 ps std_slew: 17.9 ps std_load: 1.0 fF
Starting mux data reorder optimization [v1.0] (stage: pre_to_gen_setup, startdef: digtimer, recur: true)
Completed mux data reorder optimization (accepts: 0, rejects: 0, runtime: 0.000s)

Stage: pre_to_gen_setup
-----------------------------------------------------
| Transform       | Accepts | Rejects | Runtime (s) | 
-----------------------------------------------------
| hlo_mux_reorder |       0 |       0 |        0.00 | 
-----------------------------------------------------
Running DP early constant propagation (netlist digtimer)...
Info    : Replacing a flip-flop with a logic constant 0. [GLO-12]
        : The instance is 'ut_sec/cnt_reg[18]'.
        : To prevent this optimization, set the 'optimize_constant_0_flops' root attribute to 'false' or 'optimize_constant_0_seq' instance attribute to 'false'. You can also see the complete list of deleted sequential with command "report sequential -deleted" (on Reason "constant0").
Info    : Replacing a flip-flop with a logic constant 0. [GLO-12]
        : The instance is 'ut_sec/cnt_reg[19]'.
Info    : Replacing a flip-flop with a logic constant 0. [GLO-12]
        : The instance is 'ut_sec/cnt_reg[17]'.
...done running DP early constant propagation (0 seconds CPU time, netlist digtimer).
Info    : Deleting instances not driving any primary outputs. [GLO-34]
        : Deleting 3 sequential instances.
        : Optimizations such as constant propagation or redundancy removal could change the connections so a hierarchical instance does not drive any primary outputs anymore. To see the list of deleted hierarchical instances, set the 'information_level' attribute to 2 or above. If the message is truncated set the message attribute 'truncate' to false to see the complete list. To prevent this optimization, set the 'delete_unloaded_insts' root/subdesign attribute to 'false' or 'preserve' instance attribute to 'true'.
Info    : Synthesizing. [SYNTH-1]
        : Synthesizing 'digtimer' to generic gates using 'medium' effort.
Running Synthesis Turbo Flow Version 2.
PBS_Generic-Start - Elapsed_Time 0, CPU_Time 0.0
stamp 'PBS_Generic-Start' being created for table 'pbs_debug'

  Total Time (Wall) |  Stage Time (Wall)  |   % (Wall)   |    Date - Time     |  Memory   | Stage
--------------------+---------------------+--------------+--------------------+-----------+----------------------
 00:00:16(00:00:08) |  00:00:00(00:00:00) |   0.0(  0.0) |    6:44:08 (Jul09) |  381.8 MB | PBS_Generic-Start
--------------------+---------------------+--------------+--------------------+-----------+----------------------
Number of threads: 8 * 1   (id: pbs_debug, time_info v1.57)
Info: (*N*) indicates data that was populated from previously saved time_info database
Info: CPU time includes time of parent + longest thread
Info    : Partition Based Synthesis execution skipped. [PHYS-752]
        : Design size is less than the partition size '100000' for distributed generic optimization to kick in.
Starting mux data reorder optimization [v1.0] (stage: pre_to_gen_setup, startdef: digtimer, recur: true)
Completed mux data reorder optimization (accepts: 0, rejects: 0, runtime: 0.001s)

Stage: pre_to_gen_setup
-----------------------------------------------------
| Transform       | Accepts | Rejects | Runtime (s) | 
-----------------------------------------------------
| hlo_mux_reorder |       0 |       0 |        0.00 | 
-----------------------------------------------------
Starting mux data reorder optimization [v1.0] (stage: post_to_gen_setup, startdef: digtimer, recur: true)
Completed mux data reorder optimization (accepts: 0, rejects: 0, runtime: 0.000s)

Stage: post_to_gen_setup
-----------------------------------------------------
| Transform       | Accepts | Rejects | Runtime (s) | 
-----------------------------------------------------
| hlo_mux_reorder |       0 |       0 |        0.00 | 
-----------------------------------------------------
Running Unified Mux Engine Tricks...
Completed Unified Mux Engine Tricks

Stage: pre_hlo_rtlopt
-----------------------------------------------
| Trick     | Accepts | Rejects | Runtime (s) | 
-----------------------------------------------
| ume_ssm   |       0 |       0 |        0.00 | 
| ume_sweep |       0 |       0 |        0.00 | 
| ume_share |       0 |       0 |        0.00 | 
-----------------------------------------------
Begin SDR optimization 
  Setting attribute of root '/': 'hier_sandbox_support_folded' = 1
#Special hiers formed inside digit_ctrl = 0
#Special hiers formed inside digit_ctrl_2 = 0
#Special hiers formed inside digtimer = 0
#Special hiers formed inside hour = 0
#Special hiers formed inside minute = 0
#Special hiers formed inside second = 0
#Special hiers formed inside seven_seg = 0
  Setting attribute of root '/': 'hier_sandbox_support_folded' = 0
No special hier is found 
End SDR optimization 
Starting recase case-box optimization [v1.0] (stage: pre_rtlopt, startdef: digtimer, recur: true)
Completed recase case-box optimization (accepts: 0, rejects: 0, runtime: 0.005s)
Starting infer macro optimization [v1.0] (stage: pre_rtlopt, startdef: digtimer, recur: true)
Completed infer macro optimization (accepts: 0, rejects: 0, runtime: 0.002s)
Starting decode mux sandwich optimization [v2.0] (stage: pre_rtlopt, startdef: digtimer, recur: true)
Completed decode mux sandwich optimization (accepts: 0, rejects: 0, runtime: 0.000s)
Starting decode mux optimization [v1.0] (stage: pre_rtlopt, startdef: digtimer, recur: true)
Completed decode mux optimization (accepts: 0, rejects: 0, runtime: 0.000s)
Starting chop wide muxes [v1.0] (stage: pre_rtlopt, startdef: digtimer, recur: true)
Completed chop wide muxes (accepts: 0, rejects: 0, runtime: 0.000s)
Starting common data mux cascade opt [v1.0] (stage: pre_rtlopt, startdef: digtimer, recur: true)
Completed common data mux cascade opt (accepts: 0, rejects: 0, runtime: 0.000s)
Starting mux input consolidation [v1.0] (stage: pre_rtlopt, startdef: digtimer, recur: true)
Completed mux input consolidation (accepts: 0, rejects: 0, runtime: 0.000s)
Starting constant-data mux optimization [v1.0] (stage: pre_rtlopt, startdef: digtimer, recur: true)
Completed constant-data mux optimization (accepts: 0, rejects: 0, runtime: 0.000s)
Starting chain-to-tree inequality transform [v2.0] (stage: pre_rtlopt, startdef: digtimer, recur: true)
Completed chain-to-tree inequality transform (accepts: 0, rejects: 0, runtime: 0.002s)
Starting reconvergence optimization [v1.0] (stage: pre_rtlopt, startdef: digtimer, recur: true)
Completed reconvergence optimization (accepts: 0, rejects: 0, runtime: 0.000s)
Starting logic restructure optimization [v1.0] (stage: pre_rtlopt, startdef: digtimer, recur: true)
Completed logic restructure optimization (accepts: 0, rejects: 0, runtime: 0.001s)
Starting identity transform [v3.0] (stage: pre_rtlopt, startdef: digtimer, recur: true)
Completed identity transform (accepts: 0, rejects: 0, runtime: 0.000s)
Starting reduce operator chain [v1.0] (stage: pre_rtlopt, startdef: digtimer, recur: true)
Completed reduce operator chain (accepts: 0, rejects: 0, runtime: 0.000s)
Starting common data mux cascade opt [v1.0] (stage: pre_rtlopt, startdef: digtimer, recur: true)
Completed common data mux cascade opt (accepts: 0, rejects: 0, runtime: 0.000s)
Starting mux input consolidation [v1.0] (stage: pre_rtlopt, startdef: digtimer, recur: true)
Completed mux input consolidation (accepts: 0, rejects: 0, runtime: 0.000s)
Starting optimize datapath elements [v1.0] (stage: pre_rtlopt, startdef: digtimer, recur: true)
Completed optimize datapath elements (accepts: 0, rejects: 0, runtime: 0.000s)
Starting datapath recasting [v1.0] (stage: pre_rtlopt, startdef: digtimer, recur: true)
Info    : Deleting instances not driving any primary outputs. [GLO-34]
        : Deleting 6 hierarchical instances.
Completed datapath recasting (accepts: 4, rejects: 0, runtime: 0.174s)
Starting word-level redundancy removal [v1.0] (stage: pre_rtlopt, startdef: digtimer, recur: true)
Completed word-level redundancy removal (accepts: 0, rejects: 0, runtime: 0.007s)
Starting clip mux common data inputs [v1.0] (stage: pre_rtlopt, startdef: digtimer, recur: true)
Completed clip mux common data inputs (accepts: 2, rejects: 0, runtime: 0.005s)
Starting clip the non-user hierarchies [v2.0] (stage: pre_rtlopt, startdef: digtimer, recur: true)
Completed clip the non-user hierarchies (accepts: 0, rejects: 0, runtime: 0.000s)
Starting basic netlist cleanup [v1.0] (stage: pre_rtlopt, startdef: digtimer, recur: true)
Completed basic netlist cleanup (accepts: 0, rejects: 0, runtime: 0.000s)

Stage: pre_rtlopt
-----------------------------------------------------------------
| Transform                   | Accepts | Rejects | Runtime (s) | 
-----------------------------------------------------------------
| hlo_recase_casebox          |       0 |       0 |        0.00 | 
| hlo_infer_macro             |       0 |       0 |        0.00 | 
| hlo_decode_mux_sandwich     |       0 |       0 |        0.00 | 
| hlo_mux_decode              |       0 |       0 |        0.00 | 
| hlo_chop_mux                |       0 |       0 |        0.00 | 
| hlo_mux_cascade_opt         |       0 |       0 |        0.00 | 
| hlo_mux_consolidation       |       0 |       0 |        0.00 | 
| hlo_constant_mux_opt        |       0 |       0 |        0.00 | 
| hlo_inequality_transform    |       0 |       0 |        0.00 | 
| hlo_reconv_opt              |       0 |       0 |        0.00 | 
| hlo_restructure             |       0 |       0 |        0.00 | 
| hlo_identity_transform      |       0 |       0 |        0.00 | 
| hlo_reduce_operator_chain   |       0 |       0 |        0.00 | 
| hlo_mux_cascade_opt         |       0 |       0 |        0.00 | 
| hlo_mux_consolidation       |       0 |       0 |        0.00 | 
| hlo_optimize_datapath       |       0 |       0 |        0.00 | 
| hlo_datapath_recast         |       4 |       0 |        0.17 | 
| hlo_redundancy_removal_word |       0 |       0 |        0.01 | 
| hlo_clip_mux_input          |       2 |       0 |        0.00 | 
| hlo_clip                    |       0 |       0 |        0.00 | 
| hlo_cleanup                 |       0 |       0 |        0.00 | 
-----------------------------------------------------------------
Running Unified Mux Engine Tricks...
Completed Unified Mux Engine Tricks

Stage: post_hlo_rtlopt
-------------------------------------------------
| Trick       | Accepts | Rejects | Runtime (s) | 
-------------------------------------------------
| ume_runtime |       0 |       0 |        0.00 | 
-------------------------------------------------
Number of big hc bmuxes before = 0
Number of non-ctl's : 2
dpr_mux_div_131_1977 dpr_mux_rem_132_4436 
SOP DEBUG : Module= digit_ctrl, Cluster= g1976, ctl= 2, Non-ctl= 2
Selected impl_type 1 (pla_form1 (optimized)) for sop cluster g1976.
Number of non-ctl's : 2
dpr_mux_div_131_537 dpr_mux_rem_132_1124 
SOP DEBUG : Module= digit_ctrl_2, Cluster= g536, ctl= 2, Non-ctl= 2
Selected impl_type 1 (pla_form1 (optimized)) for sop cluster g536.
Number of non-ctl's : 1
mux_seven_seg_99_14 
SOP DEBUG : Module= seven_seg, Cluster= ctl_num_99_14, ctl= 1, Non-ctl= 1
Selected impl_type 1 (pla_form1 (optimized)) for sop cluster ctl_num_99_14.
Number of non-ctl's : 1
mux_seven_seg_99_14 
SOP DEBUG : Module= seven_seg_4, Cluster= ctl_num_99_14, ctl= 1, Non-ctl= 1
Selected impl_type 0 (ctl + 1-hot mux form) for sop cluster ctl_num_99_14.
Number of non-ctl's : 1
mux_seven_seg_99_14 
SOP DEBUG : Module= seven_seg_5, Cluster= ctl_num_99_14, ctl= 1, Non-ctl= 1
Selected impl_type 1 (pla_form1 (optimized)) for sop cluster ctl_num_99_14.
Info    : Pre-processed datapath logic. [DPOPT-6]
        : Pre-processing optimizations applied to datapath logic in 'digtimer':
          live_trim(1) sop(5) 
Info    : Optimizing datapath logic. [DPOPT-1]
        : Optimizing datapath logic in 'digtimer'.
Info    : Implementing datapath configurations. [DPOPT-3]
        : Implementing datapath configurations for 'CDN_DP_region_6_2'
CSAGen Prep Share:0 Re-Write:0 Speculation: 0
MaxCSA: Successfully built Maximal CSA Expression Expr0
CDN_DP_region_6_2 level = 0 loads = 0 drivers = 0
CDN_DP_region_6_2_c0 in second: area: 177508450 ,dp = 1 mux = 0 sg = slow         worst_clk_period: -1.0000 
    wns: 0  norm_wns:  -1.0000 
    fail_endp: -1 
    tns:  0  tns_per_endp:  -1.0000   norm_tns_per_endp:  -1.0000 
    tns_sense_max:  -1.0000  tns_sense_avg:  -1.0000   tns_sense_num: -1
 skipped
CDN_DP_region_6_2_c1 in second: area: 129461050 ,dp = 1 mux = 0 sg = fast         worst_clk_period: -1.0000 
    wns: 0  norm_wns:  -1.0000 
    fail_endp: -1 
    tns:  0  tns_per_endp:  -1.0000   norm_tns_per_endp:  -1.0000 
    tns_sense_max:  -1.0000  tns_sense_avg:  -1.0000   tns_sense_num: -1
 is current best
CDN_DP_region_6_2_c2 in second: area: 129461050 ,dp = 1 mux = 0 sg = very_slow    worst_clk_period: -1.0000 
    wns: 0  norm_wns:  -1.0000 
    fail_endp: -1 
    tns:  0  tns_per_endp:  -1.0000   norm_tns_per_endp:  -1.0000 
    tns_sense_max:  -1.0000  tns_sense_avg:  -1.0000   tns_sense_num: -1
 is current best
CDN_DP_region_6_2_c3 in second: area: 129461050 ,dp = 1 mux = 0 sg = very_fast    worst_clk_period: -1.0000 
    wns: 0  norm_wns:  -1.0000 
    fail_endp: -1 
    tns:  0  tns_per_endp:  -1.0000   norm_tns_per_endp:  -1.0000 
    tns_sense_max:  -1.0000  tns_sense_avg:  -1.0000   tns_sense_num: -1
 is current best
CDN_DP_region_6_2_c4 in second: area: 129461050 ,dp = 1 mux = 0 sg = very_fast    worst_clk_period: -1.0000 
    wns: 0  norm_wns:  -1.0000 
    fail_endp: -1 
    tns:  0  tns_per_endp:  -1.0000   norm_tns_per_endp:  -1.0000 
    tns_sense_max:  -1.0000  tns_sense_avg:  -1.0000   tns_sense_num: -1
 is current best
CDN_DP_region_6_2_c5 in second: area: 129461050 ,dp = 1 mux = 0 sg = very_fast    worst_clk_period: -1.0000 
    wns: 0  norm_wns:  -1.0000 
    fail_endp: -1 
    tns:  0  tns_per_endp:  -1.0000   norm_tns_per_endp:  -1.0000 
    tns_sense_max:  -1.0000  tns_sense_avg:  -1.0000   tns_sense_num: -1
 is current best
CDN_DP_region_6_2_c6 in second: area: 129461050 ,dp = 1 mux = 0 sg = very_fast    worst_clk_period: -1.0000 
    wns: 0  norm_wns:  -1.0000 
    fail_endp: -1 
    tns:  0  tns_per_endp:  -1.0000   norm_tns_per_endp:  -1.0000 
    tns_sense_max:  -1.0000  tns_sense_avg:  -1.0000   tns_sense_num: -1
 is current best
CDN_DP_region_6_2_c7 in second: area: 129461050 ,dp = 1 mux = 0 sg = very_fast    worst_clk_period: -1.0000 
    wns: 0  norm_wns:  -1.0000 
    fail_endp: -1 
    tns:  0  tns_per_endp:  -1.0000   norm_tns_per_endp:  -1.0000 
    tns_sense_max:  -1.0000  tns_sense_avg:  -1.0000   tns_sense_num: -1
 is current best
Best config: CDN_DP_region_6_2_c7 in second: area: 129461050 ,dp = 1 mux = 0 sg = very_fast    worst_clk_period: -1.0000 
    wns: 0  norm_wns:  -1.0000 
    fail_endp: -1 
    tns:  0  tns_per_endp:  -1.0000   norm_tns_per_endp:  -1.0000 
    tns_sense_max:  -1.0000  tns_sense_avg:  -1.0000   tns_sense_num: -1
  Smallest config area : 129461050.  Fastest config wns;  0
##>+----------------------------------------------------------------------------------------------------------------------------------------------------------------+
##>Summary table of configs (Best config is CDN_DP_region_6_2_c7)
##>+----------------------------------------------------------------------------------------------------------------------------------------------------------------+
##>                     0                  1                  2                  3                  4                  5                  6                  7            
##>+----------------------------------------------------------------------------------------------------------------------------------------------------------------+
##>           Area        177508450          129461050          129461050          129461050          129461050          129461050          129461050          129461050  
##>            WNS         +8883.80           +8883.80           +8883.80           +8883.80           +8883.80           +8883.80           +8883.80           +8883.80  
##>            TNS                0                  0                  0                  0                  0                  0                  0                  0  
##>    Num Rewrite                0                  0                  0                  0                  0                  0                  0                  0  
##>     Num Factor                0                  0                  0                  0                  0                  0                  0                  0  
##>      Num Share                0                  0                  0                  0                  0                  0                  0                  0  
##>   Num CmultCse                0                  0                  0                  0                  0                  0                  0                  0  
##>   Num Downsize                0                  0                  0                  0                  0                  0                  0                  0  
##>  Num Speculate                0                  0                  0                  0                  0                  0                  0                  0  
##>     Runtime(s)                0                  0                  0                  0                  0                  0                  0                  0  
+----------------------------------------------------------------------------------------------------------------------------------------------------------------+
##>
##>
##>+-----------------------------------------------------------------------------------------------------------------------------------------------------------------------------------------------------+
##>Optimization Step DEBUG Table for config CDN_DP_region_6_2_c7
##>
##>                          Step                        Area   (  % Chg)         WNS (Change)          TNS (Change)                Power   (  % Chg)        Runtime (s)        Comment                   
##>+-----------------------------------------------------------------------------------------------------------------------------------------------------------------------------------------------------+
##>EquationExtraction              START              177508450 (       )     8883.80 (        )          0 (        )                    0 (       )              
##> rewrite                        START              309638800 ( +74.44)     8861.00 (  -22.80)          0 (       0)                    0 (  +0.00)              (a,ar) Expr0_from --> Expr0_to
##>                                  END              628620150 (+103.02)     8861.00 (   +0.00)          0 (       0)                    0 (  +0.00)           0  
##>                                  END              177508450 (  +0.00)     8883.80 (   +0.00)          0 (       0)                    0 (  +0.00)           0  
##>createMaxCarrySave              START              177508450 (  +0.00)     8883.80 (   +0.00)          0 (       0)                    0 (  +0.00)              
##> datapath_rewrite_one_def       START              177508450 (  +0.00)     8883.80 (   +0.00)          0 (       0)                    0 (  +0.00)              
##>                                  END              177508450 (  +0.00)     8883.80 (   +0.00)          0 (       0)                    0 (  +0.00)           0  
##> csa_opto                       START              177508450 (  +0.00)     8883.80 (   +0.00)          0 (       0)                    0 (  +0.00)              
##>                                  END              166831250 (  -6.02)     8883.80 (   +0.00)          0 (       0)                    0 (  +0.00)           0  
##>                                  END              166831250 (  -6.02)     8883.80 (   +0.00)          0 (       0)                    0 (  +0.00)           0  
##>canonicalize_by_names           START              166831250 (  +0.00)     8883.80 (   +0.00)          0 (       0)                    0 (  +0.00)              
##>                                  END              166831250 (  +0.00)     8883.80 (   +0.00)          0 (       0)                    0 (  +0.00)           0  
##>datapath_rewrite_post_csa_one_  START              166831250 (  +0.00)     8883.80 (   +0.00)          0 (       0)                    0 (  +0.00)              
##>                                  END              166831250 (  +0.00)     8883.80 (   +0.00)          0 (       0)                    0 (  +0.00)           0  
##>datapath_csa_factoring_one_gde  START              166831250 (  +0.00)     8883.80 (   +0.00)          0 (       0)                    0 (  +0.00)              
##>                                  END              166831250 (  +0.00)     8883.80 (   +0.00)          0 (       0)                    0 (  +0.00)           0  
##>dpopt_share_one_def             START              166831250 (  +0.00)     8883.80 (   +0.00)          0 (       0)                    0 (  +0.00)              
##>                                  END              166831250 (  +0.00)     8883.80 (   +0.00)          0 (       0)                    0 (  +0.00)           0  
##>datapath_rewrite_post_share     START              166831250 (  +0.00)     8883.80 (   +0.00)          0 (       0)                    0 (  +0.00)              
##>                                  END              166831250 (  +0.00)     8883.80 (   +0.00)          0 (       0)                    0 (  +0.00)           0  
##>dp_combine_const_mult_with_com  START              166831250 (  +0.00)     8883.80 (   +0.00)          0 (       0)                    0 (  +0.00)              
##>                                  END              166831250 (  +0.00)     8883.80 (   +0.00)          0 (       0)                    0 (  +0.00)           0  
##>dp_operator_level_decompositio  START              166831250 (  +0.00)     8883.80 (   +0.00)          0 (       0)                    0 (  +0.00)              
##>                                  END              166831250 (  +0.00)     8883.80 (   +0.00)          0 (       0)                    0 (  +0.00)           0  
##>selective_flatten_dp_config     START              166831250 (  +0.00)     8883.80 (   +0.00)          0 (       0)                    0 (  +0.00)              
##>                                  END              166831250 (  +0.00)     8883.80 (   +0.00)          0 (       0)                    0 (  +0.00)           0  
##>createMaxCarrySave              START              166831250 (  +0.00)     8883.80 (   +0.00)          0 (       0)                    0 (  +0.00)              
##> datapath_rewrite_one_def       START              166831250 (  +0.00)     8883.80 (   +0.00)          0 (       0)                    0 (  +0.00)              
##>  fast_cse_elim                 START              166831250 (  +0.00)     8883.80 (   +0.00)          0 (       0)                    0 (  +0.00)              
##>                                  END              166831250 (  +0.00)     8883.80 (   +0.00)          0 (       0)                    0 (  +0.00)           0  
##>  fast_cse_elim                 START              166831250 (  +0.00)     8883.80 (   +0.00)          0 (       0)                    0 (  +0.00)              
##>                                  END              166831250 (  +0.00)     8883.80 (   +0.00)          0 (       0)                    0 (  +0.00)           0  
##>                                  END              166831250 (  +0.00)     8883.80 (   +0.00)          0 (       0)                    0 (  +0.00)           0  
##> csa_opto                       START              166831250 (  +0.00)     8883.80 (   +0.00)          0 (       0)                    0 (  +0.00)              
##>                                  END              166831250 (  +0.00)     8883.80 (   +0.00)          0 (       0)                    0 (  +0.00)           0  
##>                                  END              166831250 (  +0.00)     8883.80 (   +0.00)          0 (       0)                    0 (  +0.00)           0  
##>context_based_simplify          START              161492650 (  -3.20)     8883.80 (   +0.00)          0 (       0)                    0 (  +0.00)              
##>                                  END              129461050 ( -19.83)     8883.80 (   +0.00)          0 (       0)                    0 (  +0.00)           0  
##>group_csa_final_adder_dp        START              129461050 (  +0.00)     8883.80 (   +0.00)          0 (       0)                    0 (  +0.00)              
##>                                  END              129461050 (  +0.00)     8883.80 (   +0.00)          0 (       0)                    0 (  +0.00)           0  
##>dpopt_flatten_critical_muxes_i  START              129461050 (  +0.00)     8883.80 (   +0.00)          0 (       0)                    0 (  +0.00)              
##>                                  END              129461050 (  +0.00)     8883.80 (   +0.00)          0 (       0)                    0 (  +0.00)           0  
##>create_score                    START              129461050 (  +0.00)     8883.80 (   +0.00)          0 (       0)                    0 (  +0.00)              
##>                                  END              129461050 (  +0.00)     8883.80 (   +0.00)          0 (       0)                    0 (  +0.00)           0  
##>+-----------------------------------------------------------------------------------------------------------------------------------------------------------------------------------------------------+
Committed config: CDN_DP_region_6_2_c7
Info    : Done implementing datapath configurations. [DPOPT-4]
        : Selected 'very_fast' configuration 7 for module 'CDN_DP_region_6_2_c7'.
          Optimizations applied to 'very_fast' configuration:
            rewriting(0), factoring(0), sharing(0), cmultcse(0), downsizing(0), speculation(0)
Info    : Implementing datapath configurations. [DPOPT-3]
        : Implementing datapath configurations for 'CDN_DP_region_6_1'
CSAGen Prep Share:0 Re-Write:0 Speculation: 0
MaxCSA: Successfully built Maximal CSA Expression Expr1
CDN_DP_region_6_1 level = 0 loads = 0 drivers = 0
CDN_DP_region_6_1_c0 in second: area: 82748300 ,dp = 1 mux = 0 sg = slow         worst_clk_period: -1.0000 
    wns: 0  norm_wns:  -1.0000 
    fail_endp: -1 
    tns:  0  tns_per_endp:  -1.0000   norm_tns_per_endp:  -1.0000 
    tns_sense_max:  -1.0000  tns_sense_avg:  -1.0000   tns_sense_num: -1
 skipped
CDN_DP_region_6_1_c1 in second: area: 82748300 ,dp = 1 mux = 0 sg = fast         worst_clk_period: -1.0000 
    wns: 0  norm_wns:  -1.0000 
    fail_endp: -1 
    tns:  0  tns_per_endp:  -1.0000   norm_tns_per_endp:  -1.0000 
    tns_sense_max:  -1.0000  tns_sense_avg:  -1.0000   tns_sense_num: -1
 is current best
CDN_DP_region_6_1_c2 in second: area: 82748300 ,dp = 1 mux = 0 sg = very_slow    worst_clk_period: -1.0000 
    wns: 0  norm_wns:  -1.0000 
    fail_endp: -1 
    tns:  0  tns_per_endp:  -1.0000   norm_tns_per_endp:  -1.0000 
    tns_sense_max:  -1.0000  tns_sense_avg:  -1.0000   tns_sense_num: -1
 is current best
CDN_DP_region_6_1_c3 in second: area: 82748300 ,dp = 1 mux = 0 sg = very_fast    worst_clk_period: -1.0000 
    wns: 0  norm_wns:  -1.0000 
    fail_endp: -1 
    tns:  0  tns_per_endp:  -1.0000   norm_tns_per_endp:  -1.0000 
    tns_sense_max:  -1.0000  tns_sense_avg:  -1.0000   tns_sense_num: -1
 is current best
CDN_DP_region_6_1_c4 in second: area: 82748300 ,dp = 1 mux = 0 sg = very_fast    worst_clk_period: -1.0000 
    wns: 0  norm_wns:  -1.0000 
    fail_endp: -1 
    tns:  0  tns_per_endp:  -1.0000   norm_tns_per_endp:  -1.0000 
    tns_sense_max:  -1.0000  tns_sense_avg:  -1.0000   tns_sense_num: -1
 is current best
CDN_DP_region_6_1_c5 in second: area: 82748300 ,dp = 1 mux = 0 sg = very_fast    worst_clk_period: -1.0000 
    wns: 0  norm_wns:  -1.0000 
    fail_endp: -1 
    tns:  0  tns_per_endp:  -1.0000   norm_tns_per_endp:  -1.0000 
    tns_sense_max:  -1.0000  tns_sense_avg:  -1.0000   tns_sense_num: -1
 is current best
CDN_DP_region_6_1_c6 in second: area: 82748300 ,dp = 1 mux = 0 sg = very_fast    worst_clk_period: -1.0000 
    wns: 0  norm_wns:  -1.0000 
    fail_endp: -1 
    tns:  0  tns_per_endp:  -1.0000   norm_tns_per_endp:  -1.0000 
    tns_sense_max:  -1.0000  tns_sense_avg:  -1.0000   tns_sense_num: -1
 is current best
CDN_DP_region_6_1_c7 in second: area: 82748300 ,dp = 1 mux = 0 sg = very_fast    worst_clk_period: -1.0000 
    wns: 0  norm_wns:  -1.0000 
    fail_endp: -1 
    tns:  0  tns_per_endp:  -1.0000   norm_tns_per_endp:  -1.0000 
    tns_sense_max:  -1.0000  tns_sense_avg:  -1.0000   tns_sense_num: -1
 is current best
Best config: CDN_DP_region_6_1_c7 in second: area: 82748300 ,dp = 1 mux = 0 sg = very_fast    worst_clk_period: -1.0000 
    wns: 0  norm_wns:  -1.0000 
    fail_endp: -1 
    tns:  0  tns_per_endp:  -1.0000   norm_tns_per_endp:  -1.0000 
    tns_sense_max:  -1.0000  tns_sense_avg:  -1.0000   tns_sense_num: -1
  Smallest config area : 82748300.  Fastest config wns;  0
##>+----------------------------------------------------------------------------------------------------------------------------------------------------------------+
##>Summary table of configs (Best config is CDN_DP_region_6_1_c7)
##>+----------------------------------------------------------------------------------------------------------------------------------------------------------------+
##>                     0                  1                  2                  3                  4                  5                  6                  7            
##>+----------------------------------------------------------------------------------------------------------------------------------------------------------------+
##>           Area         82748300           82748300           82748300           82748300           82748300           82748300           82748300           82748300  
##>            WNS         +8904.90           +8904.90           +8904.90           +8904.90           +8904.90           +8904.90           +8904.90           +8904.90  
##>            TNS                0                  0                  0                  0                  0                  0                  0                  0  
##>    Num Rewrite                0                  0                  0                  0                  0                  0                  0                  0  
##>     Num Factor                0                  0                  0                  0                  0                  0                  0                  0  
##>      Num Share                0                  0                  0                  0                  0                  0                  0                  0  
##>   Num CmultCse                0                  0                  0                  0                  0                  0                  0                  0  
##>   Num Downsize                0                  0                  0                  0                  0                  0                  0                  0  
##>  Num Speculate                0                  0                  0                  0                  0                  0                  0                  0  
##>     Runtime(s)                0                  0                  0                  0                  0                  0                  0                  0  
+----------------------------------------------------------------------------------------------------------------------------------------------------------------+
##>
##>
##>+-----------------------------------------------------------------------------------------------------------------------------------------------------------------------------------------------------+
##>Optimization Step DEBUG Table for config CDN_DP_region_6_1_c7
##>
##>                          Step                        Area   (  % Chg)         WNS (Change)          TNS (Change)                Power   (  % Chg)        Runtime (s)        Comment                   
##>+-----------------------------------------------------------------------------------------------------------------------------------------------------------------------------------------------------+
##>EquationExtraction              START               82748300 (       )     8904.90 (        )          0 (        )                    0 (       )              
##> rewrite                        START              152150100 ( +83.87)     8844.40 (  -60.50)          0 (       0)                    0 (  +0.00)              (a,ar) Expr1_from --> Expr1_to
##>                                  END             1233216600 (+710.53)     8838.30 (   -6.10)          0 (       0)                    0 (  +0.00)           0  
##>                                  END               82748300 (  +0.00)     8904.90 (   +0.00)          0 (       0)                    0 (  +0.00)           0  
##>createMaxCarrySave              START               82748300 (  +0.00)     8904.90 (   +0.00)          0 (       0)                    0 (  +0.00)              
##> datapath_rewrite_one_def       START               82748300 (  +0.00)     8904.90 (   +0.00)          0 (       0)                    0 (  +0.00)              
##>                                  END               82748300 (  +0.00)     8904.90 (   +0.00)          0 (       0)                    0 (  +0.00)           0  
##> csa_opto                       START               82748300 (  +0.00)     8904.90 (   +0.00)          0 (       0)                    0 (  +0.00)              
##>                                  END               82748300 (  +0.00)     8904.90 (   +0.00)          0 (       0)                    0 (  +0.00)           0  
##>                                  END               82748300 (  +0.00)     8904.90 (   +0.00)          0 (       0)                    0 (  +0.00)           0  
##>canonicalize_by_names           START               82748300 (  +0.00)     8904.90 (   +0.00)          0 (       0)                    0 (  +0.00)              
##>                                  END               82748300 (  +0.00)     8904.90 (   +0.00)          0 (       0)                    0 (  +0.00)           0  
##>datapath_rewrite_post_csa_one_  START               82748300 (  +0.00)     8904.90 (   +0.00)          0 (       0)                    0 (  +0.00)              
##>                                  END               82748300 (  +0.00)     8904.90 (   +0.00)          0 (       0)                    0 (  +0.00)           0  
##>datapath_csa_factoring_one_gde  START               82748300 (  +0.00)     8904.90 (   +0.00)          0 (       0)                    0 (  +0.00)              
##>                                  END               82748300 (  +0.00)     8904.90 (   +0.00)          0 (       0)                    0 (  +0.00)           0  
##>dpopt_share_one_def             START               82748300 (  +0.00)     8904.90 (   +0.00)          0 (       0)                    0 (  +0.00)              
##>                                  END               82748300 (  +0.00)     8904.90 (   +0.00)          0 (       0)                    0 (  +0.00)           0  
##>datapath_rewrite_post_share     START               82748300 (  +0.00)     8904.90 (   +0.00)          0 (       0)                    0 (  +0.00)              
##>                                  END               82748300 (  +0.00)     8904.90 (   +0.00)          0 (       0)                    0 (  +0.00)           0  
##>dp_combine_const_mult_with_com  START               82748300 (  +0.00)     8904.90 (   +0.00)          0 (       0)                    0 (  +0.00)              
##>                                  END               82748300 (  +0.00)     8904.90 (   +0.00)          0 (       0)                    0 (  +0.00)           0  
##>dp_operator_level_decompositio  START               82748300 (  +0.00)     8904.90 (   +0.00)          0 (       0)                    0 (  +0.00)              
##>                                  END               82748300 (  +0.00)     8904.90 (   +0.00)          0 (       0)                    0 (  +0.00)           0  
##>selective_flatten_dp_config     START               82748300 (  +0.00)     8904.90 (   +0.00)          0 (       0)                    0 (  +0.00)              
##>                                  END               82748300 (  +0.00)     8904.90 (   +0.00)          0 (       0)                    0 (  +0.00)           0  
##>createMaxCarrySave              START               82748300 (  +0.00)     8904.90 (   +0.00)          0 (       0)                    0 (  +0.00)              
##> datapath_rewrite_one_def       START               82748300 (  +0.00)     8904.90 (   +0.00)          0 (       0)                    0 (  +0.00)              
##>  fast_cse_elim                 START               82748300 (  +0.00)     8904.90 (   +0.00)          0 (       0)                    0 (  +0.00)              
##>                                  END               82748300 (  +0.00)     8904.90 (   +0.00)          0 (       0)                    0 (  +0.00)           0  
##>  fast_cse_elim                 START               82748300 (  +0.00)     8904.90 (   +0.00)          0 (       0)                    0 (  +0.00)              
##>                                  END               82748300 (  +0.00)     8904.90 (   +0.00)          0 (       0)                    0 (  +0.00)           0  
##>                                  END               82748300 (  +0.00)     8904.90 (   +0.00)          0 (       0)                    0 (  +0.00)           0  
##> csa_opto                       START               82748300 (  +0.00)     8904.90 (   +0.00)          0 (       0)                    0 (  +0.00)              
##>                                  END               82748300 (  +0.00)     8904.90 (   +0.00)          0 (       0)                    0 (  +0.00)           0  
##>                                  END               82748300 (  +0.00)     8904.90 (   +0.00)          0 (       0)                    0 (  +0.00)           0  
##>context_based_simplify          START               82748300 (  +0.00)     8904.90 (   +0.00)          0 (       0)                    0 (  +0.00)              
##>                                  END               62728550 ( -24.19)     8961.30 (  +56.40)          0 (       0)                    0 (  +0.00)           0  
##>group_csa_final_adder_dp        START               62728550 (  +0.00)     8961.30 (   +0.00)          0 (       0)                    0 (  +0.00)              
##>                                  END               62728550 (  +0.00)     8961.30 (   +0.00)          0 (       0)                    0 (  +0.00)           0  
##>dpopt_flatten_critical_muxes_i  START               62728550 (  +0.00)     8961.30 (   +0.00)          0 (       0)                    0 (  +0.00)              
##>                                  END               62728550 (  +0.00)     8961.30 (   +0.00)          0 (       0)                    0 (  +0.00)           0  
##>create_score                    START               82748300 ( +31.91)     8904.90 (  -56.40)          0 (       0)                    0 (  +0.00)              
##>                                  END               82748300 (  +0.00)     8904.90 (   +0.00)          0 (       0)                    0 (  +0.00)           0  
##>+-----------------------------------------------------------------------------------------------------------------------------------------------------------------------------------------------------+
Committed config: CDN_DP_region_6_1_c7
Info    : Done implementing datapath configurations. [DPOPT-4]
        : Selected 'very_fast' configuration 7 for module 'CDN_DP_region_6_1_c7'.
          Optimizations applied to 'very_fast' configuration:
            rewriting(0), factoring(0), sharing(0), cmultcse(0), downsizing(0), speculation(0)
Info    : Implementing datapath configurations. [DPOPT-3]
        : Implementing datapath configurations for 'CDN_DP_region_5_0'
CSAGen Prep Share:0 Re-Write:1 Speculation: 0
MaxCSA: Successfully built Maximal CSA Expression Expr2
CDN_DP_region_5_0 level = 0 loads = 0 drivers = 0
CDN_DP_region_5_0_c0 in minute: area: 98764100 ,dp = 2 mux = 1 sg = slow         worst_clk_period: -1.0000 
    wns: 0  norm_wns:  -1.0000 
    fail_endp: -1 
    tns:  0  tns_per_endp:  -1.0000   norm_tns_per_endp:  -1.0000 
    tns_sense_max:  -1.0000  tns_sense_avg:  -1.0000   tns_sense_num: -1
 skipped
CDN_DP_region_5_0_c1 in minute: area: 78744350 ,dp = 2 mux = 1 sg = fast         worst_clk_period: -1.0000 
    wns: 0  norm_wns:  -1.0000 
    fail_endp: -1 
    tns:  0  tns_per_endp:  -1.0000   norm_tns_per_endp:  -1.0000 
    tns_sense_max:  -1.0000  tns_sense_avg:  -1.0000   tns_sense_num: -1
 is current best
CDN_DP_region_5_0_c2 in minute: area: 78744350 ,dp = 2 mux = 1 sg = very_slow    worst_clk_period: -1.0000 
    wns: 0  norm_wns:  -1.0000 
    fail_endp: -1 
    tns:  0  tns_per_endp:  -1.0000   norm_tns_per_endp:  -1.0000 
    tns_sense_max:  -1.0000  tns_sense_avg:  -1.0000   tns_sense_num: -1
 is current best
CDN_DP_region_5_0_c3 in minute: area: 78744350 ,dp = 2 mux = 1 sg = very_fast    worst_clk_period: -1.0000 
    wns: 0  norm_wns:  -1.0000 
    fail_endp: -1 
    tns:  0  tns_per_endp:  -1.0000   norm_tns_per_endp:  -1.0000 
    tns_sense_max:  -1.0000  tns_sense_avg:  -1.0000   tns_sense_num: -1
 is current best
CDN_DP_region_5_0_c4 in minute: area: 78744350 ,dp = 2 mux = 1 sg = very_fast    worst_clk_period: -1.0000 
    wns: 0  norm_wns:  -1.0000 
    fail_endp: -1 
    tns:  0  tns_per_endp:  -1.0000   norm_tns_per_endp:  -1.0000 
    tns_sense_max:  -1.0000  tns_sense_avg:  -1.0000   tns_sense_num: -1
 is current best
CDN_DP_region_5_0_c5 in minute: area: 78744350 ,dp = 2 mux = 1 sg = very_fast    worst_clk_period: -1.0000 
    wns: 0  norm_wns:  -1.0000 
    fail_endp: -1 
    tns:  0  tns_per_endp:  -1.0000   norm_tns_per_endp:  -1.0000 
    tns_sense_max:  -1.0000  tns_sense_avg:  -1.0000   tns_sense_num: -1
 is current best
CDN_DP_region_5_0_c6 in minute: area: 78744350 ,dp = 2 mux = 1 sg = very_fast    worst_clk_period: -1.0000 
    wns: 0  norm_wns:  -1.0000 
    fail_endp: -1 
    tns:  0  tns_per_endp:  -1.0000   norm_tns_per_endp:  -1.0000 
    tns_sense_max:  -1.0000  tns_sense_avg:  -1.0000   tns_sense_num: -1
 is current best
CDN_DP_region_5_0_c7 in minute: area: 121453150 ,dp = 2 mux = 1 sg = very_fast    worst_clk_period: -1.0000 
    wns: 0  norm_wns:  -1.0000 
    fail_endp: -1 
    tns:  0  tns_per_endp:  -1.0000   norm_tns_per_endp:  -1.0000 
    tns_sense_max:  -1.0000  tns_sense_avg:  -1.0000   tns_sense_num: -1

Best config: CDN_DP_region_5_0_c6 in minute: area: 78744350 ,dp = 2 mux = 1 sg = very_fast    worst_clk_period: -1.0000 
    wns: 0  norm_wns:  -1.0000 
    fail_endp: -1 
    tns:  0  tns_per_endp:  -1.0000   norm_tns_per_endp:  -1.0000 
    tns_sense_max:  -1.0000  tns_sense_avg:  -1.0000   tns_sense_num: -1
  Smallest config area : 78744350.  Fastest config wns;  0
##>+----------------------------------------------------------------------------------------------------------------------------------------------------------------+
##>Summary table of configs (Best config is CDN_DP_region_5_0_c6)
##>+----------------------------------------------------------------------------------------------------------------------------------------------------------------+
##>                     0                  1                  2                  3                  4                  5                  6                  7            
##>+----------------------------------------------------------------------------------------------------------------------------------------------------------------+
##>           Area         98764100           78744350           78744350           78744350           78744350           78744350           78744350          121453150  
##>            WNS         +8437.00           +8437.00           +8437.00           +8437.00           +8437.00           +8437.00           +8437.00           +8437.00  
##>            TNS                0                  0                  0                  0                  0                  0                  0                  0  
##>    Num Rewrite                0                  0                  0                  0                  0                  0                  0                  1  
##>     Num Factor                0                  0                  0                  0                  0                  0                  0                  0  
##>      Num Share                0                  0                  0                  0                  0                  0                  0                  0  
##>   Num CmultCse                0                  0                  0                  0                  0                  0                  0                  0  
##>   Num Downsize                0                  0                  0                  0                  0                  0                  0                  0  
##>  Num Speculate                0                  0                  0                  0                  0                  0                  0                  0  
##>     Runtime(s)                0                  0                  0                  0                  0                  0                  0                  0  
+----------------------------------------------------------------------------------------------------------------------------------------------------------------+
##>
##>
##>+-----------------------------------------------------------------------------------------------------------------------------------------------------------------------------------------------------+
##>Optimization Step DEBUG Table for config CDN_DP_region_5_0_c6
##>
##>                          Step                        Area   (  % Chg)         WNS (Change)          TNS (Change)                Power   (  % Chg)        Runtime (s)        Comment                   
##>+-----------------------------------------------------------------------------------------------------------------------------------------------------------------------------------------------------+
##>createMaxCarrySave              START               98764100 (       )    107382619.40 (        )          0 (        )                    0 (       )              
##> datapath_rewrite_one_def       START               98764100 (  +0.00)    107382619.40 (   +0.00)          0 (       0)                    0 (  +0.00)              
##>  fast_cse_elim                 START               98764100 (  +0.00)    107382619.40 (   +0.00)          0 (       0)                    0 (  +0.00)              
##>                                  END               98764100 (  +0.00)    107382619.40 (   +0.00)          0 (       0)                    0 (  +0.00)           0  
##>  fast_cse_elim                 START               98764100 (  +0.00)    107382619.40 (   +0.00)          0 (       0)                    0 (  +0.00)              
##>                                  END               98764100 (  +0.00)    107382619.40 (   +0.00)          0 (       0)                    0 (  +0.00)           0  
##>                                  END               98764100 (  +0.00)    107382619.40 (   +0.00)          0 (       0)                    0 (  +0.00)           0  
##> dpopt_share_one_def            START               98764100 (  +0.00)    107382619.40 (   +0.00)          0 (       0)                    0 (  +0.00)              
##>                                  END               98764100 (  +0.00)    107382619.40 (   +0.00)          0 (       0)                    0 (  +0.00)           0  
##> csa_opto                       START               98764100 (  +0.00)    214748364.70 (+107365745.30)          0 (       0)                    0 (  +0.00)              
##>                                  END               98764100 (  +0.00)    214748364.70 (   +0.00)          0 (       0)                    0 (  +0.00)           0  
##>                                  END               98764100 (  +0.00)    214748364.70 (+107365745.30)          0 (       0)                    0 (  +0.00)           0  
##>canonicalize_by_names           START               98764100 (  +0.00)    214748364.70 (   +0.00)          0 (       0)                    0 (  +0.00)              
##>                                  END               98764100 (  +0.00)    214748364.70 (   +0.00)          0 (       0)                    0 (  +0.00)           0  
##>datapath_rewrite_post_csa_one_  START               98764100 (  +0.00)    214748364.70 (   +0.00)          0 (       0)                    0 (  +0.00)              
##>                                  END               98764100 (  +0.00)    214748364.70 (   +0.00)          0 (       0)                    0 (  +0.00)           0  
##>datapath_csa_factoring_one_gde  START               98764100 (  +0.00)    214748364.70 (   +0.00)          0 (       0)                    0 (  +0.00)              
##>                                  END               98764100 (  +0.00)    214748364.70 (   +0.00)          0 (       0)                    0 (  +0.00)           0  
##>dpopt_share_one_def             START               98764100 (  +0.00)    214748364.70 (   +0.00)          0 (       0)                    0 (  +0.00)              
##>                                  END               98764100 (  +0.00)    214748364.70 (   +0.00)          0 (       0)                    0 (  +0.00)           0  
##>datapath_rewrite_post_share     START               98764100 (  +0.00)    214748364.70 (   +0.00)          0 (       0)                    0 (  +0.00)              
##>                                  END               98764100 (  +0.00)    214748364.70 (   +0.00)          0 (       0)                    0 (  +0.00)           0  
##>dp_combine_const_mult_with_com  START               98764100 (  +0.00)    214748364.70 (   +0.00)          0 (       0)                    0 (  +0.00)              
##>                                  END               98764100 (  +0.00)    214748364.70 (   +0.00)          0 (       0)                    0 (  +0.00)           0  
##>dp_operator_level_decompositio  START               98764100 (  +0.00)    214748364.70 (   +0.00)          0 (       0)                    0 (  +0.00)              
##>                                  END               98764100 (  +0.00)    214748364.70 (   +0.00)          0 (       0)                    0 (  +0.00)           0  
##>selective_flatten_dp_config     START               98764100 (  +0.00)    214748364.70 (   +0.00)          0 (       0)                    0 (  +0.00)              
##>                                  END               98764100 (  +0.00)    214748364.70 (   +0.00)          0 (       0)                    0 (  +0.00)           0  
##>createMaxCarrySave              START               98764100 (  +0.00)    214748364.70 (   +0.00)          0 (       0)                    0 (  +0.00)              
##> datapath_rewrite_one_def       START               98764100 (  +0.00)    214748364.70 (   +0.00)          0 (       0)                    0 (  +0.00)              
##>  fast_cse_elim                 START               98764100 (  +0.00)    214748364.70 (   +0.00)          0 (       0)                    0 (  +0.00)              
##>                                  END               98764100 (  +0.00)    214748364.70 (   +0.00)          0 (       0)                    0 (  +0.00)           0  
##>  fast_cse_elim                 START               98764100 (  +0.00)    214748364.70 (   +0.00)          0 (       0)                    0 (  +0.00)              
##>                                  END               98764100 (  +0.00)    214748364.70 (   +0.00)          0 (       0)                    0 (  +0.00)           0  
##>                                  END               98764100 (  +0.00)    214748364.70 (   +0.00)          0 (       0)                    0 (  +0.00)           0  
##> dpopt_share_one_def            START               98764100 (  +0.00)    214748364.70 (   +0.00)          0 (       0)                    0 (  +0.00)              
##>                                  END               98764100 (  +0.00)    214748364.70 (   +0.00)          0 (       0)                    0 (  +0.00)           0  
##> csa_opto                       START               98764100 (  +0.00)    214748364.70 (   +0.00)          0 (       0)                    0 (  +0.00)              
##>                                  END               98764100 (  +0.00)    214748364.70 (   +0.00)          0 (       0)                    0 (  +0.00)           0  
##>                                  END               98764100 (  +0.00)    214748364.70 (   +0.00)          0 (       0)                    0 (  +0.00)           0  
##>context_based_simplify          START               93425500 (  -5.41)    214748364.70 (   +0.00)          0 (       0)                    0 (  +0.00)              
##>                                  END               78744350 ( -15.71)    214748364.70 (   +0.00)          0 (       0)                    0 (  +0.00)           0  
##>group_csa_final_adder_dp        START               78744350 (  +0.00)    214748364.70 (   +0.00)          0 (       0)                    0 (  +0.00)              
##>                                  END               78744350 (  +0.00)    214748364.70 (   +0.00)          0 (       0)                    0 (  +0.00)           0  
##>dpopt_flatten_critical_muxes_i  START               78744350 (  +0.00)    214748364.70 (   +0.00)          0 (       0)                    0 (  +0.00)              
##>                                  END               78744350 (  +0.00)    214748364.70 (   +0.00)          0 (       0)                    0 (  +0.00)           0  
##>create_score                    START               78744350 (  +0.00)     8437.00 (-214739927.70)          0 (       0)                    0 (  +0.00)              
##>                                  END               78744350 (  +0.00)     8437.00 (   +0.00)          0 (       0)                    0 (  +0.00)           0  
##>+-----------------------------------------------------------------------------------------------------------------------------------------------------------------------------------------------------+
Committed config: CDN_DP_region_5_0_c6
Info    : Done implementing datapath configurations. [DPOPT-4]
        : Selected 'very_fast' configuration 6 for module 'CDN_DP_region_5_0_c6'.
          Optimizations applied to 'very_fast' configuration:
            rewriting(0), factoring(0), sharing(0), cmultcse(0), downsizing(0), speculation(0)
Info    : Implementing datapath configurations. [DPOPT-3]
        : Implementing datapath configurations for 'CDN_DP_region_6_0'
CSAGen Prep Share:0 Re-Write:1 Speculation: 0
MaxCSA: Successfully built Maximal CSA Expression Expr3
CDN_DP_region_6_0 level = 0 loads = 0 drivers = 0
CDN_DP_region_6_0_c0 in second: area: 98764100 ,dp = 2 mux = 1 sg = slow         worst_clk_period: -1.0000 
    wns: 0  norm_wns:  -1.0000 
    fail_endp: -1 
    tns:  0  tns_per_endp:  -1.0000   norm_tns_per_endp:  -1.0000 
    tns_sense_max:  -1.0000  tns_sense_avg:  -1.0000   tns_sense_num: -1
 skipped
CDN_DP_region_6_0_c1 in second: area: 78744350 ,dp = 2 mux = 1 sg = fast         worst_clk_period: -1.0000 
    wns: 0  norm_wns:  -1.0000 
    fail_endp: -1 
    tns:  0  tns_per_endp:  -1.0000   norm_tns_per_endp:  -1.0000 
    tns_sense_max:  -1.0000  tns_sense_avg:  -1.0000   tns_sense_num: -1
 is current best
CDN_DP_region_6_0_c2 in second: area: 78744350 ,dp = 2 mux = 1 sg = very_slow    worst_clk_period: -1.0000 
    wns: 0  norm_wns:  -1.0000 
    fail_endp: -1 
    tns:  0  tns_per_endp:  -1.0000   norm_tns_per_endp:  -1.0000 
    tns_sense_max:  -1.0000  tns_sense_avg:  -1.0000   tns_sense_num: -1
 is current best
CDN_DP_region_6_0_c3 in second: area: 78744350 ,dp = 2 mux = 1 sg = very_fast    worst_clk_period: -1.0000 
    wns: 0  norm_wns:  -1.0000 
    fail_endp: -1 
    tns:  0  tns_per_endp:  -1.0000   norm_tns_per_endp:  -1.0000 
    tns_sense_max:  -1.0000  tns_sense_avg:  -1.0000   tns_sense_num: -1
 is current best
CDN_DP_region_6_0_c4 in second: area: 78744350 ,dp = 2 mux = 1 sg = very_fast    worst_clk_period: -1.0000 
    wns: 0  norm_wns:  -1.0000 
    fail_endp: -1 
    tns:  0  tns_per_endp:  -1.0000   norm_tns_per_endp:  -1.0000 
    tns_sense_max:  -1.0000  tns_sense_avg:  -1.0000   tns_sense_num: -1
 is current best
CDN_DP_region_6_0_c5 in second: area: 78744350 ,dp = 2 mux = 1 sg = very_fast    worst_clk_period: -1.0000 
    wns: 0  norm_wns:  -1.0000 
    fail_endp: -1 
    tns:  0  tns_per_endp:  -1.0000   norm_tns_per_endp:  -1.0000 
    tns_sense_max:  -1.0000  tns_sense_avg:  -1.0000   tns_sense_num: -1
 is current best
CDN_DP_region_6_0_c6 in second: area: 78744350 ,dp = 2 mux = 1 sg = very_fast    worst_clk_period: -1.0000 
    wns: 0  norm_wns:  -1.0000 
    fail_endp: -1 
    tns:  0  tns_per_endp:  -1.0000   norm_tns_per_endp:  -1.0000 
    tns_sense_max:  -1.0000  tns_sense_avg:  -1.0000   tns_sense_num: -1
 is current best
CDN_DP_region_6_0_c7 in second: area: 121453150 ,dp = 2 mux = 1 sg = very_fast    worst_clk_period: -1.0000 
    wns: 0  norm_wns:  -1.0000 
    fail_endp: -1 
    tns:  0  tns_per_endp:  -1.0000   norm_tns_per_endp:  -1.0000 
    tns_sense_max:  -1.0000  tns_sense_avg:  -1.0000   tns_sense_num: -1

Best config: CDN_DP_region_6_0_c6 in second: area: 78744350 ,dp = 2 mux = 1 sg = very_fast    worst_clk_period: -1.0000 
    wns: 0  norm_wns:  -1.0000 
    fail_endp: -1 
    tns:  0  tns_per_endp:  -1.0000   norm_tns_per_endp:  -1.0000 
    tns_sense_max:  -1.0000  tns_sense_avg:  -1.0000   tns_sense_num: -1
  Smallest config area : 78744350.  Fastest config wns;  0
##>+----------------------------------------------------------------------------------------------------------------------------------------------------------------+
##>Summary table of configs (Best config is CDN_DP_region_6_0_c6)
##>+----------------------------------------------------------------------------------------------------------------------------------------------------------------+
##>                     0                  1                  2                  3                  4                  5                  6                  7            
##>+----------------------------------------------------------------------------------------------------------------------------------------------------------------+
##>           Area         98764100           78744350           78744350           78744350           78744350           78744350           78744350          121453150  
##>            WNS         +8437.00           +8437.00           +8437.00           +8437.00           +8437.00           +8437.00           +8437.00           +8437.00  
##>            TNS                0                  0                  0                  0                  0                  0                  0                  0  
##>    Num Rewrite                0                  0                  0                  0                  0                  0                  0                  1  
##>     Num Factor                0                  0                  0                  0                  0                  0                  0                  0  
##>      Num Share                0                  0                  0                  0                  0                  0                  0                  0  
##>   Num CmultCse                0                  0                  0                  0                  0                  0                  0                  0  
##>   Num Downsize                0                  0                  0                  0                  0                  0                  0                  0  
##>  Num Speculate                0                  0                  0                  0                  0                  0                  0                  0  
##>     Runtime(s)                0                  0                  0                  0                  0                  0                  0                  0  
+----------------------------------------------------------------------------------------------------------------------------------------------------------------+
##>
##>
##>+-----------------------------------------------------------------------------------------------------------------------------------------------------------------------------------------------------+
##>Optimization Step DEBUG Table for config CDN_DP_region_6_0_c6
##>
##>                          Step                        Area   (  % Chg)         WNS (Change)          TNS (Change)                Power   (  % Chg)        Runtime (s)        Comment                   
##>+-----------------------------------------------------------------------------------------------------------------------------------------------------------------------------------------------------+
##>createMaxCarrySave              START               98764100 (       )    107382619.40 (        )          0 (        )                    0 (       )              
##> datapath_rewrite_one_def       START               98764100 (  +0.00)    107382619.40 (   +0.00)          0 (       0)                    0 (  +0.00)              
##>  fast_cse_elim                 START               98764100 (  +0.00)    107382619.40 (   +0.00)          0 (       0)                    0 (  +0.00)              
##>                                  END               98764100 (  +0.00)    107382619.40 (   +0.00)          0 (       0)                    0 (  +0.00)           0  
##>  fast_cse_elim                 START               98764100 (  +0.00)    107382619.40 (   +0.00)          0 (       0)                    0 (  +0.00)              
##>                                  END               98764100 (  +0.00)    107382619.40 (   +0.00)          0 (       0)                    0 (  +0.00)           0  
##>                                  END               98764100 (  +0.00)    107382619.40 (   +0.00)          0 (       0)                    0 (  +0.00)           0  
##> dpopt_share_one_def            START               98764100 (  +0.00)    107382619.40 (   +0.00)          0 (       0)                    0 (  +0.00)              
##>                                  END               98764100 (  +0.00)    107382619.40 (   +0.00)          0 (       0)                    0 (  +0.00)           0  
##> csa_opto                       START               98764100 (  +0.00)    214748364.70 (+107365745.30)          0 (       0)                    0 (  +0.00)              
##>                                  END               98764100 (  +0.00)    214748364.70 (   +0.00)          0 (       0)                    0 (  +0.00)           0  
##>                                  END               98764100 (  +0.00)    214748364.70 (+107365745.30)          0 (       0)                    0 (  +0.00)           0  
##>canonicalize_by_names           START               98764100 (  +0.00)    214748364.70 (   +0.00)          0 (       0)                    0 (  +0.00)              
##>                                  END               98764100 (  +0.00)    214748364.70 (   +0.00)          0 (       0)                    0 (  +0.00)           0  
##>datapath_rewrite_post_csa_one_  START               98764100 (  +0.00)    214748364.70 (   +0.00)          0 (       0)                    0 (  +0.00)              
##>                                  END               98764100 (  +0.00)    214748364.70 (   +0.00)          0 (       0)                    0 (  +0.00)           0  
##>datapath_csa_factoring_one_gde  START               98764100 (  +0.00)    214748364.70 (   +0.00)          0 (       0)                    0 (  +0.00)              
##>                                  END               98764100 (  +0.00)    214748364.70 (   +0.00)          0 (       0)                    0 (  +0.00)           0  
##>dpopt_share_one_def             START               98764100 (  +0.00)    214748364.70 (   +0.00)          0 (       0)                    0 (  +0.00)              
##>                                  END               98764100 (  +0.00)    214748364.70 (   +0.00)          0 (       0)                    0 (  +0.00)           0  
##>datapath_rewrite_post_share     START               98764100 (  +0.00)    214748364.70 (   +0.00)          0 (       0)                    0 (  +0.00)              
##>                                  END               98764100 (  +0.00)    214748364.70 (   +0.00)          0 (       0)                    0 (  +0.00)           0  
##>dp_combine_const_mult_with_com  START               98764100 (  +0.00)    214748364.70 (   +0.00)          0 (       0)                    0 (  +0.00)              
##>                                  END               98764100 (  +0.00)    214748364.70 (   +0.00)          0 (       0)                    0 (  +0.00)           0  
##>dp_operator_level_decompositio  START               98764100 (  +0.00)    214748364.70 (   +0.00)          0 (       0)                    0 (  +0.00)              
##>                                  END               98764100 (  +0.00)    214748364.70 (   +0.00)          0 (       0)                    0 (  +0.00)           0  
##>selective_flatten_dp_config     START               98764100 (  +0.00)    214748364.70 (   +0.00)          0 (       0)                    0 (  +0.00)              
##>                                  END               98764100 (  +0.00)    214748364.70 (   +0.00)          0 (       0)                    0 (  +0.00)           0  
##>createMaxCarrySave              START               98764100 (  +0.00)    214748364.70 (   +0.00)          0 (       0)                    0 (  +0.00)              
##> datapath_rewrite_one_def       START               98764100 (  +0.00)    214748364.70 (   +0.00)          0 (       0)                    0 (  +0.00)              
##>  fast_cse_elim                 START               98764100 (  +0.00)    214748364.70 (   +0.00)          0 (       0)                    0 (  +0.00)              
##>                                  END               98764100 (  +0.00)    214748364.70 (   +0.00)          0 (       0)                    0 (  +0.00)           0  
##>  fast_cse_elim                 START               98764100 (  +0.00)    214748364.70 (   +0.00)          0 (       0)                    0 (  +0.00)              
##>                                  END               98764100 (  +0.00)    214748364.70 (   +0.00)          0 (       0)                    0 (  +0.00)           0  
##>                                  END               98764100 (  +0.00)    214748364.70 (   +0.00)          0 (       0)                    0 (  +0.00)           0  
##> dpopt_share_one_def            START               98764100 (  +0.00)    214748364.70 (   +0.00)          0 (       0)                    0 (  +0.00)              
##>                                  END               98764100 (  +0.00)    214748364.70 (   +0.00)          0 (       0)                    0 (  +0.00)           0  
##> csa_opto                       START               98764100 (  +0.00)    214748364.70 (   +0.00)          0 (       0)                    0 (  +0.00)              
##>                                  END               98764100 (  +0.00)    214748364.70 (   +0.00)          0 (       0)                    0 (  +0.00)           0  
##>                                  END               98764100 (  +0.00)    214748364.70 (   +0.00)          0 (       0)                    0 (  +0.00)           0  
##>context_based_simplify          START               93425500 (  -5.41)    214748364.70 (   +0.00)          0 (       0)                    0 (  +0.00)              
##>                                  END               78744350 ( -15.71)    214748364.70 (   +0.00)          0 (       0)                    0 (  +0.00)           0  
##>group_csa_final_adder_dp        START               78744350 (  +0.00)    214748364.70 (   +0.00)          0 (       0)                    0 (  +0.00)              
##>                                  END               78744350 (  +0.00)    214748364.70 (   +0.00)          0 (       0)                    0 (  +0.00)           0  
##>dpopt_flatten_critical_muxes_i  START               78744350 (  +0.00)    214748364.70 (   +0.00)          0 (       0)                    0 (  +0.00)              
##>                                  END               78744350 (  +0.00)    214748364.70 (   +0.00)          0 (       0)                    0 (  +0.00)           0  
##>create_score                    START               78744350 (  +0.00)     8437.00 (-214739927.70)          0 (       0)                    0 (  +0.00)              
##>                                  END               78744350 (  +0.00)     8437.00 (   +0.00)          0 (       0)                    0 (  +0.00)           0  
##>+-----------------------------------------------------------------------------------------------------------------------------------------------------------------------------------------------------+
Committed config: CDN_DP_region_6_0_c6
Info    : Done implementing datapath configurations. [DPOPT-4]
        : Selected 'very_fast' configuration 6 for module 'CDN_DP_region_6_0_c6'.
          Optimizations applied to 'very_fast' configuration:
            rewriting(0), factoring(0), sharing(0), cmultcse(0), downsizing(0), speculation(0)
Info    : Implementing datapath configurations. [DPOPT-3]
        : Implementing datapath configurations for 'CDN_DP_region_4_0'
CSAGen Prep Share:0 Re-Write:1 Speculation: 0
MaxCSA: Successfully built Maximal CSA Expression Expr4
CDN_DP_region_4_0 level = 0 loads = 0 drivers = 0
CDN_DP_region_4_0_c0 in hour: area: 60059250 ,dp = 2 mux = 1 sg = slow         worst_clk_period: -1.0000 
    wns: 0  norm_wns:  -1.0000 
    fail_endp: -1 
    tns:  0  tns_per_endp:  -1.0000   norm_tns_per_endp:  -1.0000 
    tns_sense_max:  -1.0000  tns_sense_avg:  -1.0000   tns_sense_num: -1
 skipped
CDN_DP_region_4_0_c1 in hour: area: 48047400 ,dp = 2 mux = 1 sg = fast         worst_clk_period: -1.0000 
    wns: 0  norm_wns:  -1.0000 
    fail_endp: -1 
    tns:  0  tns_per_endp:  -1.0000   norm_tns_per_endp:  -1.0000 
    tns_sense_max:  -1.0000  tns_sense_avg:  -1.0000   tns_sense_num: -1
 is current best
CDN_DP_region_4_0_c2 in hour: area: 48047400 ,dp = 2 mux = 1 sg = very_slow    worst_clk_period: -1.0000 
    wns: 0  norm_wns:  -1.0000 
    fail_endp: -1 
    tns:  0  tns_per_endp:  -1.0000   norm_tns_per_endp:  -1.0000 
    tns_sense_max:  -1.0000  tns_sense_avg:  -1.0000   tns_sense_num: -1
 is current best
CDN_DP_region_4_0_c3 in hour: area: 48047400 ,dp = 2 mux = 1 sg = very_fast    worst_clk_period: -1.0000 
    wns: 0  norm_wns:  -1.0000 
    fail_endp: -1 
    tns:  0  tns_per_endp:  -1.0000   norm_tns_per_endp:  -1.0000 
    tns_sense_max:  -1.0000  tns_sense_avg:  -1.0000   tns_sense_num: -1
 is current best
CDN_DP_region_4_0_c4 in hour: area: 48047400 ,dp = 2 mux = 1 sg = very_fast    worst_clk_period: -1.0000 
    wns: 0  norm_wns:  -1.0000 
    fail_endp: -1 
    tns:  0  tns_per_endp:  -1.0000   norm_tns_per_endp:  -1.0000 
    tns_sense_max:  -1.0000  tns_sense_avg:  -1.0000   tns_sense_num: -1
 is current best
CDN_DP_region_4_0_c5 in hour: area: 48047400 ,dp = 2 mux = 1 sg = very_fast    worst_clk_period: -1.0000 
    wns: 0  norm_wns:  -1.0000 
    fail_endp: -1 
    tns:  0  tns_per_endp:  -1.0000   norm_tns_per_endp:  -1.0000 
    tns_sense_max:  -1.0000  tns_sense_avg:  -1.0000   tns_sense_num: -1
 is current best
CDN_DP_region_4_0_c6 in hour: area: 48047400 ,dp = 2 mux = 1 sg = very_fast    worst_clk_period: -1.0000 
    wns: 0  norm_wns:  -1.0000 
    fail_endp: -1 
    tns:  0  tns_per_endp:  -1.0000   norm_tns_per_endp:  -1.0000 
    tns_sense_max:  -1.0000  tns_sense_avg:  -1.0000   tns_sense_num: -1
 is current best
CDN_DP_region_4_0_c7 in hour: area: 76075050 ,dp = 2 mux = 1 sg = very_fast    worst_clk_period: -1.0000 
    wns: 0  norm_wns:  -1.0000 
    fail_endp: -1 
    tns:  0  tns_per_endp:  -1.0000   norm_tns_per_endp:  -1.0000 
    tns_sense_max:  -1.0000  tns_sense_avg:  -1.0000   tns_sense_num: -1

Best config: CDN_DP_region_4_0_c6 in hour: area: 48047400 ,dp = 2 mux = 1 sg = very_fast    worst_clk_period: -1.0000 
    wns: 0  norm_wns:  -1.0000 
    fail_endp: -1 
    tns:  0  tns_per_endp:  -1.0000   norm_tns_per_endp:  -1.0000 
    tns_sense_max:  -1.0000  tns_sense_avg:  -1.0000   tns_sense_num: -1
  Smallest config area : 48047400.  Fastest config wns;  0
##>+----------------------------------------------------------------------------------------------------------------------------------------------------------------+
##>Summary table of configs (Best config is CDN_DP_region_4_0_c6)
##>+----------------------------------------------------------------------------------------------------------------------------------------------------------------+
##>                     0                  1                  2                  3                  4                  5                  6                  7            
##>+----------------------------------------------------------------------------------------------------------------------------------------------------------------+
##>           Area         60059250           48047400           48047400           48047400           48047400           48047400           48047400           76075050  
##>            WNS         +8640.10           +8640.10           +8640.10           +8640.10           +8640.10           +8640.10           +8640.10           +8640.10  
##>            TNS                0                  0                  0                  0                  0                  0                  0                  0  
##>    Num Rewrite                0                  0                  0                  0                  0                  0                  0                  1  
##>     Num Factor                0                  0                  0                  0                  0                  0                  0                  0  
##>      Num Share                0                  0                  0                  0                  0                  0                  0                  0  
##>   Num CmultCse                0                  0                  0                  0                  0                  0                  0                  0  
##>   Num Downsize                0                  0                  0                  0                  0                  0                  0                  0  
##>  Num Speculate                0                  0                  0                  0                  0                  0                  0                  0  
##>     Runtime(s)                0                  0                  0                  0                  0                  0                  0                  0  
+----------------------------------------------------------------------------------------------------------------------------------------------------------------+
##>
##>
##>+-----------------------------------------------------------------------------------------------------------------------------------------------------------------------------------------------------+
##>Optimization Step DEBUG Table for config CDN_DP_region_4_0_c6
##>
##>                          Step                        Area   (  % Chg)         WNS (Change)          TNS (Change)                Power   (  % Chg)        Runtime (s)        Comment                   
##>+-----------------------------------------------------------------------------------------------------------------------------------------------------------------------------------------------------+
##>createMaxCarrySave              START               60059250 (       )    107382822.50 (        )          0 (        )                    0 (       )              
##> datapath_rewrite_one_def       START               60059250 (  +0.00)    107382822.50 (   +0.00)          0 (       0)                    0 (  +0.00)              
##>  fast_cse_elim                 START               60059250 (  +0.00)    107382822.50 (   +0.00)          0 (       0)                    0 (  +0.00)              
##>                                  END               60059250 (  +0.00)    107382822.50 (   +0.00)          0 (       0)                    0 (  +0.00)           0  
##>  fast_cse_elim                 START               60059250 (  +0.00)    107382822.50 (   +0.00)          0 (       0)                    0 (  +0.00)              
##>                                  END               60059250 (  +0.00)    107382822.50 (   +0.00)          0 (       0)                    0 (  +0.00)           0  
##>                                  END               60059250 (  +0.00)    107382822.50 (   +0.00)          0 (       0)                    0 (  +0.00)           0  
##> dpopt_share_one_def            START               60059250 (  +0.00)    107382822.50 (   +0.00)          0 (       0)                    0 (  +0.00)              
##>                                  END               60059250 (  +0.00)    107382822.50 (   +0.00)          0 (       0)                    0 (  +0.00)           0  
##> csa_opto                       START               60059250 (  +0.00)    214748364.70 (+107365542.20)          0 (       0)                    0 (  +0.00)              
##>                                  END               61393900 (  +2.22)    214748364.70 (   +0.00)          0 (       0)                    0 (  +0.00)           0  
##>                                  END               61393900 (  +2.22)    214748364.70 (+107365542.20)          0 (       0)                    0 (  +0.00)           0  
##>canonicalize_by_names           START               61393900 (  +0.00)    214748364.70 (   +0.00)          0 (       0)                    0 (  +0.00)              
##>                                  END               61393900 (  +0.00)    214748364.70 (   +0.00)          0 (       0)                    0 (  +0.00)           0  
##>datapath_rewrite_post_csa_one_  START               61393900 (  +0.00)    214748364.70 (   +0.00)          0 (       0)                    0 (  +0.00)              
##>                                  END               61393900 (  +0.00)    214748364.70 (   +0.00)          0 (       0)                    0 (  +0.00)           0  
##>datapath_csa_factoring_one_gde  START               61393900 (  +0.00)    214748364.70 (   +0.00)          0 (       0)                    0 (  +0.00)              
##>                                  END               61393900 (  +0.00)    214748364.70 (   +0.00)          0 (       0)                    0 (  +0.00)           0  
##>dpopt_share_one_def             START               61393900 (  +0.00)    214748364.70 (   +0.00)          0 (       0)                    0 (  +0.00)              
##>                                  END               61393900 (  +0.00)    214748364.70 (   +0.00)          0 (       0)                    0 (  +0.00)           0  
##>datapath_rewrite_post_share     START               61393900 (  +0.00)    214748364.70 (   +0.00)          0 (       0)                    0 (  +0.00)              
##>                                  END               61393900 (  +0.00)    214748364.70 (   +0.00)          0 (       0)                    0 (  +0.00)           0  
##>dp_combine_const_mult_with_com  START               61393900 (  +0.00)    214748364.70 (   +0.00)          0 (       0)                    0 (  +0.00)              
##>                                  END               61393900 (  +0.00)    214748364.70 (   +0.00)          0 (       0)                    0 (  +0.00)           0  
##>dp_operator_level_decompositio  START               61393900 (  +0.00)    214748364.70 (   +0.00)          0 (       0)                    0 (  +0.00)              
##>                                  END               61393900 (  +0.00)    214748364.70 (   +0.00)          0 (       0)                    0 (  +0.00)           0  
##>selective_flatten_dp_config     START               61393900 (  +0.00)    214748364.70 (   +0.00)          0 (       0)                    0 (  +0.00)              
##>                                  END               61393900 (  +0.00)    214748364.70 (   +0.00)          0 (       0)                    0 (  +0.00)           0  
##>createMaxCarrySave              START               61393900 (  +0.00)    214748364.70 (   +0.00)          0 (       0)                    0 (  +0.00)              
##> datapath_rewrite_one_def       START               61393900 (  +0.00)    214748364.70 (   +0.00)          0 (       0)                    0 (  +0.00)              
##>  fast_cse_elim                 START               61393900 (  +0.00)    214748364.70 (   +0.00)          0 (       0)                    0 (  +0.00)              
##>                                  END               61393900 (  +0.00)    214748364.70 (   +0.00)          0 (       0)                    0 (  +0.00)           0  
##>  fast_cse_elim                 START               61393900 (  +0.00)    214748364.70 (   +0.00)          0 (       0)                    0 (  +0.00)              
##>                                  END               61393900 (  +0.00)    214748364.70 (   +0.00)          0 (       0)                    0 (  +0.00)           0  
##>                                  END               61393900 (  +0.00)    214748364.70 (   +0.00)          0 (       0)                    0 (  +0.00)           0  
##> dpopt_share_one_def            START               61393900 (  +0.00)    214748364.70 (   +0.00)          0 (       0)                    0 (  +0.00)              
##>                                  END               61393900 (  +0.00)    214748364.70 (   +0.00)          0 (       0)                    0 (  +0.00)           0  
##> csa_opto                       START               61393900 (  +0.00)    214748364.70 (   +0.00)          0 (       0)                    0 (  +0.00)              
##>                                  END               61393900 (  +0.00)    214748364.70 (   +0.00)          0 (       0)                    0 (  +0.00)           0  
##>                                  END               61393900 (  +0.00)    214748364.70 (   +0.00)          0 (       0)                    0 (  +0.00)           0  
##>context_based_simplify          START               56055300 (  -8.70)    214748364.70 (   +0.00)          0 (       0)                    0 (  +0.00)              
##>                                  END               48047400 ( -14.29)    214748364.70 (   +0.00)          0 (       0)                    0 (  +0.00)           0  
##>group_csa_final_adder_dp        START               48047400 (  +0.00)    214748364.70 (   +0.00)          0 (       0)                    0 (  +0.00)              
##>                                  END               48047400 (  +0.00)    214748364.70 (   +0.00)          0 (       0)                    0 (  +0.00)           0  
##>dpopt_flatten_critical_muxes_i  START               48047400 (  +0.00)    214748364.70 (   +0.00)          0 (       0)                    0 (  +0.00)              
##>                                  END               48047400 (  +0.00)    214748364.70 (   +0.00)          0 (       0)                    0 (  +0.00)           0  
##>create_score                    START               48047400 (  +0.00)     8640.10 (-214739724.60)          0 (       0)                    0 (  +0.00)              
##>                                  END               48047400 (  +0.00)     8640.10 (   +0.00)          0 (       0)                    0 (  +0.00)           0  
##>+-----------------------------------------------------------------------------------------------------------------------------------------------------------------------------------------------------+
Committed config: CDN_DP_region_4_0_c6
Info    : Done implementing datapath configurations. [DPOPT-4]
        : Selected 'very_fast' configuration 6 for module 'CDN_DP_region_4_0_c6'.
          Optimizations applied to 'very_fast' configuration:
            rewriting(0), factoring(0), sharing(0), cmultcse(0), downsizing(0), speculation(0)
Info    : Implementing datapath configurations. [DPOPT-3]
        : Implementing datapath configurations for 'CDN_DP_region_1_0'
CSAGen Prep Share:0 Re-Write:0 Speculation: 0
CDN_DP_region_1_0 level = 0 loads = 0 drivers = 0
CDN_DP_region_1_0_c0 in digit_ctrl_2: area: 44043450 ,dp = 0 mux = 1 sg = slow         worst_clk_period: -1.0000 
    wns: 0  norm_wns:  -1.0000 
    fail_endp: -1 
    tns:  0  tns_per_endp:  -1.0000   norm_tns_per_endp:  -1.0000 
    tns_sense_max:  -1.0000  tns_sense_avg:  -1.0000   tns_sense_num: -1
 skipped
CDN_DP_region_1_0_c1 in digit_ctrl_2: area: 44043450 ,dp = 0 mux = 1 sg = fast         worst_clk_period: -1.0000 
    wns: 0  norm_wns:  -1.0000 
    fail_endp: -1 
    tns:  0  tns_per_endp:  -1.0000   norm_tns_per_endp:  -1.0000 
    tns_sense_max:  -1.0000  tns_sense_avg:  -1.0000   tns_sense_num: -1
 is current best
CDN_DP_region_1_0_c2 in digit_ctrl_2: area: 44043450 ,dp = 0 mux = 1 sg = very_slow    worst_clk_period: -1.0000 
    wns: 0  norm_wns:  -1.0000 
    fail_endp: -1 
    tns:  0  tns_per_endp:  -1.0000   norm_tns_per_endp:  -1.0000 
    tns_sense_max:  -1.0000  tns_sense_avg:  -1.0000   tns_sense_num: -1
 is current best
CDN_DP_region_1_0_c3 in digit_ctrl_2: area: 44043450 ,dp = 0 mux = 1 sg = very_fast    worst_clk_period: -1.0000 
    wns: 0  norm_wns:  -1.0000 
    fail_endp: -1 
    tns:  0  tns_per_endp:  -1.0000   norm_tns_per_endp:  -1.0000 
    tns_sense_max:  -1.0000  tns_sense_avg:  -1.0000   tns_sense_num: -1
 is current best
CDN_DP_region_1_0_c4 in digit_ctrl_2: area: 44043450 ,dp = 0 mux = 1 sg = very_fast    worst_clk_period: -1.0000 
    wns: 0  norm_wns:  -1.0000 
    fail_endp: -1 
    tns:  0  tns_per_endp:  -1.0000   norm_tns_per_endp:  -1.0000 
    tns_sense_max:  -1.0000  tns_sense_avg:  -1.0000   tns_sense_num: -1
 is current best
CDN_DP_region_1_0_c5 in digit_ctrl_2: area: 44043450 ,dp = 0 mux = 1 sg = very_fast    worst_clk_period: -1.0000 
    wns: 0  norm_wns:  -1.0000 
    fail_endp: -1 
    tns:  0  tns_per_endp:  -1.0000   norm_tns_per_endp:  -1.0000 
    tns_sense_max:  -1.0000  tns_sense_avg:  -1.0000   tns_sense_num: -1
 is current best
CDN_DP_region_1_0_c6 in digit_ctrl_2: area: 44043450 ,dp = 0 mux = 1 sg = very_fast    worst_clk_period: -1.0000 
    wns: 0  norm_wns:  -1.0000 
    fail_endp: -1 
    tns:  0  tns_per_endp:  -1.0000   norm_tns_per_endp:  -1.0000 
    tns_sense_max:  -1.0000  tns_sense_avg:  -1.0000   tns_sense_num: -1
 is current best
CDN_DP_region_1_0_c7 in digit_ctrl_2: area: 44043450 ,dp = 0 mux = 1 sg = very_fast    worst_clk_period: -1.0000 
    wns: 0  norm_wns:  -1.0000 
    fail_endp: -1 
    tns:  0  tns_per_endp:  -1.0000   norm_tns_per_endp:  -1.0000 
    tns_sense_max:  -1.0000  tns_sense_avg:  -1.0000   tns_sense_num: -1
 is current best
Best config: CDN_DP_region_1_0_c7 in digit_ctrl_2: area: 44043450 ,dp = 0 mux = 1 sg = very_fast    worst_clk_period: -1.0000 
    wns: 0  norm_wns:  -1.0000 
    fail_endp: -1 
    tns:  0  tns_per_endp:  -1.0000   norm_tns_per_endp:  -1.0000 
    tns_sense_max:  -1.0000  tns_sense_avg:  -1.0000   tns_sense_num: -1
  Smallest config area : 44043450.  Fastest config wns;  0
##>+----------------------------------------------------------------------------------------------------------------------------------------------------------------+
##>Summary table of configs (Best config is CDN_DP_region_1_0_c7)
##>+----------------------------------------------------------------------------------------------------------------------------------------------------------------+
##>                     0                  1                  2                  3                  4                  5                  6                  7            
##>+----------------------------------------------------------------------------------------------------------------------------------------------------------------+
##>           Area         44043450           44043450           44043450           44043450           44043450           44043450           44043450           44043450  
##>            WNS         +8845.80           +8845.80           +8845.80           +8845.80           +8845.80           +8845.80           +8845.80           +8845.80  
##>            TNS                0                  0                  0                  0                  0                  0                  0                  0  
##>    Num Rewrite                0                  0                  0                  0                  0                  0                  0                  0  
##>     Num Factor                0                  0                  0                  0                  0                  0                  0                  0  
##>      Num Share                0                  0                  0                  0                  0                  0                  0                  0  
##>   Num CmultCse                0                  0                  0                  0                  0                  0                  0                  0  
##>   Num Downsize                0                  0                  0                  0                  0                  0                  0                  0  
##>  Num Speculate                0                  0                  0                  0                  0                  0                  0                  0  
##>     Runtime(s)                0                  0                  0                  0                  0                  0                  0                  0  
+----------------------------------------------------------------------------------------------------------------------------------------------------------------+
##>
##>
##>+-----------------------------------------------------------------------------------------------------------------------------------------------------------------------------------------------------+
##>Optimization Step DEBUG Table for config CDN_DP_region_1_0_c7
##>
##>                          Step                        Area   (  % Chg)         WNS (Change)          TNS (Change)                Power   (  % Chg)        Runtime (s)        Comment                   
##>+-----------------------------------------------------------------------------------------------------------------------------------------------------------------------------------------------------+
##>EquationExtraction              START               44043450 (       )     8845.80 (        )          0 (        )                    0 (       )              
##>                                  END               44043450 (  +0.00)     8845.80 (   +0.00)          0 (       0)                    0 (  +0.00)           0  
##>createMaxCarrySave              START               44043450 (  +0.00)     8845.80 (   +0.00)          0 (       0)                    0 (  +0.00)              
##> datapath_rewrite_one_def       START               44043450 (  +0.00)     8845.80 (   +0.00)          0 (       0)                    0 (  +0.00)              
##>                                  END               44043450 (  +0.00)     8845.80 (   +0.00)          0 (       0)                    0 (  +0.00)           0  
##> csa_opto                       START               44043450 (  +0.00)     8845.80 (   +0.00)          0 (       0)                    0 (  +0.00)              
##>                                  END               44043450 (  +0.00)     8845.80 (   +0.00)          0 (       0)                    0 (  +0.00)           0  
##>                                  END               44043450 (  +0.00)     8845.80 (   +0.00)          0 (       0)                    0 (  +0.00)           0  
##>canonicalize_by_names           START               44043450 (  +0.00)     8845.80 (   +0.00)          0 (       0)                    0 (  +0.00)              
##>                                  END               44043450 (  +0.00)     8845.80 (   +0.00)          0 (       0)                    0 (  +0.00)           0  
##>datapath_rewrite_post_csa_one_  START               44043450 (  +0.00)     8845.80 (   +0.00)          0 (       0)                    0 (  +0.00)              
##>                                  END               44043450 (  +0.00)     8845.80 (   +0.00)          0 (       0)                    0 (  +0.00)           0  
##>datapath_csa_factoring_one_gde  START               44043450 (  +0.00)     8845.80 (   +0.00)          0 (       0)                    0 (  +0.00)              
##>                                  END               44043450 (  +0.00)     8845.80 (   +0.00)          0 (       0)                    0 (  +0.00)           0  
##>dpopt_share_one_def             START               44043450 (  +0.00)     8845.80 (   +0.00)          0 (       0)                    0 (  +0.00)              
##>                                  END               44043450 (  +0.00)     8845.80 (   +0.00)          0 (       0)                    0 (  +0.00)           0  
##>datapath_rewrite_post_share     START               44043450 (  +0.00)     8845.80 (   +0.00)          0 (       0)                    0 (  +0.00)              
##>                                  END               44043450 (  +0.00)     8845.80 (   +0.00)          0 (       0)                    0 (  +0.00)           0  
##>dp_combine_const_mult_with_com  START               44043450 (  +0.00)     8845.80 (   +0.00)          0 (       0)                    0 (  +0.00)              
##>                                  END               44043450 (  +0.00)     8845.80 (   +0.00)          0 (       0)                    0 (  +0.00)           0  
##>dp_operator_level_decompositio  START               44043450 (  +0.00)     8845.80 (   +0.00)          0 (       0)                    0 (  +0.00)              
##>                                  END               44043450 (  +0.00)     8845.80 (   +0.00)          0 (       0)                    0 (  +0.00)           0  
##>selective_flatten_dp_config     START               44043450 (  +0.00)     8845.80 (   +0.00)          0 (       0)                    0 (  +0.00)              
##>                                  END               44043450 (  +0.00)     8845.80 (   +0.00)          0 (       0)                    0 (  +0.00)           0  
##>createMaxCarrySave              START               44043450 (  +0.00)     8845.80 (   +0.00)          0 (       0)                    0 (  +0.00)              
##> datapath_rewrite_one_def       START               44043450 (  +0.00)     8845.80 (   +0.00)          0 (       0)                    0 (  +0.00)              
##>  fast_cse_elim                 START               44043450 (  +0.00)     8845.80 (   +0.00)          0 (       0)                    0 (  +0.00)              
##>                                  END               44043450 (  +0.00)     8845.80 (   +0.00)          0 (       0)                    0 (  +0.00)           0  
##>  fast_cse_elim                 START               44043450 (  +0.00)     8845.80 (   +0.00)          0 (       0)                    0 (  +0.00)              
##>                                  END               44043450 (  +0.00)     8845.80 (   +0.00)          0 (       0)                    0 (  +0.00)           0  
##>                                  END               44043450 (  +0.00)     8845.80 (   +0.00)          0 (       0)                    0 (  +0.00)           0  
##> csa_opto                       START               44043450 (  +0.00)     8845.80 (   +0.00)          0 (       0)                    0 (  +0.00)              
##>                                  END               44043450 (  +0.00)     8845.80 (   +0.00)          0 (       0)                    0 (  +0.00)           0  
##>                                  END               44043450 (  +0.00)     8845.80 (   +0.00)          0 (       0)                    0 (  +0.00)           0  
##>context_based_simplify          START               44043450 (  +0.00)     8845.80 (   +0.00)          0 (       0)                    0 (  +0.00)              
##>                                  END               44043450 (  +0.00)     8845.80 (   +0.00)          0 (       0)                    0 (  +0.00)           0  
##>group_csa_final_adder_dp        START               44043450 (  +0.00)     8845.80 (   +0.00)          0 (       0)                    0 (  +0.00)              
##>                                  END               44043450 (  +0.00)     8845.80 (   +0.00)          0 (       0)                    0 (  +0.00)           0  
##>dpopt_flatten_critical_muxes_i  START               44043450 (  +0.00)     8845.80 (   +0.00)          0 (       0)                    0 (  +0.00)              
##>                                  END               44043450 (  +0.00)     8845.80 (   +0.00)          0 (       0)                    0 (  +0.00)           0  
##>create_score                    START               44043450 (  +0.00)     8845.80 (   +0.00)          0 (       0)                    0 (  +0.00)              
##>                                  END               44043450 (  +0.00)     8845.80 (   +0.00)          0 (       0)                    0 (  +0.00)           0  
##>+-----------------------------------------------------------------------------------------------------------------------------------------------------------------------------------------------------+
Committed config: CDN_DP_region_1_0_c7
Info    : Done implementing datapath configurations. [DPOPT-4]
        : Selected 'very_fast' configuration 7 for module 'CDN_DP_region_1_0_c7'.
          Optimizations applied to 'very_fast' configuration:
            rewriting(0), factoring(0), sharing(0), cmultcse(0), downsizing(0), speculation(0)
Info    : Implementing datapath configurations. [DPOPT-3]
        : Implementing datapath configurations for 'CDN_DP_region_2_0'
CSAGen Prep Share:0 Re-Write:0 Speculation: 0
CDN_DP_region_2_0 level = 0 loads = 0 drivers = 0
CDN_DP_region_2_0_c0 in digit_ctrl_36: area: 44043450 ,dp = 0 mux = 1 sg = slow         worst_clk_period: -1.0000 
    wns: 0  norm_wns:  -1.0000 
    fail_endp: -1 
    tns:  0  tns_per_endp:  -1.0000   norm_tns_per_endp:  -1.0000 
    tns_sense_max:  -1.0000  tns_sense_avg:  -1.0000   tns_sense_num: -1
 skipped
CDN_DP_region_2_0_c1 in digit_ctrl_36: area: 44043450 ,dp = 0 mux = 1 sg = fast         worst_clk_period: -1.0000 
    wns: 0  norm_wns:  -1.0000 
    fail_endp: -1 
    tns:  0  tns_per_endp:  -1.0000   norm_tns_per_endp:  -1.0000 
    tns_sense_max:  -1.0000  tns_sense_avg:  -1.0000   tns_sense_num: -1
 is current best
CDN_DP_region_2_0_c2 in digit_ctrl_36: area: 44043450 ,dp = 0 mux = 1 sg = very_slow    worst_clk_period: -1.0000 
    wns: 0  norm_wns:  -1.0000 
    fail_endp: -1 
    tns:  0  tns_per_endp:  -1.0000   norm_tns_per_endp:  -1.0000 
    tns_sense_max:  -1.0000  tns_sense_avg:  -1.0000   tns_sense_num: -1
 is current best
CDN_DP_region_2_0_c3 in digit_ctrl_36: area: 44043450 ,dp = 0 mux = 1 sg = very_fast    worst_clk_period: -1.0000 
    wns: 0  norm_wns:  -1.0000 
    fail_endp: -1 
    tns:  0  tns_per_endp:  -1.0000   norm_tns_per_endp:  -1.0000 
    tns_sense_max:  -1.0000  tns_sense_avg:  -1.0000   tns_sense_num: -1
 is current best
CDN_DP_region_2_0_c4 in digit_ctrl_36: area: 44043450 ,dp = 0 mux = 1 sg = very_fast    worst_clk_period: -1.0000 
    wns: 0  norm_wns:  -1.0000 
    fail_endp: -1 
    tns:  0  tns_per_endp:  -1.0000   norm_tns_per_endp:  -1.0000 
    tns_sense_max:  -1.0000  tns_sense_avg:  -1.0000   tns_sense_num: -1
 is current best
CDN_DP_region_2_0_c5 in digit_ctrl_36: area: 44043450 ,dp = 0 mux = 1 sg = very_fast    worst_clk_period: -1.0000 
    wns: 0  norm_wns:  -1.0000 
    fail_endp: -1 
    tns:  0  tns_per_endp:  -1.0000   norm_tns_per_endp:  -1.0000 
    tns_sense_max:  -1.0000  tns_sense_avg:  -1.0000   tns_sense_num: -1
 is current best
CDN_DP_region_2_0_c6 in digit_ctrl_36: area: 44043450 ,dp = 0 mux = 1 sg = very_fast    worst_clk_period: -1.0000 
    wns: 0  norm_wns:  -1.0000 
    fail_endp: -1 
    tns:  0  tns_per_endp:  -1.0000   norm_tns_per_endp:  -1.0000 
    tns_sense_max:  -1.0000  tns_sense_avg:  -1.0000   tns_sense_num: -1
 is current best
CDN_DP_region_2_0_c7 in digit_ctrl_36: area: 44043450 ,dp = 0 mux = 1 sg = very_fast    worst_clk_period: -1.0000 
    wns: 0  norm_wns:  -1.0000 
    fail_endp: -1 
    tns:  0  tns_per_endp:  -1.0000   norm_tns_per_endp:  -1.0000 
    tns_sense_max:  -1.0000  tns_sense_avg:  -1.0000   tns_sense_num: -1
 is current best
Best config: CDN_DP_region_2_0_c7 in digit_ctrl_36: area: 44043450 ,dp = 0 mux = 1 sg = very_fast    worst_clk_period: -1.0000 
    wns: 0  norm_wns:  -1.0000 
    fail_endp: -1 
    tns:  0  tns_per_endp:  -1.0000   norm_tns_per_endp:  -1.0000 
    tns_sense_max:  -1.0000  tns_sense_avg:  -1.0000   tns_sense_num: -1
  Smallest config area : 44043450.  Fastest config wns;  0
##>+----------------------------------------------------------------------------------------------------------------------------------------------------------------+
##>Summary table of configs (Best config is CDN_DP_region_2_0_c7)
##>+----------------------------------------------------------------------------------------------------------------------------------------------------------------+
##>                     0                  1                  2                  3                  4                  5                  6                  7            
##>+----------------------------------------------------------------------------------------------------------------------------------------------------------------+
##>           Area         44043450           44043450           44043450           44043450           44043450           44043450           44043450           44043450  
##>            WNS         +8437.00           +8437.00           +8437.00           +8437.00           +8437.00           +8437.00           +8437.00           +8437.00  
##>            TNS                0                  0                  0                  0                  0                  0                  0                  0  
##>    Num Rewrite                0                  0                  0                  0                  0                  0                  0                  0  
##>     Num Factor                0                  0                  0                  0                  0                  0                  0                  0  
##>      Num Share                0                  0                  0                  0                  0                  0                  0                  0  
##>   Num CmultCse                0                  0                  0                  0                  0                  0                  0                  0  
##>   Num Downsize                0                  0                  0                  0                  0                  0                  0                  0  
##>  Num Speculate                0                  0                  0                  0                  0                  0                  0                  0  
##>     Runtime(s)                0                  0                  0                  0                  0                  0                  0                  0  
+----------------------------------------------------------------------------------------------------------------------------------------------------------------+
##>
##>
##>+-----------------------------------------------------------------------------------------------------------------------------------------------------------------------------------------------------+
##>Optimization Step DEBUG Table for config CDN_DP_region_2_0_c7
##>
##>                          Step                        Area   (  % Chg)         WNS (Change)          TNS (Change)                Power   (  % Chg)        Runtime (s)        Comment                   
##>+-----------------------------------------------------------------------------------------------------------------------------------------------------------------------------------------------------+
##>EquationExtraction              START               44043450 (       )     8437.00 (        )          0 (        )                    0 (       )              
##>                                  END               44043450 (  +0.00)     8437.00 (   +0.00)          0 (       0)                    0 (  +0.00)           0  
##>createMaxCarrySave              START               44043450 (  +0.00)     8437.00 (   +0.00)          0 (       0)                    0 (  +0.00)              
##> datapath_rewrite_one_def       START               44043450 (  +0.00)     8437.00 (   +0.00)          0 (       0)                    0 (  +0.00)              
##>                                  END               44043450 (  +0.00)     8437.00 (   +0.00)          0 (       0)                    0 (  +0.00)           0  
##> csa_opto                       START               44043450 (  +0.00)     8437.00 (   +0.00)          0 (       0)                    0 (  +0.00)              
##>                                  END               44043450 (  +0.00)     8437.00 (   +0.00)          0 (       0)                    0 (  +0.00)           0  
##>                                  END               44043450 (  +0.00)     8437.00 (   +0.00)          0 (       0)                    0 (  +0.00)           0  
##>canonicalize_by_names           START               44043450 (  +0.00)     8437.00 (   +0.00)          0 (       0)                    0 (  +0.00)              
##>                                  END               44043450 (  +0.00)     8437.00 (   +0.00)          0 (       0)                    0 (  +0.00)           0  
##>datapath_rewrite_post_csa_one_  START               44043450 (  +0.00)     8437.00 (   +0.00)          0 (       0)                    0 (  +0.00)              
##>                                  END               44043450 (  +0.00)     8437.00 (   +0.00)          0 (       0)                    0 (  +0.00)           0  
##>datapath_csa_factoring_one_gde  START               44043450 (  +0.00)     8437.00 (   +0.00)          0 (       0)                    0 (  +0.00)              
##>                                  END               44043450 (  +0.00)     8437.00 (   +0.00)          0 (       0)                    0 (  +0.00)           0  
##>dpopt_share_one_def             START               44043450 (  +0.00)     8437.00 (   +0.00)          0 (       0)                    0 (  +0.00)              
##>                                  END               44043450 (  +0.00)     8437.00 (   +0.00)          0 (       0)                    0 (  +0.00)           0  
##>datapath_rewrite_post_share     START               44043450 (  +0.00)     8437.00 (   +0.00)          0 (       0)                    0 (  +0.00)              
##>                                  END               44043450 (  +0.00)     8437.00 (   +0.00)          0 (       0)                    0 (  +0.00)           0  
##>dp_combine_const_mult_with_com  START               44043450 (  +0.00)     8437.00 (   +0.00)          0 (       0)                    0 (  +0.00)              
##>                                  END               44043450 (  +0.00)     8437.00 (   +0.00)          0 (       0)                    0 (  +0.00)           0  
##>dp_operator_level_decompositio  START               44043450 (  +0.00)     8437.00 (   +0.00)          0 (       0)                    0 (  +0.00)              
##>                                  END               44043450 (  +0.00)     8437.00 (   +0.00)          0 (       0)                    0 (  +0.00)           0  
##>selective_flatten_dp_config     START               44043450 (  +0.00)     8437.00 (   +0.00)          0 (       0)                    0 (  +0.00)              
##>                                  END               44043450 (  +0.00)     8437.00 (   +0.00)          0 (       0)                    0 (  +0.00)           0  
##>createMaxCarrySave              START               44043450 (  +0.00)     8437.00 (   +0.00)          0 (       0)                    0 (  +0.00)              
##> datapath_rewrite_one_def       START               44043450 (  +0.00)     8437.00 (   +0.00)          0 (       0)                    0 (  +0.00)              
##>  fast_cse_elim                 START               44043450 (  +0.00)     8437.00 (   +0.00)          0 (       0)                    0 (  +0.00)              
##>                                  END               44043450 (  +0.00)     8437.00 (   +0.00)          0 (       0)                    0 (  +0.00)           0  
##>  fast_cse_elim                 START               44043450 (  +0.00)     8437.00 (   +0.00)          0 (       0)                    0 (  +0.00)              
##>                                  END               44043450 (  +0.00)     8437.00 (   +0.00)          0 (       0)                    0 (  +0.00)           0  
##>                                  END               44043450 (  +0.00)     8437.00 (   +0.00)          0 (       0)                    0 (  +0.00)           0  
##> csa_opto                       START               44043450 (  +0.00)     8437.00 (   +0.00)          0 (       0)                    0 (  +0.00)              
##>                                  END               44043450 (  +0.00)     8437.00 (   +0.00)          0 (       0)                    0 (  +0.00)           0  
##>                                  END               44043450 (  +0.00)     8437.00 (   +0.00)          0 (       0)                    0 (  +0.00)           0  
##>context_based_simplify          START               44043450 (  +0.00)     8437.00 (   +0.00)          0 (       0)                    0 (  +0.00)              
##>                                  END               44043450 (  +0.00)     8437.00 (   +0.00)          0 (       0)                    0 (  +0.00)           0  
##>group_csa_final_adder_dp        START               44043450 (  +0.00)     8437.00 (   +0.00)          0 (       0)                    0 (  +0.00)              
##>                                  END               44043450 (  +0.00)     8437.00 (   +0.00)          0 (       0)                    0 (  +0.00)           0  
##>dpopt_flatten_critical_muxes_i  START               44043450 (  +0.00)     8437.00 (   +0.00)          0 (       0)                    0 (  +0.00)              
##>                                  END               44043450 (  +0.00)     8437.00 (   +0.00)          0 (       0)                    0 (  +0.00)           0  
##>create_score                    START               44043450 (  +0.00)     8437.00 (   +0.00)          0 (       0)                    0 (  +0.00)              
##>                                  END               44043450 (  +0.00)     8437.00 (   +0.00)          0 (       0)                    0 (  +0.00)           0  
##>+-----------------------------------------------------------------------------------------------------------------------------------------------------------------------------------------------------+
Committed config: CDN_DP_region_2_0_c7
Info    : Done implementing datapath configurations. [DPOPT-4]
        : Selected 'very_fast' configuration 7 for module 'CDN_DP_region_2_0_c7'.
          Optimizations applied to 'very_fast' configuration:
            rewriting(0), factoring(0), sharing(0), cmultcse(0), downsizing(0), speculation(0)
Info    : Implementing datapath configurations. [DPOPT-3]
        : Implementing datapath configurations for 'CDN_DP_region_0_0'
CSAGen Prep Share:0 Re-Write:0 Speculation: 0
CDN_DP_region_0_0 level = 0 loads = 0 drivers = 0
CDN_DP_region_0_0_c0 in digit_ctrl: area: 44043450 ,dp = 0 mux = 1 sg = slow         worst_clk_period: -1.0000 
    wns: 0  norm_wns:  -1.0000 
    fail_endp: -1 
    tns:  0  tns_per_endp:  -1.0000   norm_tns_per_endp:  -1.0000 
    tns_sense_max:  -1.0000  tns_sense_avg:  -1.0000   tns_sense_num: -1
 skipped
CDN_DP_region_0_0_c1 in digit_ctrl: area: 44043450 ,dp = 0 mux = 1 sg = fast         worst_clk_period: -1.0000 
    wns: 0  norm_wns:  -1.0000 
    fail_endp: -1 
    tns:  0  tns_per_endp:  -1.0000   norm_tns_per_endp:  -1.0000 
    tns_sense_max:  -1.0000  tns_sense_avg:  -1.0000   tns_sense_num: -1
 is current best
CDN_DP_region_0_0_c2 in digit_ctrl: area: 44043450 ,dp = 0 mux = 1 sg = very_slow    worst_clk_period: -1.0000 
    wns: 0  norm_wns:  -1.0000 
    fail_endp: -1 
    tns:  0  tns_per_endp:  -1.0000   norm_tns_per_endp:  -1.0000 
    tns_sense_max:  -1.0000  tns_sense_avg:  -1.0000   tns_sense_num: -1
 is current best
CDN_DP_region_0_0_c3 in digit_ctrl: area: 44043450 ,dp = 0 mux = 1 sg = very_fast    worst_clk_period: -1.0000 
    wns: 0  norm_wns:  -1.0000 
    fail_endp: -1 
    tns:  0  tns_per_endp:  -1.0000   norm_tns_per_endp:  -1.0000 
    tns_sense_max:  -1.0000  tns_sense_avg:  -1.0000   tns_sense_num: -1
 is current best
CDN_DP_region_0_0_c4 in digit_ctrl: area: 44043450 ,dp = 0 mux = 1 sg = very_fast    worst_clk_period: -1.0000 
    wns: 0  norm_wns:  -1.0000 
    fail_endp: -1 
    tns:  0  tns_per_endp:  -1.0000   norm_tns_per_endp:  -1.0000 
    tns_sense_max:  -1.0000  tns_sense_avg:  -1.0000   tns_sense_num: -1
 is current best
CDN_DP_region_0_0_c5 in digit_ctrl: area: 44043450 ,dp = 0 mux = 1 sg = very_fast    worst_clk_period: -1.0000 
    wns: 0  norm_wns:  -1.0000 
    fail_endp: -1 
    tns:  0  tns_per_endp:  -1.0000   norm_tns_per_endp:  -1.0000 
    tns_sense_max:  -1.0000  tns_sense_avg:  -1.0000   tns_sense_num: -1
 is current best
CDN_DP_region_0_0_c6 in digit_ctrl: area: 44043450 ,dp = 0 mux = 1 sg = very_fast    worst_clk_period: -1.0000 
    wns: 0  norm_wns:  -1.0000 
    fail_endp: -1 
    tns:  0  tns_per_endp:  -1.0000   norm_tns_per_endp:  -1.0000 
    tns_sense_max:  -1.0000  tns_sense_avg:  -1.0000   tns_sense_num: -1
 is current best
CDN_DP_region_0_0_c7 in digit_ctrl: area: 44043450 ,dp = 0 mux = 1 sg = very_fast    worst_clk_period: -1.0000 
    wns: 0  norm_wns:  -1.0000 
    fail_endp: -1 
    tns:  0  tns_per_endp:  -1.0000   norm_tns_per_endp:  -1.0000 
    tns_sense_max:  -1.0000  tns_sense_avg:  -1.0000   tns_sense_num: -1
 is current best
Best config: CDN_DP_region_0_0_c7 in digit_ctrl: area: 44043450 ,dp = 0 mux = 1 sg = very_fast    worst_clk_period: -1.0000 
    wns: 0  norm_wns:  -1.0000 
    fail_endp: -1 
    tns:  0  tns_per_endp:  -1.0000   norm_tns_per_endp:  -1.0000 
    tns_sense_max:  -1.0000  tns_sense_avg:  -1.0000   tns_sense_num: -1
  Smallest config area : 44043450.  Fastest config wns;  0
##>+----------------------------------------------------------------------------------------------------------------------------------------------------------------+
##>Summary table of configs (Best config is CDN_DP_region_0_0_c7)
##>+----------------------------------------------------------------------------------------------------------------------------------------------------------------+
##>                     0                  1                  2                  3                  4                  5                  6                  7            
##>+----------------------------------------------------------------------------------------------------------------------------------------------------------------+
##>           Area         44043450           44043450           44043450           44043450           44043450           44043450           44043450           44043450  
##>            WNS         +8437.00           +8437.00           +8437.00           +8437.00           +8437.00           +8437.00           +8437.00           +8437.00  
##>            TNS                0                  0                  0                  0                  0                  0                  0                  0  
##>    Num Rewrite                0                  0                  0                  0                  0                  0                  0                  0  
##>     Num Factor                0                  0                  0                  0                  0                  0                  0                  0  
##>      Num Share                0                  0                  0                  0                  0                  0                  0                  0  
##>   Num CmultCse                0                  0                  0                  0                  0                  0                  0                  0  
##>   Num Downsize                0                  0                  0                  0                  0                  0                  0                  0  
##>  Num Speculate                0                  0                  0                  0                  0                  0                  0                  0  
##>     Runtime(s)                0                  0                  0                  0                  0                  0                  0                  0  
+----------------------------------------------------------------------------------------------------------------------------------------------------------------+
##>
##>
##>+-----------------------------------------------------------------------------------------------------------------------------------------------------------------------------------------------------+
##>Optimization Step DEBUG Table for config CDN_DP_region_0_0_c7
##>
##>                          Step                        Area   (  % Chg)         WNS (Change)          TNS (Change)                Power   (  % Chg)        Runtime (s)        Comment                   
##>+-----------------------------------------------------------------------------------------------------------------------------------------------------------------------------------------------------+
##>EquationExtraction              START               44043450 (       )     8437.00 (        )          0 (        )                    0 (       )              
##>                                  END               44043450 (  +0.00)     8437.00 (   +0.00)          0 (       0)                    0 (  +0.00)           0  
##>createMaxCarrySave              START               44043450 (  +0.00)     8437.00 (   +0.00)          0 (       0)                    0 (  +0.00)              
##> datapath_rewrite_one_def       START               44043450 (  +0.00)     8437.00 (   +0.00)          0 (       0)                    0 (  +0.00)              
##>                                  END               44043450 (  +0.00)     8437.00 (   +0.00)          0 (       0)                    0 (  +0.00)           0  
##> csa_opto                       START               44043450 (  +0.00)     8437.00 (   +0.00)          0 (       0)                    0 (  +0.00)              
##>                                  END               44043450 (  +0.00)     8437.00 (   +0.00)          0 (       0)                    0 (  +0.00)           0  
##>                                  END               44043450 (  +0.00)     8437.00 (   +0.00)          0 (       0)                    0 (  +0.00)           0  
##>canonicalize_by_names           START               44043450 (  +0.00)     8437.00 (   +0.00)          0 (       0)                    0 (  +0.00)              
##>                                  END               44043450 (  +0.00)     8437.00 (   +0.00)          0 (       0)                    0 (  +0.00)           0  
##>datapath_rewrite_post_csa_one_  START               44043450 (  +0.00)     8437.00 (   +0.00)          0 (       0)                    0 (  +0.00)              
##>                                  END               44043450 (  +0.00)     8437.00 (   +0.00)          0 (       0)                    0 (  +0.00)           0  
##>datapath_csa_factoring_one_gde  START               44043450 (  +0.00)     8437.00 (   +0.00)          0 (       0)                    0 (  +0.00)              
##>                                  END               44043450 (  +0.00)     8437.00 (   +0.00)          0 (       0)                    0 (  +0.00)           0  
##>dpopt_share_one_def             START               44043450 (  +0.00)     8437.00 (   +0.00)          0 (       0)                    0 (  +0.00)              
##>                                  END               44043450 (  +0.00)     8437.00 (   +0.00)          0 (       0)                    0 (  +0.00)           0  
##>datapath_rewrite_post_share     START               44043450 (  +0.00)     8437.00 (   +0.00)          0 (       0)                    0 (  +0.00)              
##>                                  END               44043450 (  +0.00)     8437.00 (   +0.00)          0 (       0)                    0 (  +0.00)           0  
##>dp_combine_const_mult_with_com  START               44043450 (  +0.00)     8437.00 (   +0.00)          0 (       0)                    0 (  +0.00)              
##>                                  END               44043450 (  +0.00)     8437.00 (   +0.00)          0 (       0)                    0 (  +0.00)           0  
##>dp_operator_level_decompositio  START               44043450 (  +0.00)     8437.00 (   +0.00)          0 (       0)                    0 (  +0.00)              
##>                                  END               44043450 (  +0.00)     8437.00 (   +0.00)          0 (       0)                    0 (  +0.00)           0  
##>selective_flatten_dp_config     START               44043450 (  +0.00)     8437.00 (   +0.00)          0 (       0)                    0 (  +0.00)              
##>                                  END               44043450 (  +0.00)     8437.00 (   +0.00)          0 (       0)                    0 (  +0.00)           0  
##>createMaxCarrySave              START               44043450 (  +0.00)     8437.00 (   +0.00)          0 (       0)                    0 (  +0.00)              
##> datapath_rewrite_one_def       START               44043450 (  +0.00)     8437.00 (   +0.00)          0 (       0)                    0 (  +0.00)              
##>  fast_cse_elim                 START               44043450 (  +0.00)     8437.00 (   +0.00)          0 (       0)                    0 (  +0.00)              
##>                                  END               44043450 (  +0.00)     8437.00 (   +0.00)          0 (       0)                    0 (  +0.00)           0  
##>  fast_cse_elim                 START               44043450 (  +0.00)     8437.00 (   +0.00)          0 (       0)                    0 (  +0.00)              
##>                                  END               44043450 (  +0.00)     8437.00 (   +0.00)          0 (       0)                    0 (  +0.00)           0  
##>                                  END               44043450 (  +0.00)     8437.00 (   +0.00)          0 (       0)                    0 (  +0.00)           0  
##> csa_opto                       START               44043450 (  +0.00)     8437.00 (   +0.00)          0 (       0)                    0 (  +0.00)              
##>                                  END               44043450 (  +0.00)     8437.00 (   +0.00)          0 (       0)                    0 (  +0.00)           0  
##>                                  END               44043450 (  +0.00)     8437.00 (   +0.00)          0 (       0)                    0 (  +0.00)           0  
##>context_based_simplify          START               44043450 (  +0.00)     8437.00 (   +0.00)          0 (       0)                    0 (  +0.00)              
##>                                  END               44043450 (  +0.00)     8437.00 (   +0.00)          0 (       0)                    0 (  +0.00)           0  
##>group_csa_final_adder_dp        START               44043450 (  +0.00)     8437.00 (   +0.00)          0 (       0)                    0 (  +0.00)              
##>                                  END               44043450 (  +0.00)     8437.00 (   +0.00)          0 (       0)                    0 (  +0.00)           0  
##>dpopt_flatten_critical_muxes_i  START               44043450 (  +0.00)     8437.00 (   +0.00)          0 (       0)                    0 (  +0.00)              
##>                                  END               44043450 (  +0.00)     8437.00 (   +0.00)          0 (       0)                    0 (  +0.00)           0  
##>create_score                    START               44043450 (  +0.00)     8437.00 (   +0.00)          0 (       0)                    0 (  +0.00)              
##>                                  END               44043450 (  +0.00)     8437.00 (   +0.00)          0 (       0)                    0 (  +0.00)           0  
##>+-----------------------------------------------------------------------------------------------------------------------------------------------------------------------------------------------------+
Committed config: CDN_DP_region_0_0_c7
Info    : Done implementing datapath configurations. [DPOPT-4]
        : Selected 'very_fast' configuration 7 for module 'CDN_DP_region_0_0_c7'.
          Optimizations applied to 'very_fast' configuration:
            rewriting(0), factoring(0), sharing(0), cmultcse(0), downsizing(0), speculation(0)
Info:  Ungrouped 0 dp-cluster instances.  0 cluster instances were left intact, to aid verification.
Info    : Done optimizing datapath logic. [DPOPT-2]
        : Done optimizing datapath logic in 'digtimer'.
Number of big hc bmuxes after = 0
Starting bit-level redundancy removal [v1.0] (stage: post_rtlopt, startdef: digtimer, recur: true)
Completed bit-level redundancy removal (accepts: 0, rejects: 0, runtime: 0.003s)
Starting logic reduction [v1.0] (stage: post_rtlopt, startdef: digtimer, recur: true)
Completed logic reduction (accepts: 0, rejects: 0, runtime: 0.000s)
Starting mux data reorder optimization [v1.0] (stage: post_rtlopt, startdef: digtimer, recur: true)
Completed mux data reorder optimization (accepts: 0, rejects: 0, runtime: 0.000s)

Stage: post_rtlopt
----------------------------------------------------------------
| Transform                  | Accepts | Rejects | Runtime (s) | 
----------------------------------------------------------------
| hlo_redundancy_removal_bit |       0 |       0 |        0.00 | 
| hlo_logic_reduction        |       0 |       0 |        0.00 | 
| hlo_mux_reorder            |       0 |       0 |        0.00 | 
----------------------------------------------------------------
Running post blast mux optimization. Please follow up with Cadence support if runtime issues are seen with this optimization.
Running post blast mux optimization. Please follow up with Cadence support if runtime issues are seen with this optimization.
Running post blast mux optimization. Please follow up with Cadence support if runtime issues are seen with this optimization.
Running post blast mux optimization. Please follow up with Cadence support if runtime issues are seen with this optimization.
Running post blast mux optimization. Please follow up with Cadence support if runtime issues are seen with this optimization.
Running post blast mux optimization. Please follow up with Cadence support if runtime issues are seen with this optimization.
Starting mux speculation [v1.0] (stage: post_muxopt, startdef: digtimer, recur: true)
Starting speculation optimization
Completed speculation optimization (accepts:0)
Completed mux speculation (accepts: 0, rejects: 0, runtime: 0.029s)

Stage: post_muxopt
-----------------------------------------------------
| Transform       | Accepts | Rejects | Runtime (s) | 
-----------------------------------------------------
| hlo_speculation |       0 |       0 |        0.03 | 
-----------------------------------------------------
==================================
Stage : to_generic 
==================================
  =================
   Message Summary
  =================
-----------------------------------------------------------------------------------------------------------------------------------------------------------------------------------------------------------------------------------------------------------------------------------------
|    Id    |  Sev  |Count|                                                                                                                         Message Text                                                                                                                         |
-----------------------------------------------------------------------------------------------------------------------------------------------------------------------------------------------------------------------------------------------------------------------------------------
|CDFG-250  |Info   |    6|Processing multi-dimensional arrays.                                                                                                                                                                                                                          |
|CDFG-359  |Info   |    2|Building ChipWare component.                                                                                                                                                                                                                                  |
|CDFG-372  |Info   |   23|Bitwidth mismatch in assignment.                                                                                                                                                                                                                              |
|          |       |     |Review and make sure the mismatch is intentional. Genus can possibly issue bitwidth mismatch warning for explicit assignments present in RTL as-well-as for implicit assignments inferred by the tool. For example, in case of enum declaration without value,|
|          |       |     | the tool will implicitly assign value to the enum variables. It also issues the warning for any bitwidth mismatch that appears in this implicit assignment.                                                                                                  |
|CDFG-567  |Info   |    8|Instantiating Subdesign.                                                                                                                                                                                                                                      |
|CDFG-769  |Info   |    1|Identified sum-of-products logic to be optimized during syn_generic.                                                                                                                                                                                          |
|CWD-19    |Info   |   77|An implementation was inferred.                                                                                                                                                                                                                               |
|DPOPT-1   |Info   |    1|Optimizing datapath logic.                                                                                                                                                                                                                                    |
|DPOPT-2   |Info   |    1|Done optimizing datapath logic.                                                                                                                                                                                                                               |
|DPOPT-3   |Info   |    8|Implementing datapath configurations.                                                                                                                                                                                                                         |
|DPOPT-4   |Info   |    8|Done implementing datapath configurations.                                                                                                                                                                                                                    |
|DPOPT-6   |Info   |    1|Pre-processed datapath logic.                                                                                                                                                                                                                                 |
|ELAB-1    |Info   |    1|Elaborating Design.                                                                                                                                                                                                                                           |
|ELAB-2    |Info   |    7|Elaborating Subdesign.                                                                                                                                                                                                                                        |
|ELAB-3    |Info   |    1|Done Elaborating Design.                                                                                                                                                                                                                                      |
|GB-6      |Info   |   11|A datapath component has been ungrouped.                                                                                                                                                                                                                      |
|GLO-12    |Info   |    3|Replacing a flip-flop with a logic constant 0.                                                                                                                                                                                                                |
|          |       |     |To prevent this optimization, set the 'optimize_constant_0_flops' root attribute to 'false' or 'optimize_constant_0_seq' instance attribute to 'false'. You can also see the complete list of deleted sequential with command 'report sequential -deleted'    |
|          |       |     | (on Reason 'constant0').                                                                                                                                                                                                                                     |
|GLO-34    |Info   |    2|Deleting instances not driving any primary outputs.                                                                                                                                                                                                           |
|          |       |     |Optimizations such as constant propagation or redundancy removal could change the connections so a hierarchical instance does not drive any primary outputs anymore. To see the list of deleted hierarchical instances, set the 'information_level' attribute |
|          |       |     | to 2 or above. If the message is truncated set the message attribute 'truncate' to false to see the complete list. To prevent this optimization, set the 'delete_unloaded_insts' root/subdesign attribute to 'false' or 'preserve' instance attribute to     |
|          |       |     | 'true'.                                                                                                                                                                                                                                                      |
|LBR-9     |Warning|    2|Library cell has no output pins defined.                                                                                                                                                                                                                      |
|          |       |     |Add the missing output pin(s)                                                                                                                                                                                                                                 |
|          |       |     | , then reload the library. Else the library cell will be marked as timing model i.e. unusable. Timing_model means that the cell does not have any defined function. If there is no output pin, Genus will mark library cell as unusable i.e. the attribute   |
|          |       |     | 'usable' will be marked to 'false' on the libcell. Therefore, the cell is not used for mapping and it will not be picked up from the library for synthesis. If you query the attribute 'unusable_reason' on the libcell; result will be: 'Library cell has no|
|          |       |     | output pins.'Note: The message LBR-9 is only for the logical pins and not for the power_ground pins. Genus will depend upon the output function defined in the pin group (output pin)                                                                        |
|          |       |     | of the cell, to use it for mapping. The pg_pin will not have any function defined.                                                                                                                                                                           |
|LBR-41    |Info   |    1|An output library pin lacks a function attribute.                                                                                                                                                                                                             |
|          |       |     |If the remainder of this library cell's semantic checks are successful, it will be considered as a timing-model (because one of its outputs does not have a valid function.                                                                                   |
|LBR-155   |Info   |  264|Mismatch in unateness between 'timing_sense' attribute and the function.                                                                                                                                                                                      |
|          |       |     |The 'timing_sense' attribute will be respected.                                                                                                                                                                                                               |
|LBR-161   |Info   |    1|Setting the maximum print count of this message to 10 if information_level is less than 9.                                                                                                                                                                    |
|LBR-162   |Info   |  124|Both 'pos_unate' and 'neg_unate' timing_sense arcs have been processed.                                                                                                                                                                                       |
|          |       |     |Setting the 'timing_sense' to non_unate.                                                                                                                                                                                                                      |
|LBR-412   |Info   |    1|Created nominal operating condition.                                                                                                                                                                                                                          |
|          |       |     |The nominal operating condition is represented, either by the nominal PVT values specified in the library source (via nom_process,nom_voltage and nom_temperature respectively), or by the default PVT values (1.0,1.0,1.0).                                  |
|LBR-518   |Info   |    1|Missing a function attribute in the output pin definition.                                                                                                                                                                                                    |
|PHYS-752  |Info   |    1|Partition Based Synthesis execution skipped.                                                                                                                                                                                                                  |
|SYNTH-1   |Info   |    1|Synthesizing.                                                                                                                                                                                                                                                 |
|TIM-1000  |Info   |    1|Multimode clock gating check is disabled.                                                                                                                                                                                                                     |
|VLOGPT-37 |Warning|    3|Ignoring unsynthesizable construct.                                                                                                                                                                                                                           |
|          |       |     |For example, the following constructs will be ignored:
    - initial block
    - final block
    - program block
    - property block
    - sequence block
    - covergroup
    - checker block
    - gate drive strength
    - system task enable
    - reg  |
|          |       |     | declaration with initial value
    - specify block.                                                                                                                                                                                                          |
|VLOGPT-692|Warning|   10|Usage of non-static tasks or functions might result in simulation-synthesis mismatch.                                                                                                                                                                         |
|          |       |     |Use the 'automatic' keyword for declaring functions and tasks.                                                                                                                                                                                                |
-----------------------------------------------------------------------------------------------------------------------------------------------------------------------------------------------------------------------------------------------------------------------------------------
Mapper: Libraries have:
	domain _default_: 324 combo usable cells and 128 sequential usable cells
Multi-threaded constant propagation [1|0] ...
Info    : Deleting instances not driving any primary outputs. [GLO-34]
        : Deleting 1 hierarchical instance.
Info    : Deleting instances not driving any primary outputs. [GLO-34]
        : Deleting 3 sequential instances.
Multi-threaded Virtual Mapping    (8 threads per ST process, 8 of 80 CPUs usable)
==================================
Stage : first_condense 
==================================
  =================
   Message Summary
  =================
-----------------------------------------------------------------------------------------------------------------------------------------------------------------------------------------------------------------------------------------------------------------------------------------
|  Id  |Sev |Count|                                                                                                                            Message Text                                                                                                                             |
-----------------------------------------------------------------------------------------------------------------------------------------------------------------------------------------------------------------------------------------------------------------------------------------
|GB-6  |Info|    7|A datapath component has been ungrouped.                                                                                                                                                                                                                             |
|GLO-34|Info|    2|Deleting instances not driving any primary outputs.                                                                                                                                                                                                                  |
|      |    |     |Optimizations such as constant propagation or redundancy removal could change the connections so a hierarchical instance does not drive any primary outputs anymore. To see the list of deleted hierarchical instances, set the 'information_level' attribute to 2 or|
|      |    |     | above. If the message is truncated set the message attribute 'truncate' to false to see the complete list. To prevent this optimization, set the 'delete_unloaded_insts' root/subdesign attribute to 'false' or 'preserve' instance attribute to 'true'.            |
|GLO-42|Info|    3|Equivalent sequential instances have been merged.                                                                                                                                                                                                                    |
|      |    |     |To prevent merging of sequential instances, set the 'optimize_merge_flops' and 'optimize_merge_latches' root attributes to 'false' or the 'optimize_merge_seq' instance attribute to 'false'.                                                                        |
-----------------------------------------------------------------------------------------------------------------------------------------------------------------------------------------------------------------------------------------------------------------------------------------
 
Global mapping target info
==========================
Cost Group 'clk' target slack:   268 ps
Target path end-point (Port: digtimer/o_hour[0])


State Retention Synthesis Status
================================

Category                        Flops   Percentage
--------------------------------------------------
Total instances                    75        100.0
Excluded from State Retention      75        100.0
    - Will not convert             75        100.0
      - Preserved                   0          0.0
      - Power intent excluded      75        100.0
    - Could not convert             0          0.0
      - Scan type                   0          0.0
      - No suitable cell            0          0.0
State Retention instances           0          0.0
--------------------------------------------------

PBS_Generic_Opt-Post - Elapsed_Time 6, CPU_Time 5.202658
stamp 'PBS_Generic_Opt-Post' being created for table 'pbs_debug'

  Total Time (Wall) |  Stage Time (Wall)  |   % (Wall)   |    Date - Time     |  Memory   | Stage
--------------------+---------------------+--------------+--------------------+-----------+----------------------
 00:00:16(00:00:08) |  00:00:00(00:00:00) |   0.0(  0.0) |    6:44:08 (Jul09) |  381.8 MB | PBS_Generic-Start
--------------------+---------------------+--------------+--------------------+-----------+----------------------
 00:00:21(00:00:14) |  00:00:05(00:00:06) | 100.0(100.0) |    6:44:14 (Jul09) |  772.8 MB | PBS_Generic_Opt-Post
--------------------+---------------------+--------------+--------------------+-----------+----------------------
Number of threads: 8 * 1   (id: pbs_debug, time_info v1.57)
Info: (*N*) indicates data that was populated from previously saved time_info database
Info: CPU time includes time of parent + longest thread
PBS_Generic-Postgen HBO Optimizations - Elapsed_Time 0, CPU_Time 0.0
stamp 'PBS_Generic-Postgen HBO Optimizations' being created for table 'pbs_debug'

  Total Time (Wall) |  Stage Time (Wall)  |   % (Wall)   |    Date - Time     |  Memory   | Stage
--------------------+---------------------+--------------+--------------------+-----------+----------------------
 00:00:16(00:00:08) |  00:00:00(00:00:00) |   0.0(  0.0) |    6:44:08 (Jul09) |  381.8 MB | PBS_Generic-Start
--------------------+---------------------+--------------+--------------------+-----------+----------------------
 00:00:21(00:00:14) |  00:00:05(00:00:06) | 100.0(100.0) |    6:44:14 (Jul09) |  772.8 MB | PBS_Generic_Opt-Post
--------------------+---------------------+--------------+--------------------+-----------+----------------------
 00:00:21(00:00:14) |  00:00:00(00:00:00) |   0.0(  0.0) |    6:44:14 (Jul09) |  772.8 MB | PBS_Generic-Postgen HBO Optimizations
--------------------+---------------------+--------------+--------------------+-----------+----------------------
Number of threads: 8 * 1   (id: pbs_debug, time_info v1.57)
Info: (*N*) indicates data that was populated from previously saved time_info database
Info: CPU time includes time of parent + longest thread
##>=================== Cadence Confidential (Generic-Logical) ===================
##>=================== Cadence Confidential (Generic-Logical) ===================
##>Main Thread Summary:
##>----------------------------------------------------------------------------------------
##>STEP                           Elapsed       WNS       TNS     Insts      Area    Memory
##>----------------------------------------------------------------------------------------
##>G:Initial                            0         -         -       908      4003       381
##>G:Setup                              0         -         -         -         -         -
##>G:Early Clock Gating                 0         -         -         -         -         -
##>G:Launch ST                          0         -         -         -         -         -
##>G:Design Partition                   0         -         -         -         -         -
##>G:Create Partition Netlists          0         -         -         -         -         -
##>G:Init Power                         0         -         -         -         -         -
##>G:Budgeting                          0         -         -         -         -         -
##>G:Derenv-DB                          0         -         -         -         -         -
##>G:Debug Outputs                      0         -         -         -         -         -
##>G:ST loading                         0         -         -         -         -         -
##>G:Distributed                        0         -         -         -         -         -
##>G:Timer                              0         -         -         -         -         -
##>G:Assembly                           0         -         -         -         -         -
##>G:DFT                                0         -         -         -         -         -
##>G:Const Prop                         0         -         -       620      2134       772
##>G:PostGen Opt                        0         -         -       620      2134       772
##>G:Early Clock Gating Cleanup         0         -         -         -         -         -
##>G:Misc                               6
##>----------------------------------------------------------------------------------------
##>Total Elapsed                        6
##>========================================================================================
Info    : Done synthesizing. [SYNTH-2]
        : Done synthesizing 'digtimer' to generic gates.
      flow.cputime  flow.realtime  timing.setup.tns  timing.setup.wns  snapshot
UM:*                                                                   syn_gen
@file(my_syn.tcl) 16: syn_map
#--------------------------------------------------------------------------
# Root attributes for category: opt
#--------------------------------------------------------------------------
# Feature                           | Attribute                | Value  
#--------------------------------------------------------------------------
# Net area optimization             | optimize_net_area        | true   
# Power optimization effort         | design_power_effort      | none   
# Do not use qbar sequential pins   | dont_use_qbar_seq_pins   | false  
#--------------------------------------------------------------------------

##Generic Timing Info for library domain: _default_ typical gate delay: 127.6 ps std_slew: 17.9 ps std_load: 1.0 fF
Mapping ChipWare ICG instances in digtimer
Found 0 unmapped ChipWare ICG instances
Mapped 0 of 0 ChipWare ICG instances
Info    : Mapping. [SYNTH-4]
        : Mapping 'digtimer' using 'medium' effort.
Mapper: Libraries have:
	domain _default_: 324 combo usable cells and 128 sequential usable cells
PBS_TechMap-Start - Elapsed_Time 0, CPU_Time 0.0
stamp 'PBS_TechMap-Start' being created for table 'pbs_debug'

  Total Time (Wall) |  Stage Time (Wall)  |   % (Wall)   |    Date - Time     |  Memory   | Stage
--------------------+---------------------+--------------+--------------------+-----------+----------------------
 00:00:16(00:00:08) |  00:00:00(00:00:00) |   0.0(  0.0) |    6:44:08 (Jul09) |  381.8 MB | PBS_Generic-Start
--------------------+---------------------+--------------+--------------------+-----------+----------------------
 00:00:21(00:00:14) |  00:00:05(00:00:06) |  83.9(100.0) |    6:44:14 (Jul09) |  772.8 MB | PBS_Generic_Opt-Post
--------------------+---------------------+--------------+--------------------+-----------+----------------------
 00:00:21(00:00:14) |  00:00:00(00:00:00) |   0.0(  0.0) |    6:44:14 (Jul09) |  772.8 MB | PBS_Generic-Postgen HBO Optimizations
--------------------+---------------------+--------------+--------------------+-----------+----------------------
 00:00:22(00:00:14) |  00:00:01(00:00:00) |  16.1(  0.0) |    6:44:14 (Jul09) |  772.8 MB | PBS_TechMap-Start
--------------------+---------------------+--------------+--------------------+-----------+----------------------
Number of threads: 8 * 1   (id: pbs_debug, time_info v1.57)
Info: (*N*) indicates data that was populated from previously saved time_info database
Info: CPU time includes time of parent + longest thread
PBS_TechMap-Premap HBO Optimizations - Elapsed_Time 0, CPU_Time 0.0
stamp 'PBS_TechMap-Premap HBO Optimizations' being created for table 'pbs_debug'

  Total Time (Wall) |  Stage Time (Wall)  |   % (Wall)   |    Date - Time     |  Memory   | Stage
--------------------+---------------------+--------------+--------------------+-----------+----------------------
 00:00:16(00:00:08) |  00:00:00(00:00:00) |   0.0(  0.0) |    6:44:08 (Jul09) |  381.8 MB | PBS_Generic-Start
--------------------+---------------------+--------------+--------------------+-----------+----------------------
 00:00:21(00:00:14) |  00:00:05(00:00:06) |  83.9(100.0) |    6:44:14 (Jul09) |  772.8 MB | PBS_Generic_Opt-Post
--------------------+---------------------+--------------+--------------------+-----------+----------------------
 00:00:21(00:00:14) |  00:00:00(00:00:00) |   0.0(  0.0) |    6:44:14 (Jul09) |  772.8 MB | PBS_Generic-Postgen HBO Optimizations
--------------------+---------------------+--------------+--------------------+-----------+----------------------
 00:00:22(00:00:14) |  00:00:01(00:00:00) |  16.1(  0.0) |    6:44:14 (Jul09) |  772.8 MB | PBS_TechMap-Start
--------------------+---------------------+--------------+--------------------+-----------+----------------------
 00:00:22(00:00:14) |  00:00:00(00:00:00) |   0.0(  0.0) |    6:44:14 (Jul09) |  772.8 MB | PBS_TechMap-Premap HBO Optimizations
--------------------+---------------------+--------------+--------------------+-----------+----------------------
Number of threads: 8 * 1   (id: pbs_debug, time_info v1.57)
Info: (*N*) indicates data that was populated from previously saved time_info database
Info: CPU time includes time of parent + longest thread
Info    : Partition Based Synthesis execution skipped. [PHYS-752]
        : Design size is less than the partition size '100000' for distributed mapping optimization to kick in.
Mapper: Libraries have:
	domain _default_: 324 combo usable cells and 128 sequential usable cells
Info    : Replacing a flip-flop with a logic constant 0. [GLO-12]
        : The instance is 'ctrl_hour/fnd_data_reg[0]'.
Info    : Deleting instances not driving any primary outputs. [GLO-34]
        : Deleting 1 sequential instance.
Multi-threaded Virtual Mapping    (8 threads per ST process, 8 of 80 CPUs usable)
==================================
Stage : first_condense 
==================================
  =================
   Message Summary
  =================
-----------------------------------------------------------------------------------------------------------------------------------------------------------------------------------------------------------------------------------------------------------------------------------------
|   Id   |Sev |Count|                                                                                                                           Message Text                                                                                                                            |
-----------------------------------------------------------------------------------------------------------------------------------------------------------------------------------------------------------------------------------------------------------------------------------------
|GLO-12  |Info|    1|Replacing a flip-flop with a logic constant 0.                                                                                                                                                                                                                     |
|        |    |     |To prevent this optimization, set the 'optimize_constant_0_flops' root attribute to 'false' or 'optimize_constant_0_seq' instance attribute to 'false'. You can also see the complete list of deleted sequential with command 'report sequential -deleted'         |
|        |    |     | (on Reason 'constant0').                                                                                                                                                                                                                                          |
|GLO-34  |Info|    1|Deleting instances not driving any primary outputs.                                                                                                                                                                                                                |
|        |    |     |Optimizations such as constant propagation or redundancy removal could change the connections so a hierarchical instance does not drive any primary outputs anymore. To see the list of deleted hierarchical instances, set the 'information_level' attribute to 2 |
|        |    |     | or above. If the message is truncated set the message attribute 'truncate' to false to see the complete list. To prevent this optimization, set the 'delete_unloaded_insts' root/subdesign attribute to 'false' or 'preserve' instance attribute to 'true'.       |
|PHYS-752|Info|    1|Partition Based Synthesis execution skipped.                                                                                                                                                                                                                       |
|SYNTH-2 |Info|    1|Done synthesizing.                                                                                                                                                                                                                                                 |
|SYNTH-4 |Info|    1|Mapping.                                                                                                                                                                                                                                                           |
-----------------------------------------------------------------------------------------------------------------------------------------------------------------------------------------------------------------------------------------------------------------------------------------
 
Global mapping target info
==========================
Cost Group 'clk' target slack:   297 ps
Target path end-point (Pin: ut_sec/sec_reg[5]/d)

Multi-threaded Technology Mapping (8 threads per ST process, 8 of 80 CPUs usable)
 
Global mapping status
=====================
                                   Group   
                                  Tot Wrst 
                           Total  Weighted 
Operation                   Area   Slacks  
 global_map                  950        0 

    Cost Group            Target    Slack    Diff.  Constr.
-----------------------------------------------------------
           clk               297     7697             10000 

 
Global incremental target info
==============================
Cost Group 'clk' target slack:   198 ps
Target path end-point (Pin: ut_sec/cnt_reg[16]/D (DFFRHQX1/D))

==================================
Stage : global_incr_map 
==================================
  =================
   Message Summary
  =================
----------------------------------------------------------------
| Id |Sev |Count|                 Message Text                 |
----------------------------------------------------------------
|PA-7|Info|   32|Resetting power analysis results.             |
|    |    |     |All computed switching activities are removed.|
----------------------------------------------------------------
 
Global incremental optimization status
======================================
                                   Group   
                                  Tot Wrst 
                           Total  Weighted 
Operation                   Area   Slacks  
 global_incr                 911        0 

    Cost Group            Target    Slack    Diff.  Constr.
-----------------------------------------------------------
           clk               198     7697             10000 


State Retention Synthesis Status
================================

Category                        Flops   Percentage
--------------------------------------------------
Total instances                    74        100.0
Excluded from State Retention      74        100.0
    - Will not convert             74        100.0
      - Preserved                   0          0.0
      - Power intent excluded      74        100.0
    - Could not convert             0          0.0
      - Scan type                   0          0.0
      - No suitable cell            0          0.0
State Retention instances           0          0.0
--------------------------------------------------

INFO: skipping constant propagation
PBS_Techmap-Global Mapping - Elapsed_Time 4, CPU_Time 3.915106999999999
stamp 'PBS_Techmap-Global Mapping' being created for table 'pbs_debug'

  Total Time (Wall) |  Stage Time (Wall)  |   % (Wall)   |    Date - Time     |  Memory   | Stage
--------------------+---------------------+--------------+--------------------+-----------+----------------------
 00:00:16(00:00:08) |  00:00:00(00:00:00) |   0.0(  0.0) |    6:44:08 (Jul09) |  381.8 MB | PBS_Generic-Start
--------------------+---------------------+--------------+--------------------+-----------+----------------------
 00:00:21(00:00:14) |  00:00:05(00:00:06) |  51.4( 60.0) |    6:44:14 (Jul09) |  772.8 MB | PBS_Generic_Opt-Post
--------------------+---------------------+--------------+--------------------+-----------+----------------------
 00:00:21(00:00:14) |  00:00:00(00:00:00) |   0.0(  0.0) |    6:44:14 (Jul09) |  772.8 MB | PBS_Generic-Postgen HBO Optimizations
--------------------+---------------------+--------------+--------------------+-----------+----------------------
 00:00:22(00:00:14) |  00:00:01(00:00:00) |   9.9(  0.0) |    6:44:14 (Jul09) |  772.8 MB | PBS_TechMap-Start
--------------------+---------------------+--------------+--------------------+-----------+----------------------
 00:00:22(00:00:14) |  00:00:00(00:00:00) |   0.0(  0.0) |    6:44:14 (Jul09) |  772.8 MB | PBS_TechMap-Premap HBO Optimizations
--------------------+---------------------+--------------+--------------------+-----------+----------------------
 00:00:26(00:00:18) |  00:00:03(00:00:04) |  38.7( 40.0) |    6:44:18 (Jul09) |  780.7 MB | PBS_Techmap-Global Mapping
--------------------+---------------------+--------------+--------------------+-----------+----------------------
Number of threads: 8 * 1   (id: pbs_debug, time_info v1.57)
Info: (*N*) indicates data that was populated from previously saved time_info database
Info: CPU time includes time of parent + longest thread
Info    : Wrote formal verification information. [CFM-5]
        : Wrote 'fv/digtimer/fv_map.fv.json' for netlist 'fv/digtimer/fv_map.v.gz'.
Info    : Wrote dofile. [CFM-1]
        : Dofile is 'fv/digtimer/rtl_to_fv_map.do'.
        : Alias mapping flow is enabled.
PBS_TechMap-Datapath Postmap Operations - Elapsed_Time 2, CPU_Time 1.992199000000003
stamp 'PBS_TechMap-Datapath Postmap Operations' being created for table 'pbs_debug'

  Total Time (Wall) |  Stage Time (Wall)  |   % (Wall)   |    Date - Time     |  Memory   | Stage
--------------------+---------------------+--------------+--------------------+-----------+----------------------
 00:00:16(00:00:08) |  00:00:00(00:00:00) |   0.0(  0.0) |    6:44:08 (Jul09) |  381.8 MB | PBS_Generic-Start
--------------------+---------------------+--------------+--------------------+-----------+----------------------
 00:00:21(00:00:14) |  00:00:05(00:00:06) |  43.0( 50.0) |    6:44:14 (Jul09) |  772.8 MB | PBS_Generic_Opt-Post
--------------------+---------------------+--------------+--------------------+-----------+----------------------
 00:00:21(00:00:14) |  00:00:00(00:00:00) |   0.0(  0.0) |    6:44:14 (Jul09) |  772.8 MB | PBS_Generic-Postgen HBO Optimizations
--------------------+---------------------+--------------+--------------------+-----------+----------------------
 00:00:22(00:00:14) |  00:00:01(00:00:00) |   8.3(  0.0) |    6:44:14 (Jul09) |  772.8 MB | PBS_TechMap-Start
--------------------+---------------------+--------------+--------------------+-----------+----------------------
 00:00:22(00:00:14) |  00:00:00(00:00:00) |   0.0(  0.0) |    6:44:14 (Jul09) |  772.8 MB | PBS_TechMap-Premap HBO Optimizations
--------------------+---------------------+--------------+--------------------+-----------+----------------------
 00:00:26(00:00:18) |  00:00:03(00:00:04) |  32.3( 33.3) |    6:44:18 (Jul09) |  780.7 MB | PBS_Techmap-Global Mapping
--------------------+---------------------+--------------+--------------------+-----------+----------------------
 00:00:28(00:00:20) |  00:00:01(00:00:02) |  16.5( 16.7) |    6:44:20 (Jul09) |  780.7 MB | PBS_TechMap-Datapath Postmap Operations
--------------------+---------------------+--------------+--------------------+-----------+----------------------
Number of threads: 8 * 1   (id: pbs_debug, time_info v1.57)
Info: (*N*) indicates data that was populated from previously saved time_info database
Info: CPU time includes time of parent + longest thread
PBS_TechMap-Postmap HBO Optimizations - Elapsed_Time 0, CPU_Time -0.0058290000000020825
stamp 'PBS_TechMap-Postmap HBO Optimizations' being created for table 'pbs_debug'

  Total Time (Wall) |  Stage Time (Wall)  |   % (Wall)   |    Date - Time     |  Memory   | Stage
--------------------+---------------------+--------------+--------------------+-----------+----------------------
 00:00:16(00:00:08) |  00:00:00(00:00:00) |   0.0(  0.0) |    6:44:08 (Jul09) |  381.8 MB | PBS_Generic-Start
--------------------+---------------------+--------------+--------------------+-----------+----------------------
 00:00:21(00:00:14) |  00:00:05(00:00:06) |  43.0( 50.0) |    6:44:14 (Jul09) |  772.8 MB | PBS_Generic_Opt-Post
--------------------+---------------------+--------------+--------------------+-----------+----------------------
 00:00:21(00:00:14) |  00:00:00(00:00:00) |   0.0(  0.0) |    6:44:14 (Jul09) |  772.8 MB | PBS_Generic-Postgen HBO Optimizations
--------------------+---------------------+--------------+--------------------+-----------+----------------------
 00:00:22(00:00:14) |  00:00:01(00:00:00) |   8.3(  0.0) |    6:44:14 (Jul09) |  772.8 MB | PBS_TechMap-Start
--------------------+---------------------+--------------+--------------------+-----------+----------------------
 00:00:22(00:00:14) |  00:00:00(00:00:00) |   0.0(  0.0) |    6:44:14 (Jul09) |  772.8 MB | PBS_TechMap-Premap HBO Optimizations
--------------------+---------------------+--------------+--------------------+-----------+----------------------
 00:00:26(00:00:18) |  00:00:03(00:00:04) |  32.3( 33.3) |    6:44:18 (Jul09) |  780.7 MB | PBS_Techmap-Global Mapping
--------------------+---------------------+--------------+--------------------+-----------+----------------------
 00:00:28(00:00:20) |  00:00:01(00:00:02) |  16.5( 16.7) |    6:44:20 (Jul09) |  780.7 MB | PBS_TechMap-Datapath Postmap Operations
--------------------+---------------------+--------------+--------------------+-----------+----------------------
 00:00:28(00:00:20) |  00:00:00(00:00:00) |  -0.0(  0.0) |    6:44:20 (Jul09) |  780.7 MB | PBS_TechMap-Postmap HBO Optimizations
--------------------+---------------------+--------------+--------------------+-----------+----------------------
Number of threads: 8 * 1   (id: pbs_debug, time_info v1.57)
Info: (*N*) indicates data that was populated from previously saved time_info database
Info: CPU time includes time of parent + longest thread
 Doing ConstProp on design:digtimer ... 

Time taken by ConstProp Step: 00:00:00
PBS_TechMap-Postmap Clock Gating - Elapsed_Time 0, CPU_Time 0.0
stamp 'PBS_TechMap-Postmap Clock Gating' being created for table 'pbs_debug'

  Total Time (Wall) |  Stage Time (Wall)  |   % (Wall)   |    Date - Time     |  Memory   | Stage
--------------------+---------------------+--------------+--------------------+-----------+----------------------
 00:00:16(00:00:08) |  00:00:00(00:00:00) |   0.0(  0.0) |    6:44:08 (Jul09) |  381.8 MB | PBS_Generic-Start
--------------------+---------------------+--------------+--------------------+-----------+----------------------
 00:00:21(00:00:14) |  00:00:05(00:00:06) |  43.0( 50.0) |    6:44:14 (Jul09) |  772.8 MB | PBS_Generic_Opt-Post
--------------------+---------------------+--------------+--------------------+-----------+----------------------
 00:00:21(00:00:14) |  00:00:00(00:00:00) |   0.0(  0.0) |    6:44:14 (Jul09) |  772.8 MB | PBS_Generic-Postgen HBO Optimizations
--------------------+---------------------+--------------+--------------------+-----------+----------------------
 00:00:22(00:00:14) |  00:00:01(00:00:00) |   8.3(  0.0) |    6:44:14 (Jul09) |  772.8 MB | PBS_TechMap-Start
--------------------+---------------------+--------------+--------------------+-----------+----------------------
 00:00:22(00:00:14) |  00:00:00(00:00:00) |   0.0(  0.0) |    6:44:14 (Jul09) |  772.8 MB | PBS_TechMap-Premap HBO Optimizations
--------------------+---------------------+--------------+--------------------+-----------+----------------------
 00:00:26(00:00:18) |  00:00:03(00:00:04) |  32.3( 33.3) |    6:44:18 (Jul09) |  780.7 MB | PBS_Techmap-Global Mapping
--------------------+---------------------+--------------+--------------------+-----------+----------------------
 00:00:28(00:00:20) |  00:00:01(00:00:02) |  16.5( 16.7) |    6:44:20 (Jul09) |  780.7 MB | PBS_TechMap-Datapath Postmap Operations
--------------------+---------------------+--------------+--------------------+-----------+----------------------
 00:00:28(00:00:20) |  00:00:00(00:00:00) |  -0.0(  0.0) |    6:44:20 (Jul09) |  780.7 MB | PBS_TechMap-Postmap HBO Optimizations
--------------------+---------------------+--------------+--------------------+-----------+----------------------
 00:00:28(00:00:20) |  00:00:00(00:00:00) |   0.0(  0.0) |    6:44:20 (Jul09) |  780.7 MB | PBS_TechMap-Postmap Clock Gating
--------------------+---------------------+--------------+--------------------+-----------+----------------------
Number of threads: 8 * 1   (id: pbs_debug, time_info v1.57)
Info: (*N*) indicates data that was populated from previously saved time_info database
Info: CPU time includes time of parent + longest thread
-------------------------------------------------------------------------------
 hi_fo_buf                   911        0         0         0        0

           Trick     Calls     Accepts   Attempts    Time(secs) 
-----------------------------------------------------------
       hi_fo_buf         0  (        0 /        0 )  0.00

 
Incremental optimization status
===============================
                                   Group   
                                  Tot Wrst     Total - - DRC Totals - -
                           Total  Weighted      Neg      Max       Max 
Operation                   Area   Slacks      Slack    Trans      Cap 
 init_delay                  911        0         0         0        0

           Trick     Calls     Accepts   Attempts    Time(secs) 
-----------------------------------------------------------
       crit_upsz         0  (        0 /        0 )  0.00
    plc_bal_star         0  (        0 /        0 )  0.00
     drc_buftimb         0  (        0 /        0 )  0.00
          plc_st         0  (        0 /        0 )  0.00
    plc_st_fence         0  (        0 /        0 )  0.00
        plc_star         0  (        0 /        0 )  0.00
      plc_laf_st         0  (        0 /        0 )  0.00
 plc_laf_st_fence         0  (        0 /        0 )  0.00
     drc_buftims         0  (        0 /        0 )  0.00
            fopt         0  (        0 /        0 )  0.00
   plc_laf_lo_st         0  (        0 /        0 )  0.00
       plc_lo_st         0  (        0 /        0 )  0.00
        mb_split         0  (        0 /        0 )  0.00

 
Local TNS optimization status
=============================
                                   Group   
                                  Tot Wrst     Total - - DRC Totals - -
                           Total  Weighted      Neg      Max       Max 
Operation                   Area   Slacks      Slack    Trans      Cap 
 init_tns                    911        0         0         0        0

           Trick     Calls     Accepts   Attempts    Time(secs) 
-----------------------------------------------------------
    plc_bal_star         0  (        0 /        0 )  0.00
     drc_buftimb         0  (        0 /        0 )  0.00
     drc_buftims         0  (        0 /        0 )  0.00
       crit_upsz         0  (        0 /        0 )  0.00
   plc_laf_lo_st         0  (        0 /        0 )  0.00
       plc_lo_st         0  (        0 /        0 )  0.00
            fopt         0  (        0 /        0 )  0.00
       crit_dnsz         0  (        0 /        0 )  0.00
             dup         0  (        0 /        0 )  0.00
        setup_dn         0  (        0 /        0 )  0.00
        mb_split         0  (        0 /        0 )  0.00

PBS_TechMap-Postmap Cleanup - Elapsed_Time 0, CPU_Time -0.008078999999998615
stamp 'PBS_TechMap-Postmap Cleanup' being created for table 'pbs_debug'

  Total Time (Wall) |  Stage Time (Wall)  |   % (Wall)   |    Date - Time     |  Memory   | Stage
--------------------+---------------------+--------------+--------------------+-----------+----------------------
 00:00:16(00:00:08) |  00:00:00(00:00:00) |   0.0(  0.0) |    6:44:08 (Jul09) |  381.8 MB | PBS_Generic-Start
--------------------+---------------------+--------------+--------------------+-----------+----------------------
 00:00:21(00:00:14) |  00:00:05(00:00:06) |  43.0( 50.0) |    6:44:14 (Jul09) |  772.8 MB | PBS_Generic_Opt-Post
--------------------+---------------------+--------------+--------------------+-----------+----------------------
 00:00:21(00:00:14) |  00:00:00(00:00:00) |   0.0(  0.0) |    6:44:14 (Jul09) |  772.8 MB | PBS_Generic-Postgen HBO Optimizations
--------------------+---------------------+--------------+--------------------+-----------+----------------------
 00:00:22(00:00:14) |  00:00:01(00:00:00) |   8.3(  0.0) |    6:44:14 (Jul09) |  772.8 MB | PBS_TechMap-Start
--------------------+---------------------+--------------+--------------------+-----------+----------------------
 00:00:22(00:00:14) |  00:00:00(00:00:00) |   0.0(  0.0) |    6:44:14 (Jul09) |  772.8 MB | PBS_TechMap-Premap HBO Optimizations
--------------------+---------------------+--------------+--------------------+-----------+----------------------
 00:00:26(00:00:18) |  00:00:03(00:00:04) |  32.4( 33.3) |    6:44:18 (Jul09) |  780.7 MB | PBS_Techmap-Global Mapping
--------------------+---------------------+--------------+--------------------+-----------+----------------------
 00:00:28(00:00:20) |  00:00:01(00:00:02) |  16.5( 16.7) |    6:44:20 (Jul09) |  780.7 MB | PBS_TechMap-Datapath Postmap Operations
--------------------+---------------------+--------------+--------------------+-----------+----------------------
 00:00:28(00:00:20) |  00:00:00(00:00:00) |  -0.0(  0.0) |    6:44:20 (Jul09) |  780.7 MB | PBS_TechMap-Postmap HBO Optimizations
--------------------+---------------------+--------------+--------------------+-----------+----------------------
 00:00:28(00:00:20) |  00:00:00(00:00:00) |   0.0(  0.0) |    6:44:20 (Jul09) |  780.7 MB | PBS_TechMap-Postmap Clock Gating
--------------------+---------------------+--------------+--------------------+-----------+----------------------
 00:00:28(00:00:20) |  00:00:00(00:00:00) |  -0.1(  0.0) |    6:44:20 (Jul09) |  780.7 MB | PBS_TechMap-Postmap Cleanup
--------------------+---------------------+--------------+--------------------+-----------+----------------------
Number of threads: 8 * 1   (id: pbs_debug, time_info v1.57)
Info: (*N*) indicates data that was populated from previously saved time_info database
Info: CPU time includes time of parent + longest thread
PBS_Techmap-Post_MBCI - Elapsed_Time 0, CPU_Time 0.0
stamp 'PBS_Techmap-Post_MBCI' being created for table 'pbs_debug'

  Total Time (Wall) |  Stage Time (Wall)  |   % (Wall)   |    Date - Time     |  Memory   | Stage
--------------------+---------------------+--------------+--------------------+-----------+----------------------
 00:00:16(00:00:08) |  00:00:00(00:00:00) |   0.0(  0.0) |    6:44:08 (Jul09) |  381.8 MB | PBS_Generic-Start
--------------------+---------------------+--------------+--------------------+-----------+----------------------
 00:00:21(00:00:14) |  00:00:05(00:00:06) |  43.0( 50.0) |    6:44:14 (Jul09) |  772.8 MB | PBS_Generic_Opt-Post
--------------------+---------------------+--------------+--------------------+-----------+----------------------
 00:00:21(00:00:14) |  00:00:00(00:00:00) |   0.0(  0.0) |    6:44:14 (Jul09) |  772.8 MB | PBS_Generic-Postgen HBO Optimizations
--------------------+---------------------+--------------+--------------------+-----------+----------------------
 00:00:22(00:00:14) |  00:00:01(00:00:00) |   8.3(  0.0) |    6:44:14 (Jul09) |  772.8 MB | PBS_TechMap-Start
--------------------+---------------------+--------------+--------------------+-----------+----------------------
 00:00:22(00:00:14) |  00:00:00(00:00:00) |   0.0(  0.0) |    6:44:14 (Jul09) |  772.8 MB | PBS_TechMap-Premap HBO Optimizations
--------------------+---------------------+--------------+--------------------+-----------+----------------------
 00:00:26(00:00:18) |  00:00:03(00:00:04) |  32.4( 33.3) |    6:44:18 (Jul09) |  780.7 MB | PBS_Techmap-Global Mapping
--------------------+---------------------+--------------+--------------------+-----------+----------------------
 00:00:28(00:00:20) |  00:00:01(00:00:02) |  16.5( 16.7) |    6:44:20 (Jul09) |  780.7 MB | PBS_TechMap-Datapath Postmap Operations
--------------------+---------------------+--------------+--------------------+-----------+----------------------
 00:00:28(00:00:20) |  00:00:00(00:00:00) |  -0.0(  0.0) |    6:44:20 (Jul09) |  780.7 MB | PBS_TechMap-Postmap HBO Optimizations
--------------------+---------------------+--------------+--------------------+-----------+----------------------
 00:00:28(00:00:20) |  00:00:00(00:00:00) |   0.0(  0.0) |    6:44:20 (Jul09) |  780.7 MB | PBS_TechMap-Postmap Clock Gating
--------------------+---------------------+--------------+--------------------+-----------+----------------------
 00:00:28(00:00:20) |  00:00:00(00:00:00) |  -0.1(  0.0) |    6:44:20 (Jul09) |  780.7 MB | PBS_TechMap-Postmap Cleanup
--------------------+---------------------+--------------+--------------------+-----------+----------------------
 00:00:28(00:00:20) |  00:00:00(00:00:00) |   0.0(  0.0) |    6:44:20 (Jul09) |  780.7 MB | PBS_Techmap-Post_MBCI
--------------------+---------------------+--------------+--------------------+-----------+----------------------
Number of threads: 8 * 1   (id: pbs_debug, time_info v1.57)
Info: (*N*) indicates data that was populated from previously saved time_info database
Info: CPU time includes time of parent + longest thread
##>=================== Cadence Confidential (Mapping-Logical) ===================
##>Main Thread Summary:
##>----------------------------------------------------------------------------------------
##>STEP                           Elapsed       WNS       TNS     Insts      Area    Memory
##>----------------------------------------------------------------------------------------
##>M:Initial                            0         -         -       620      2134       772
##>M:Pre Cleanup                        0         -         -       620      2134       772
##>M:Setup                              0         -         -         -         -         -
##>M:Early Clock Gating                 0         -         -         -         -         -
##>M:Launch ST                          0         -         -         -         -         -
##>M:Design Partition                   0         -         -         -         -         -
##>M:Create Partition Netlists          0         -         -         -         -         -
##>M:Init Power                         0         -         -         -         -         -
##>M:Budgeting                          0         -         -         -         -         -
##>M:Derenv-DB                          0         -         -         -         -         -
##>M:Debug Outputs                      0         -         -         -         -         -
##>M:ST loading                         0         -         -         -         -         -
##>M:Distributed                        0         -         -         -         -         -
##>M:Timer                              0         -         -         -         -         -
##>M:Assembly                           0         -         -         -         -         -
##>M:DFT                                0         -         -         -         -         -
##>M:DP Operations                      2         -         -       352       911       780
##>M:Const Prop                         0      7696         0       352       911       780
##>M:Cleanup                            0      7696         0       352       911       780
##>M:MBCI                               0         -         -       352       911       780
##>M:PostGen Opt                        0         -         -         -         -         -
##>M:Early Clock Gating Cleanup         0         -         -         -         -         -
##>M:Const Gate Removal                 0         -         -         -         -         -
##>M:Misc                               4
##>----------------------------------------------------------------------------------------
##>Total Elapsed                        6
##>========================================================================================
Info    : Done mapping. [SYNTH-5]
        : Done mapping 'digtimer'.
      flow.cputime  flow.realtime  timing.setup.tns  timing.setup.wns  snapshot
UM:*                                                                   syn_map
@file(my_syn.tcl) 17: syn_opt
Info    : Incrementally optimizing. [SYNTH-7]
        : Incrementally optimizing 'digtimer' using 'medium' effort.
 
Incremental optimization status
===============================
                                   Group   
                                  Tot Wrst     Total - - DRC Totals - -
                           Total  Weighted      Neg      Max       Max 
Operation                   Area   Slacks      Slack    Trans      Cap 
 init_iopt                   911        0         0         0        0
-------------------------------------------------------------------------------
 const_prop                  911        0         0         0        0
 
Incremental optimization status
===============================
                                   Group   
                                  Tot Wrst     Total - - DRC Totals - -
                           Total  Weighted      Neg      Max       Max 
Operation                   Area   Slacks      Slack    Trans      Cap 
 init_delay                  911        0         0         0        0

           Trick     Calls     Accepts   Attempts    Time(secs) 
-----------------------------------------------------------
       crit_upsz         0  (        0 /        0 )  0.00
    plc_bal_star         0  (        0 /        0 )  0.00
     drc_buftimb         0  (        0 /        0 )  0.00
          plc_st         0  (        0 /        0 )  0.00
    plc_st_fence         0  (        0 /        0 )  0.00
        plc_star         0  (        0 /        0 )  0.00
      plc_laf_st         0  (        0 /        0 )  0.00
 plc_laf_st_fence         0  (        0 /        0 )  0.00
     drc_buftims         0  (        0 /        0 )  0.00
   plc_laf_lo_st         0  (        0 /        0 )  0.00
       plc_lo_st         0  (        0 /        0 )  0.00
            fopt         0  (        0 /        0 )  0.00
       crit_dnsz         0  (        0 /        0 )  0.00
             dup         0  (        0 /        0 )  0.00
            fopt         0  (        0 /        0 )  0.00
        setup_dn         0  (        0 /        0 )  0.00
         buf2inv         0  (        0 /        0 )  0.00
        mb_split         0  (        0 /        0 )  0.00
             exp         0  (        0 /        0 )  0.00
       gate_deco         0  (        0 /        0 )  0.00
       gcomp_tim         0  (        0 /        0 )  0.00
  inv_pair_2_buf         0  (        0 /        0 )  0.00

 init_drc                    911        0         0         0        0

           Trick     Calls     Accepts   Attempts    Time(secs) 
-----------------------------------------------------------
          plc_st         0  (        0 /        0 )  0.00
        plc_star         0  (        0 /        0 )  0.00
        drc_bufs         0  (        0 /        0 )  0.00
        drc_fopt         0  (        0 /        0 )  0.00
        drc_bufb         0  (        0 /        0 )  0.00
      simple_buf         0  (        0 /        0 )  0.00
             dup         0  (        0 /        0 )  0.00
       crit_dnsz         0  (        0 /        0 )  0.00
       crit_upsz         0  (        0 /        0 )  0.00


           Trick     Calls     Accepts   Attempts    Time(secs) 
-----------------------------------------------------------
          plc_st         0  (        0 /        0 )  0.00
        plc_star         0  (        0 /        0 )  0.00
      drc_buf_sp         0  (        0 /        0 )  0.00
        drc_bufs         0  (        0 /        0 )  0.00
        drc_fopt         0  (        0 /        0 )  0.00
        drc_bufb         0  (        0 /        0 )  0.00
      simple_buf         0  (        0 /        0 )  0.00
             dup         0  (        0 /        0 )  0.00
       crit_dnsz         0  (        0 /        0 )  0.00
       crit_upsz         0  (        0 /        0 )  0.00


           Trick     Calls     Accepts   Attempts    Time(secs) 
-----------------------------------------------------------
          plc_st         0  (        0 /        0 )  0.00
        plc_star         0  (        0 /        0 )  0.00
      drc_buf_sp         0  (        0 /        0 )  0.00
        drc_bufs         0  (        0 /        0 )  0.00
        drc_fopt         0  (        0 /        0 )  0.00
        drc_bufb         0  (        0 /        0 )  0.00
             dup         0  (        0 /        0 )  0.00
       crit_dnsz         0  (        0 /        0 )  0.00
       crit_upsz         0  (        0 /        0 )  0.00

 init_tns                    911        0         0         0        0

           Trick     Calls     Accepts   Attempts    Time(secs) 
-----------------------------------------------------------
    plc_bal_star         0  (        0 /        0 )  0.00
     drc_buftimb         0  (        0 /        0 )  0.00
     drc_buftims         0  (        0 /        0 )  0.00
       crit_upsz         0  (        0 /        0 )  0.00
   plc_laf_lo_st         0  (        0 /        0 )  0.00
       plc_lo_st         0  (        0 /        0 )  0.00
            fopt         0  (        0 /        0 )  0.00
       crit_dnsz         0  (        0 /        0 )  0.00
             dup         0  (        0 /        0 )  0.00
        setup_dn         0  (        0 /        0 )  0.00
         buf2inv         0  (        0 /        0 )  0.00
        mb_split         0  (        0 /        0 )  0.00

 init_area                   911        0         0         0        0
 merge_bi                    910        0         0         0        0
 rem_inv_qb                  910        0         0         0        0
 gate_comp                   910        0         0         0        0
 area_down                   907        0         0         0        0

           Trick     Calls     Accepts   Attempts    Time(secs) 
-----------------------------------------------------------
           undup         0  (        0 /        0 )  0.00
         rem_buf         0  (        0 /        0 )  0.00
         rem_inv         0  (        0 /        0 )  0.00
        merge_bi         1  (        1 /        1 )  0.00
      rem_inv_qb         3  (        2 /        2 )  0.01
        io_phase         3  (        0 /        0 )  0.00
       gate_comp         2  (        1 /        1 )  0.01
       gcomp_mog         3  (        0 /        0 )  0.01
       glob_area        18  (        0 /       18 )  0.00
       area_down         3  (        1 /        1 )  0.01
      size_n_buf         0  (        0 /        0 )  0.00
  gate_deco_area         0  (        0 /        0 )  0.00
         rem_buf         0  (        0 /        0 )  0.00
         rem_inv         0  (        0 /        0 )  0.00
        merge_bi         0  (        0 /        0 )  0.00
      rem_inv_qb         0  (        0 /        0 )  0.00

 
Incremental optimization status
===============================
                                   Group   
                                  Tot Wrst     Total - - DRC Totals - -
                           Total  Weighted      Neg      Max       Max 
Operation                   Area   Slacks      Slack    Trans      Cap 
 init_delay                  907        0         0         0        0

           Trick     Calls     Accepts   Attempts    Time(secs) 
-----------------------------------------------------------
       crit_upsz         0  (        0 /        0 )  0.00
    plc_bal_star         0  (        0 /        0 )  0.00
     drc_buftimb         0  (        0 /        0 )  0.00
          plc_st         0  (        0 /        0 )  0.00
    plc_st_fence         0  (        0 /        0 )  0.00
        plc_star         0  (        0 /        0 )  0.00
      plc_laf_st         0  (        0 /        0 )  0.00
 plc_laf_st_fence         0  (        0 /        0 )  0.00
     drc_buftims         0  (        0 /        0 )  0.00
   plc_laf_lo_st         0  (        0 /        0 )  0.00
       plc_lo_st         0  (        0 /        0 )  0.00
            fopt         0  (        0 /        0 )  0.00
       crit_dnsz         0  (        0 /        0 )  0.00
             dup         0  (        0 /        0 )  0.00
            fopt         0  (        0 /        0 )  0.00
        setup_dn         0  (        0 /        0 )  0.00
         buf2inv         0  (        0 /        0 )  0.00
        mb_split         0  (        0 /        0 )  0.00
             exp         0  (        0 /        0 )  0.00
       gate_deco         0  (        0 /        0 )  0.00
       gcomp_tim         0  (        0 /        0 )  0.00
  inv_pair_2_buf         0  (        0 /        0 )  0.00

 init_drc                    907        0         0         0        0

           Trick     Calls     Accepts   Attempts    Time(secs) 
-----------------------------------------------------------
          plc_st         0  (        0 /        0 )  0.00
        plc_star         0  (        0 /        0 )  0.00
        drc_bufs         0  (        0 /        0 )  0.00
        drc_fopt         0  (        0 /        0 )  0.00
        drc_bufb         0  (        0 /        0 )  0.00
      simple_buf         0  (        0 /        0 )  0.00
             dup         0  (        0 /        0 )  0.00
       crit_dnsz         0  (        0 /        0 )  0.00
       crit_upsz         0  (        0 /        0 )  0.00


           Trick     Calls     Accepts   Attempts    Time(secs) 
-----------------------------------------------------------
          plc_st         0  (        0 /        0 )  0.00
        plc_star         0  (        0 /        0 )  0.00
        drc_bufs         0  (        0 /        0 )  0.00
        drc_fopt         0  (        0 /        0 )  0.00
        drc_bufb         0  (        0 /        0 )  0.00
      simple_buf         0  (        0 /        0 )  0.00
             dup         0  (        0 /        0 )  0.00
       crit_dnsz         0  (        0 /        0 )  0.00
       crit_upsz         0  (        0 /        0 )  0.00


           Trick     Calls     Accepts   Attempts    Time(secs) 
-----------------------------------------------------------
          plc_st         0  (        0 /        0 )  0.00
        plc_star         0  (        0 /        0 )  0.00
        drc_bufs         0  (        0 /        0 )  0.00
        drc_fopt         0  (        0 /        0 )  0.00
        drc_bufb         0  (        0 /        0 )  0.00
             dup         0  (        0 /        0 )  0.00
       crit_dnsz         0  (        0 /        0 )  0.00
       crit_upsz         0  (        0 /        0 )  0.00

 init_area                   907        0         0         0        0

           Trick     Calls     Accepts   Attempts    Time(secs) 
-----------------------------------------------------------
           undup         0  (        0 /        0 )  0.00
         rem_buf         0  (        0 /        0 )  0.00
         rem_inv         0  (        0 /        0 )  0.00
        merge_bi         0  (        0 /        0 )  0.00
      rem_inv_qb         0  (        0 /        0 )  0.00
        io_phase         3  (        0 /        0 )  0.00
       gate_comp         1  (        0 /        0 )  0.01
       gcomp_mog         3  (        0 /        0 )  0.01
       glob_area        18  (        0 /       18 )  0.00
       area_down         1  (        0 /        0 )  0.01
      size_n_buf         0  (        0 /        0 )  0.00
  gate_deco_area         0  (        0 /        0 )  0.00

==================================
Stage : incr_opt 
==================================
  =================
   Message Summary
  =================
-------------------------------------------------------------------
|  Id   |Sev |Count|                 Message Text                 |
-------------------------------------------------------------------
|CFM-1  |Info|    1|Wrote dofile.                                 |
|CFM-5  |Info|    1|Wrote formal verification information.        |
|PA-7   |Info|    4|Resetting power analysis results.             |
|       |    |     |All computed switching activities are removed.|
|SYNTH-5|Info|    1|Done mapping.                                 |
|SYNTH-7|Info|    1|Incrementally optimizing.                     |
-------------------------------------------------------------------
Info    : Done incrementally optimizing. [SYNTH-8]
        : Done incrementally optimizing 'digtimer'.
      flow.cputime  flow.realtime  timing.setup.tns  timing.setup.wns  snapshot
UM:*                                                                   syn_opt
@file(my_syn.tcl) 20: report_power > ./reports/power.rpt
Info    : Joules engine is used. [RPT-16]
        : Joules engine is being used for the command report_power.
Info   : ACTP-0001 [ACTPInfo] Activity propagation started for stim#0 netlist
       : digtimer
Info   : ACTP-0009 [ACTPInfo] Activity Propagation Progress Report :   0%   1%   2%   3%   4%   5%   6%   7%   8%   9%  10%  11%  12%  13%  14%  15%  16%  17%  18%  19%  20%  21%  22%  23%  24%  25%  26%  27%  28%  29%  30%  31%  32%  33%  34%  35%  36%  37%  38%  39%  40%  41%  42%  43%  44%  45%  46%  47%  48%  49%  50%  51%  52%  53%  54%  55%  56%  57%  58%  59%  60%  61%  62%  63%  64%  65%  66%  67%  68%  69%  70%  71%  72%  73%  74%  75%  76%  77%  78%  79%  80%  81%  82%  83%  84%  85%  86%  87%  88%  89%  90%  91%  92%  93%  94%  95%  96%  97%  98%  99% 100%
Info   : ACTP-0001 Activity propagation ended for stim#0
Info   : PWRA-0001 [PwrInfo] compute_power effective options 
       : -mode : vectorless
       : -skip_propagation : 1
       : -frequency_scaling_factor : 1.0
       : -use_clock_freq : stim
       : -stim :/stim#0
       : -fromGenus : 1
Info   : ACTP-0001 Timing initialization started
Info   : ACTP-0001 Timing initialization ended
Info   : PWRA-0002 [PwrInfo] Skipping activity propagation due to -skip_ap
       : option....
Warning: PWRA-0302 [PwrWarn] Frequency scaling is not applicable for vectorless
       : flow. Ignoring frequency scaling.
Warning: PWRA-0304 [PwrWarn] -stim option is not applicable with vectorless mode
       : of power analysis, ignored this option.
Info   : PWRA-0002 Started 'vectorless' power computation.
Info   : PWRA-0009 [PwrInfo] Power Computation Progress Report :   0%   1%   2%   3%   4%   5%   6%   7%   8%   9%  10%  11%  12%  13%  14%  15%  16%  17%  18%  19%  20%  21%  22%  23%  24%  25%  26%  27%  28%  29%  30%  31%  32%  33%  34%  35%  36%  37%  38%  39%  40%  41%  42%  43%  44%  45%  46%  47%  48%  49%  50%  51%  52%  53%  54%  55%  56%  57%  58%  59%  60%  61%  62%  63%  64%  65%  66%  67%  68%  69%  70%  71%  72%  73%  74%  75%  76%  77%  78%  79%  80%  81%  82%  83%  84%  85%  86%  87%  88%  89%  90%  91%  92%  93%  94%  95%  96%  97%  98%  99% 100%
Info   : PWRA-0002 Finished power computation.
Info   : PWRA-0007 [PwrInfo] Completed successfully.
       : Info=6, Warn=2, Error=0, Fatal=0
Error: Directory './reports' not writable!
Instance: /digtimer
Power Unit: W
PDB Frames: /stim#0/frame#0
  -------------------------------------------------------------------------
    Category         Leakage     Internal    Switching        Total    Row%
  -------------------------------------------------------------------------
      memory     0.00000e+00  0.00000e+00  0.00000e+00  0.00000e+00   0.00%
    register     1.04993e-08  2.38367e-05  5.82202e-07  2.44294e-05  78.05%
       latch     0.00000e+00  0.00000e+00  0.00000e+00  0.00000e+00   0.00%
       logic     8.88484e-09  4.04842e-06  1.61276e-06  5.67006e-06  18.12%
        bbox     0.00000e+00  0.00000e+00  0.00000e+00  0.00000e+00   0.00%
       clock     0.00000e+00  0.00000e+00  1.19880e-06  1.19880e-06   3.83%
         pad     0.00000e+00  0.00000e+00  0.00000e+00  0.00000e+00   0.00%
          pm     0.00000e+00  0.00000e+00  0.00000e+00  0.00000e+00   0.00%
  -------------------------------------------------------------------------
    Subtotal     1.93841e-08  2.78851e-05  3.39376e-06  3.12982e-05 100.00%
  Percentage           0.06%       89.09%       10.84%      100.00% 100.00%
  -------------------------------------------------------------------------
@file(my_syn.tcl) 21: report_qor > ./reports/qor.rpt
@file(my_syn.tcl) 22: report_area > ./reports/area.rpt
@file(my_syn.tcl) 24: write_hdl > ./outputs/digtimer_netlist.v
@file(my_syn.tcl) 25: write_sdc > ./outputs/digtimer_final.sdc
Finished SDC export (command execution time mm:ss (real) = 00:00).
#@ End verbose source ./my_syn.tcl
WARNING: This version of the tool is 664 days old.
@genus:root: 2> gui_raise

Lic Summary:
[07:05:07.339016] Cdslmd servers: kopo-seongnam
[07:05:07.339043] Feature usage summary:
[07:05:07.339043] Genus_Synthesis

Normal exit.